Firm_ID,Year,NIC,GVA
20MICRONS.NS,2026,24,1283760000.0
20MICRONS.NS,2025,24,1191170000.0
20MICRONS.NS,2024,24,1004039000.0
20MICRONS.NS,2023,24,789175000.0
360ONE.NS,2026,64,28223400000.0
360ONE.NS,2025,64,23043700000.0
360ONE.NS,2024,64,16995600000.0
360ONE.NS,2023,64,12881100000.0
3IINFOLTD.NS,2026,62,689100000.0
3IINFOLTD.NS,2025,62,469800000.0
3IINFOLTD.NS,2023,62,353000000.0
3PLAND.NS,2026,99,29800000.0
3PLAND.NS,2025,99,27800000.0
3PLAND.NS,2024,99,18292000.0
3PLAND.NS,2023,99,14608000.0
5PAISA.NS,2026,64,1010391000.0
5PAISA.NS,2025,64,1272438000.0
5PAISA.NS,2024,64,1058820000.0
5PAISA.NS,2023,64,831500000.0
21STCENMGM.NS,2025,64,195449000.0
21STCENMGM.NS,2024,64,329803000.0
3MINDIA.NS,2026,42,10001700000.0
3MINDIA.NS,2025,42,8398700000.0
3MINDIA.NS,2024,42,8370782000.0
3MINDIA.NS,2023,42,6721467000.0
A2ZINFRA.NS,2025,42,220561000.0
A2ZINFRA.NS,2024,42,58124000.0
AAKASH.NS,2026,19,163606000.0
AAKASH.NS,2025,19,117033000.0
AAKASH.NS,2024,19,177111890.0
AAKASH.NS,2023,19,148310591.0
63MOONS.NS,2024,62,2346898000.0
63MOONS.NS,2023,62,435693000.0
AADHARHFC.NS,2026,64,12892000000.0
AADHARHFC.NS,2025,64,10650000000.0
AADHARHFC.NS,2024,64,19520700000.0
AADHARHFC.NS,2023,64,14958700000.0
AAREYDRUGS.NS,2026,21,132690000.0
AAREYDRUGS.NS,2025,21,127112000.0
AAREYDRUGS.NS,2024,21,113509000.0
AAREYDRUGS.NS,2023,21,101941000.0
AARTECH.NS,2026,42,74480000.0
AARTECH.NS,2025,42,27859000.0
AARTECH.NS,2024,42,33647000.0
AARTECH.NS,2023,42,26706000.0
AAATECH.NS,2026,62,30819000.0
AAATECH.NS,2025,62,51679000.0
AAATECH.NS,2024,62,51569000.0
AAATECH.NS,2023,62,40474000.0
AARON.NS,2025,42,148929000.0
AARON.NS,2024,42,111658000.0
AARON.NS,2023,42,95033000.0
AARON.NS,2022,42,58092000.0
AARTIDRUGS.NS,2026,21,3115800000.0
AARTIDRUGS.NS,2025,21,3034200000.0
AARTIDRUGS.NS,2024,21,3204901000.0
AARTIDRUGS.NS,2023,21,3077995000.0
AARTIIND.NS,2026,24,11790000000.0
AARTIIND.NS,2025,24,10160000000.0
AARTIIND.NS,2024,24,9650500000.0
AARTIIND.NS,2023,24,10278500000.0
AARVI.NS,2026,42,245955000.0
AARVI.NS,2025,42,158687000.0
AARVI.NS,2024,42,148297000.0
AARVI.NS,2023,42,186639000.0
AARTIPHARM.NS,2026,21,3841591000.0
AARTIPHARM.NS,2025,21,4744899000.0
AARTIPHARM.NS,2024,21,3909420000.0
AARTIPHARM.NS,2023,21,3443692000.0
AARTISURF.NS,2026,24,472113000.0
AARTISURF.NS,2025,24,495996000.0
AARTISURF.NS,2024,24,621921000.0
AARTISURF.NS,2023,24,479480000.0
AAVAS.NS,2026,64,6251935000.0
AAVAS.NS,2025,64,5629640000.0
AAVAS.NS,2024,64,6625623000.0
AAVAS.NS,2023,64,5810512000.0
ABBOTINDIA.NS,2026,21,21802200000.0
ABBOTINDIA.NS,2025,21,19701800000.0
ABBOTINDIA.NS,2024,21,17013700000.0
ABBOTINDIA.NS,2023,21,13597800000.0
ABB.NS,2025,42,23948600000.0
ABB.NS,2024,42,26575800000.0
ABB.NS,2023,42,17910800000.0
ABB.NS,2022,42,14787700000.0
ABCOTS.NS,2026,29,424021000.0
ABCOTS.NS,2025,29,328626000.0
ABCOTS.NS,2024,29,273894000.0
ABCOTS.NS,2023,29,109329000.0
ABFRL.NS,2026,29,9270400000.0
ABFRL.NS,2025,29,16564300000.0
ABFRL.NS,2024,29,11546100000.0
ABFRL.NS,2023,29,16160200000.0
ABDL.NS,2026,10,5649746000.0
ABDL.NS,2025,10,4514282000.0
ABDL.NS,2024,10,2434076000.0
ABDL.NS,2023,10,1960597000.0
ABMINTLLTD.NS,2022,24,23633000.0
ABAN.NS,2025,19,3304900000.0
ABAN.NS,2023,19,628110000.0
ABINFRA.NS,2026,42,413994000.0
ABINFRA.NS,2025,42,341390000.0
ABINFRA.NS,2024,42,237510000.0
ABINFRA.NS,2023,42,150475000.0
ABLBL.NS,2026,29,13800300000.0
ABLBL.NS,2025,29,12539600000.0
ABREL.NS,2025,68,894400000.0
ABREL.NS,2024,68,4509800000.0
ABREL.NS,2023,68,7568200000.0
ACC.NS,2026,24,33869400000.0
ACC.NS,2025,24,42363100000.0
ACC.NS,2024,24,37969900000.0
ACC.NS,2022,24,15978600000.0
ACCELYA.NS,2025,62,2060560000.0
ACCELYA.NS,2024,62,1685264000.0
ACCELYA.NS,2023,62,2062982000.0
ACCELYA.NS,2022,62,1420901000.0
ACI.NS,2026,24,2634780000.0
ACI.NS,2025,24,3098239000.0
ACI.NS,2024,24,5044426000.0
ACI.NS,2023,24,6743187000.0
ABSLAMC.NS,2026,64,13163500000.0
ABSLAMC.NS,2025,64,12900100000.0
ABSLAMC.NS,2024,64,10483800000.0
ABSLAMC.NS,2023,64,8320800000.0
ACCURACY.NS,2026,42,310400000.0
ACCURACY.NS,2025,42,311540000.0
ACCURACY.NS,2024,42,242610000.0
ACCURACY.NS,2023,42,357380000.0
ACEINTEG.NS,2024,42,5400000.0
ACEINTEG.NS,2023,42,8500000.0
ACEINTEG.NS,2022,42,16800000.0
ACL.NS,2026,24,199900000.0
ACL.NS,2024,24,85000000.0
ACL.NS,2023,24,9457200000.0
ACE.NS,2026,42,6140100000.0
ACE.NS,2025,42,6060800000.0
ACE.NS,2024,42,4803430000.0
ACE.NS,2023,42,2620343000.0
ACMESOLAR.NS,2026,35,22677140000.0
ACMESOLAR.NS,2025,35,13845560000.0
ACMESOLAR.NS,2024,35,19746380000.0
ACMESOLAR.NS,2023,35,12724030000.0
ADANIENSOL.NS,2026,35,85070700000.0
ADANIENSOL.NS,2025,35,61235200000.0
ADANIENSOL.NS,2024,35,62641600000.0
ADANIENSOL.NS,2023,35,60658300000.0
ADANIPORTS.NS,2026,42,241173100000.0
ADANIPORTS.NS,2025,42,200952300000.0
ADANIPORTS.NS,2024,42,166937000000.0
ADANIPORTS.NS,2023,42,114686600000.0
ADANIGREEN.NS,2026,35,112330000000.0
ADANIGREEN.NS,2025,35,95500000000.0
ADANIGREEN.NS,2024,35,77630000000.0
ADANIGREEN.NS,2023,35,53610000000.0
ADANIENT.NS,2026,19,260529100000.0
ADANIENT.NS,2025,19,195776700000.0
ADANIENT.NS,2024,19,116865200000.0
ADANIENT.NS,2023,19,86774300000.0
ACUTAAS.NS,2025,24,2490028000.0
ACUTAAS.NS,2024,24,1038968000.0
ACUTAAS.NS,2023,24,1269265000.0
ACUTAAS.NS,2022,24,1079379000.0
ADANIPOWER.NS,2026,35,230178500000.0
ADANIPOWER.NS,2025,35,237410000000.0
ADANIPOWER.NS,2024,35,278022700000.0
ADANIPOWER.NS,2023,35,140185400000.0
ADOR.NS,2026,42,1366800000.0
ADOR.NS,2025,42,1093400000.0
ADOR.NS,2024,42,1370100000.0
ADOR.NS,2023,42,930800000.0
ADROITINFO.NS,2026,62,83290000.0
ADROITINFO.NS,2025,62,43249000.0
ADROITINFO.NS,2024,62,56510000.0
ADROITINFO.NS,2023,62,57125000.0
ADL.NS,2026,29,32970000.0
ADL.NS,2025,29,41825000.0
ADL.NS,2024,29,44570000.0
ADL.NS,2023,29,37237000.0
ADVANCE.NS,2026,24,676610000.0
ADVANCE.NS,2025,24,482450000.0
ADVANCE.NS,2024,24,406750000.0
ADVANCE.NS,2023,24,255480000.0
ADSL.NS,2026,62,752900000.0
ADSL.NS,2025,62,987000000.0
ADSL.NS,2024,62,838200000.0
ADSL.NS,2023,62,933800000.0
ADVAIT.NS,2026,42,965057000.0
ADVAIT.NS,2025,42,581320000.0
ADVAIT.NS,2024,42,376264000.0
ADVAIT.NS,2023,42,172872000.0
ADVENZYMES.NS,2026,24,2752570000.0
ADVENZYMES.NS,2025,24,2274770000.0
ADVENZYMES.NS,2024,24,2259910000.0
ADVENZYMES.NS,2023,24,1778380000.0
ADVANIHOTR.NS,2026,29,347458000.0
ADVANIHOTR.NS,2025,29,384153000.0
ADVANIHOTR.NS,2024,29,369198000.0
ADVANIHOTR.NS,2023,29,411526000.0
ADVENTHTL.NS,2026,29,1653906000.0
ADVENTHTL.NS,2025,29,1306778000.0
AEGISLOG.NS,2026,19,17784300000.0
AEGISLOG.NS,2025,19,13063300000.0
AEGISLOG.NS,2024,19,11079487000.0
AEGISLOG.NS,2023,19,8541628000.0
AEGISVOPAK.NS,2026,19,7239180000.0
AEGISVOPAK.NS,2025,19,6064724000.0
AEGISVOPAK.NS,2024,19,4042750000.0
AEGISVOPAK.NS,2023,19,2314050000.0
ADFFOODS.NS,2026,10,1439266000.0
ADFFOODS.NS,2025,10,1124251000.0
ADFFOODS.NS,2024,10,1160017000.0
ADFFOODS.NS,2023,10,913060000.0
AEQUS.NS,2026,42,1585090000.0
AEQUS.NS,2025,42,682280000.0
AEQUS.NS,2024,42,1634860000.0
AEQUS.NS,2023,42,448700000.0
AEROENTER.NS,2026,24,1488500000.0
AEROENTER.NS,2025,24,1298254000.0
AEROENTER.NS,2024,24,3505023000.0
AEROENTER.NS,2023,24,719017000.0
AEPL.NS,2026,42,131149000.0
AEPL.NS,2025,42,117335000.0
AEPL.NS,2024,42,78450000.0
AEPL.NS,2023,42,110471000.0
AERONEU.NS,2026,29,84302000.0
AERONEU.NS,2025,29,62211000.0
AERONEU.NS,2024,29,69302000.0
AERONEU.NS,2023,29,86940000.0
AETHER.NS,2026,24,3755870000.0
AETHER.NS,2025,24,2709310000.0
AETHER.NS,2024,24,1572630000.0
AETHER.NS,2023,24,2019560000.0
AFCONS.NS,2026,42,15143200000.0
AFCONS.NS,2025,42,18303100000.0
AFCONS.NS,2024,42,15831400000.0
AFCONS.NS,2023,42,13737890000.0
AFIL.NS,2026,64,574716000.0
AFIL.NS,2025,64,463655600.0
AFIL.NS,2024,64,244804000.0
AFIL.NS,2023,64,201072000.0
AFFORDABLE.NS,2026,42,171627000.0
AFFORDABLE.NS,2024,42,153310000.0
AFFORDABLE.NS,2023,42,83028000.0
AFFLE.NS,2026,61,6883050000.0
AFFLE.NS,2025,61,5769260000.0
AFFLE.NS,2024,61,4124510000.0
AFFLE.NS,2023,61,3370930000.0
AGARIND.NS,2026,24,1348614000.0
AGARIND.NS,2025,24,2126902000.0
AGARIND.NS,2024,24,1779419000.0
AGARIND.NS,2023,24,1440295000.0
AGARWALEYE.NS,2026,21,6153400000.0
AGARWALEYE.NS,2025,21,4993800000.0
AGARWALEYE.NS,2024,21,4065600000.0
AGARWALEYE.NS,2023,21,2838600000.0
AFSL.NS,2026,64,1638831000.0
AFSL.NS,2025,64,1919226000.0
AFSL.NS,2024,64,1378030000.0
AFSL.NS,2023,64,794757000.0
AGI.NS,2026,29,6847800000.0
AGI.NS,2025,29,6886700000.0
AGI.NS,2024,29,5882718000.0
AGI.NS,2023,29,4879026000.0
AGRITECH.NS,2024,10,97571000.0
AGSTRA.NS,2024,62,2142130000.0
AGSTRA.NS,2023,62,4200960000.0
AGSTRA.NS,2022,62,4240410000.0
AGIIL.NS,2026,68,1326949000.0
AGIIL.NS,2025,68,1051103000.0
AGIIL.NS,2024,68,845992000.0
AGIIL.NS,2023,68,641828000.0
AGROPHOS.NS,2026,24,165745000.0
AGROPHOS.NS,2025,24,146588000.0
AGROPHOS.NS,2023,24,103543000.0
AHLADA.NS,2025,42,208834000.0
AHLADA.NS,2024,42,364266000.0
AHLADA.NS,2023,42,251144000.0
AHLADA.NS,2022,42,264783000.0
AHCL.NS,2026,21,477720000.0
AHCL.NS,2025,21,323773000.0
AHCL.NS,2024,21,157152000.0
AHCL.NS,2023,21,126485000.0
AIIL.NS,2026,64,21021000000.0
AIIL.NS,2025,64,40427700000.0
AIIL.NS,2024,64,42982600000.0
AIIL.NS,2023,64,46415600000.0
AHLWEST.NS,2026,29,1808201000.0
AHLWEST.NS,2025,29,1534896000.0
AHLWEST.NS,2024,29,1280084000.0
AHLWEST.NS,2023,29,1493448000.0
AIAENG.NS,2026,42,17409760000.0
AIAENG.NS,2025,42,14925954000.0
AIAENG.NS,2024,42,16166694000.0
AIAENG.NS,2023,42,14751802000.0
AHLEAST.NS,2025,29,707622000.0
AHLEAST.NS,2024,29,616211000.0
AHLEAST.NS,2023,29,327106000.0
AHLEAST.NS,2022,29,138734000.0
AHLUCONT.NS,2026,42,5075681000.0
AHLUCONT.NS,2025,42,3977442000.0
AHLUCONT.NS,2024,42,5871548000.0
AHLUCONT.NS,2023,42,3211054000.0
AIROLAM.NS,2025,29,147119000.0
AIROLAM.NS,2024,29,200092000.0
AIROLAM.NS,2023,29,166538000.0
AIROLAM.NS,2022,29,144583036.0
AJMERA.NS,2026,68,3063300000.0
AJMERA.NS,2025,68,2458000000.0
AJMERA.NS,2024,68,2090474000.0
AJMERA.NS,2023,68,1339605000.0
AJAXENGG.NS,2026,42,3118780000.0
AJAXENGG.NS,2025,42,3181350000.0
AJAXENGG.NS,2024,42,3142170000.0
AJAXENGG.NS,2023,42,1921820000.0
AIRAN.NS,2026,62,214875000.0
AIRAN.NS,2025,62,292284000.0
AIRAN.NS,2024,62,226361000.0
AIRAN.NS,2023,62,195762000.0
AJANTPHARM.NS,2026,21,15669000000.0
AJANTPHARM.NS,2025,21,13540000000.0
AJANTPHARM.NS,2024,21,12565400000.0
AJANTPHARM.NS,2023,21,8818900000.0
AKASH.NS,2026,42,74984000.0
AKASH.NS,2025,42,69114000.0
AKASH.NS,2024,42,51842000.0
AKASH.NS,2023,42,67814000.0
AJOONI.NS,2025,10,57217000.0
AJOONI.NS,2024,10,44190000.0
AJOONI.NS,2023,10,30503000.0
AJOONI.NS,2022,10,29700000.0
AKG.NS,2026,42,13417000.0
AKG.NS,2025,42,22495000.0
AKG.NS,2024,42,34083000.0
AKG.NS,2023,42,42121000.0
AKSHARCHEM.NS,2026,24,189012000.0
AKSHARCHEM.NS,2025,24,250888000.0
AKSHARCHEM.NS,2024,24,15087000.0
AKSHARCHEM.NS,2023,24,150713000.0
AKSHAR.NS,2024,29,106601000.0
AKSHAR.NS,2023,29,17441000.0
AKI.NS,2026,29,68498000.0
AKI.NS,2025,29,63690000.0
AKI.NS,2024,29,53875000.0
AKI.NS,2023,29,50569000.0
AEROFLEX.NS,2026,42,1010977000.0
AEROFLEX.NS,2025,42,815796000.0
AEROFLEX.NS,2024,42,654961000.0
AEROFLEX.NS,2023,42,494385000.0
AKSHOPTFBR.NS,2026,62,68745000.0
AKSHOPTFBR.NS,2023,62,350049000.0
ALGOQUANT.NS,2026,64,528021000.0
ALGOQUANT.NS,2025,64,482812000.0
ALGOQUANT.NS,2024,64,358752000.0
ALANKIT.NS,2026,62,391421000.0
ALANKIT.NS,2025,62,451599000.0
ALANKIT.NS,2024,62,357564000.0
ALBERTDAVD.NS,2026,21,129199000.0
ALBERTDAVD.NS,2025,21,326070000.0
ALBERTDAVD.NS,2024,21,1043177000.0
ALBERTDAVD.NS,2023,21,596238000.0
AKUMS.NS,2026,21,6307250000.0
AKUMS.NS,2025,21,5332990000.0
AKUMS.NS,2024,21,1306130000.0
AKUMS.NS,2023,21,3090790000.0
ALEMBICLTD.NS,2026,68,1634300000.0
ALEMBICLTD.NS,2025,68,1686000000.0
ALEMBICLTD.NS,2024,68,1116340000.0
ALEMBICLTD.NS,2023,68,939864000.0
ALICON.NS,2026,42,1957243000.0
ALICON.NS,2025,42,1978989000.0
ALICON.NS,2024,42,1970231000.0
ALICON.NS,2023,42,1558344000.0
ALKALI.NS,2026,24,83371000.0
ALKALI.NS,2024,24,86342000.0
ALKALI.NS,2023,24,106442000.0
ALIVUS.NS,2026,21,8320380000.0
ALIVUS.NS,2025,21,7171540000.0
ALIVUS.NS,2024,21,6862880000.0
ALIVUS.NS,2023,21,6712500000.0
ALKYLAMINE.NS,2026,24,3158262000.0
ALKYLAMINE.NS,2025,24,3204494000.0
ALKYLAMINE.NS,2024,24,2651826000.0
ALKYLAMINE.NS,2023,24,3564620000.0
ALLCARGO.NS,2026,42,2680000000.0
ALLCARGO.NS,2025,42,2700000000.0
ALLCARGO.NS,2024,42,6920100000.0
ALLCARGO.NS,2023,42,12481700000.0
ALLDIGI.NS,2026,42,1636700000.0
ALLDIGI.NS,2025,42,1572800000.0
ALLDIGI.NS,2024,42,1230900000.0
ALLDIGI.NS,2023,42,964600000.0
ALLTIME.NS,2026,10,923401000.0
ALLTIME.NS,2025,10,1024061000.0
ALLTIME.NS,2024,10,998220000.0
ALLTIME.NS,2023,10,731000000.0
ALKEM.NS,2026,21,34137300000.0
ALKEM.NS,2025,21,30058900000.0
ALKEM.NS,2024,21,24181400000.0
ALKEM.NS,2023,21,17089400000.0
ALMONDZ.NS,2026,64,431000000.0
ALMONDZ.NS,2025,64,276400000.0
ALMONDZ.NS,2024,64,419110000.0
ALMONDZ.NS,2023,64,219802000.0
ALPA.NS,2026,21,190470000.0
ALPA.NS,2025,21,281011000.0
ALPA.NS,2024,21,229595000.0
ALPA.NS,2023,21,173020000.0
ALOKINDS.NS,2026,29,1328800000.0
ALOKINDS.NS,2025,29,1148600000.0
ALPHAGEO.NS,2025,19,67769000.0
ALPHAGEO.NS,2024,19,183457000.0
ALPHAGEO.NS,2023,19,306492000.0
AMBALALSA.NS,2026,21,265362000.0
AMBALALSA.NS,2025,21,131050000.0
AMBALALSA.NS,2024,21,159188000.0
AMBALALSA.NS,2023,21,203145000.0
AMAGI.NS,2026,62,1148970000.0
AMANTA.NS,2026,21,606004000.0
AMANTA.NS,2025,21,610537000.0
AMANTA.NS,2024,21,575160000.0
AMANTA.NS,2023,21,554215000.0
AMBER.NS,2026,29,9433666000.0
AMBER.NS,2025,29,8069993000.0
AMBER.NS,2024,29,5306440000.0
AMBER.NS,2023,29,4554187000.0
AMBIKCO.NS,2026,29,1294300000.0
AMBIKCO.NS,2025,29,1298300000.0
AMBIKCO.NS,2024,29,1319903000.0
AMBIKCO.NS,2023,29,1886556000.0
AMBICAAGAR.NS,2026,10,186275000.0
AMBICAAGAR.NS,2025,10,155518000.0
AMBICAAGAR.NS,2024,10,102580000.0
AMBICAAGAR.NS,2023,10,135157000.0
AMDIND.NS,2026,29,182081000.0
AMDIND.NS,2025,29,268510000.0
AMDIND.NS,2024,29,222899000.0
AMDIND.NS,2023,29,480711000.0
AMJLAND.NS,2026,68,241473000.0
AMJLAND.NS,2025,68,350779000.0
AMJLAND.NS,2024,68,181164000.0
AMJLAND.NS,2023,68,129967000.0
AMIRCHAND.NS,2025,10,1563430000.0
AMIRCHAND.NS,2024,10,1043240000.0
AMIRCHAND.NS,2023,10,737280000.0
ANANTRAJ.NS,2026,68,7231500000.0
ANANTRAJ.NS,2025,68,5319800000.0
ANANTRAJ.NS,2024,68,3697932000.0
ANANTRAJ.NS,2023,68,2446087000.0
AMNPLST.NS,2026,24,604861000.0
AMNPLST.NS,2025,24,702566000.0
AMNPLST.NS,2024,24,718195000.0
AMNPLST.NS,2023,24,452346000.0
ANDHRSUGAR.NS,2026,24,2048375000.0
ANDHRSUGAR.NS,2025,24,1203332000.0
ANDHRSUGAR.NS,2024,24,1450230000.0
ANDHRSUGAR.NS,2023,24,3157128000.0
ANGELONE.NS,2026,64,17999660000.0
ANGELONE.NS,2025,64,19442990000.0
ANGELONE.NS,2024,64,16714380000.0
ANGELONE.NS,2023,64,12918090000.0
ANANDRATHI.NS,2026,64,5857779000.0
ANANDRATHI.NS,2025,64,4414287000.0
ANANDRATHI.NS,2024,64,3314342000.0
ANANDRATHI.NS,2023,64,2489330000.0
AMRUTANJAN.NS,2026,21,844018000.0
AMRUTANJAN.NS,2025,21,758793000.0
AMRUTANJAN.NS,2024,21,681596000.0
AMRUTANJAN.NS,2023,21,589340000.0
ANDHRAPAP.NS,2026,24,1508930000.0
ANDHRAPAP.NS,2025,24,2232899000.0
ANDHRAPAP.NS,2024,24,5253940000.0
ANDHRAPAP.NS,2023,24,7708760000.0
ANIKINDS.NS,2025,10,47533000.0
ANIKINDS.NS,2024,10,57597000.0
ANIKINDS.NS,2023,10,96055000.0
ANIKINDS.NS,2022,10,217792000.0
ANSALAPI.NS,2024,68,71798000.0
ANSALAPI.NS,2022,68,154336000.0
ANTELOPUS.NS,2026,19,1674900000.0
ANTELOPUS.NS,2025,19,1469000000.0
ANTELOPUS.NS,2024,19,834329000.0
ANTELOPUS.NS,2023,19,627098000.0
ANTGRAPHIC.NS,2023,29,1129000.0
ANTGRAPHIC.NS,2022,29,1287000.0
ANMOL.NS,2026,19,289800000.0
ANMOL.NS,2025,19,256700000.0
ANMOL.NS,2024,19,341449000.0
ANMOL.NS,2023,19,321053909.78
ANUHPHR.NS,2026,21,660759000.0
ANUHPHR.NS,2025,21,703640000.0
ANUHPHR.NS,2024,21,872469000.0
ANUHPHR.NS,2023,21,573890000.0
ANTHEM.NS,2026,21,9652040000.0
ANTHEM.NS,2025,21,7565680000.0
ANTHEM.NS,2024,21,5684180000.0
ANTHEM.NS,2023,21,5692720000.0
ANUP.NS,2026,42,1758398000.0
ANUP.NS,2025,42,1703581000.0
ANUP.NS,2024,42,1354077000.0
ANUP.NS,2023,42,826222000.0
APARINDS.NS,2025,42,15015300000.0
APARINDS.NS,2024,42,15047300000.0
APARINDS.NS,2023,42,11336500000.0
APARINDS.NS,2022,42,5069400000.0
APCL.NS,2026,24,352000000.0
APCL.NS,2024,24,296300000.0
APCL.NS,2023,24,237800000.0
ANURAS.NS,2025,24,4021050000.0
ANURAS.NS,2024,24,4008970000.0
ANURAS.NS,2023,24,4276690000.0
ANURAS.NS,2022,24,3061240000.0
APCOTEXIND.NS,2026,24,1942338000.0
APCOTEXIND.NS,2025,24,1340392000.0
APCOTEXIND.NS,2024,24,1208495000.0
APCOTEXIND.NS,2023,24,1652762000.0
APEX.NS,2026,10,728698000.0
APEX.NS,2025,10,297303000.0
APEX.NS,2024,10,435953000.0
APEX.NS,2023,10,836903000.0
APLAPOLLO.NS,2026,24,19136700000.0
APLAPOLLO.NS,2025,24,12950400000.0
APLAPOLLO.NS,2024,24,12575200000.0
APLAPOLLO.NS,2023,24,10624200000.0
AMBUJACEM.NS,2026,24,70927900000.0
AMBUJACEM.NS,2025,24,86166500000.0
AMBUJACEM.NS,2024,24,78003800000.0
AMBUJACEM.NS,2022,24,41884100000.0
APOLLOHOSP.NS,2026,21,39866000000.0
APOLLOHOSP.NS,2025,21,32551000000.0
APOLLOHOSP.NS,2024,21,24776000000.0
APOLLOHOSP.NS,2023,21,20728000000.0
APLLTD.NS,2026,21,11061300000.0
APLLTD.NS,2025,21,10645300000.0
APLLTD.NS,2024,21,9606900000.0
APLLTD.NS,2023,21,6801900000.0
APOLLOTYRE.NS,2026,29,32437170000.0
APOLLOTYRE.NS,2025,29,34916310000.0
APOLLOTYRE.NS,2024,29,45134510000.0
APOLLOTYRE.NS,2023,29,33627330000.0
APOLLO.NS,2026,42,2244361000.0
APOLLO.NS,2025,42,1320950000.0
APOLLO.NS,2024,42,703086000.0
APOLLO.NS,2023,42,513482000.0
APOLSINHOT.NS,2026,42,365269000.0
APOLSINHOT.NS,2025,42,290110000.0
APOLSINHOT.NS,2024,42,347036000.0
APOLSINHOT.NS,2023,42,366507000.0
APTECHT.NS,2026,10,452648000.0
APTECHT.NS,2025,10,442439000.0
APTECHT.NS,2024,10,501156000.0
APTECHT.NS,2023,10,888995000.0
APOLLOPIPE.NS,2026,42,769076000.0
APOLLOPIPE.NS,2025,42,1009351000.0
APOLLOPIPE.NS,2024,42,997539000.0
APOLLOPIPE.NS,2023,42,699900000.0
AQYLON.NS,2026,61,105547000.0
ARCHIES.NS,2026,29,42777000.0
ARCHIES.NS,2025,29,94729000.0
ARCHIES.NS,2024,29,55044000.0
ARCHIES.NS,2023,29,164304000.0
ARCHIDPLY.NS,2026,24,422674000.0
ARCHIDPLY.NS,2025,24,234220000.0
ARCHIDPLY.NS,2024,24,238490000.0
ARCHIDPLY.NS,2023,24,258679000.0
ARE&M.NS,2026,42,18585900000.0
ARE&M.NS,2025,42,18431300000.0
ARE&M.NS,2024,42,17649800000.0
ARE&M.NS,2023,42,14753700000.0
ARFIN.NS,2026,24,470832000.0
ARFIN.NS,2025,24,382585000.0
ARFIN.NS,2024,24,307890000.0
ARFIN.NS,2023,24,270561000.0
ARIHANTCAP.NS,2026,64,669199000.0
ARIHANTCAP.NS,2025,64,1002333000.0
ARIHANTCAP.NS,2024,64,1076702000.0
ARIHANTCAP.NS,2023,64,503268000.0
ARENTERP.NS,2026,24,687000.0
ARENTERP.NS,2025,24,2056000.0
ARENTERP.NS,2024,24,9108100.0
ARENTERP.NS,2023,24,3174210.0
ARIHANT.NS,2026,68,1093500000.0
ARIHANT.NS,2025,68,797100000.0
ARIHANT.NS,2024,68,437820000.0
ARIHANT.NS,2023,68,338103000.0
ARIS.NS,2026,42,1105850000.0
ARIS.NS,2025,42,570060000.0
ARIS.NS,2024,42,183150000.0
ARIS.NS,2023,42,69410000.0
ARIHANTSUP.NS,2026,68,1316042000.0
ARIHANTSUP.NS,2025,68,1096640000.0
ARIHANTSUP.NS,2024,68,1126105000.0
ARIHANTSUP.NS,2023,68,798295000.0
ARKADE.NS,2026,68,190153000.0
ARKADE.NS,2025,68,2180686000.0
ARKADE.NS,2024,68,1666416000.0
ARKADE.NS,2023,68,678840000.0
ARMANFIN.NS,2026,64,1905987000.0
ARMANFIN.NS,2025,64,2494202000.0
ARMANFIN.NS,2024,64,2295947000.0
ARMANFIN.NS,2023,64,1262087000.0
ARROWGREEN.NS,2026,29,731100000.0
ARROWGREEN.NS,2025,29,936100000.0
ARROWGREEN.NS,2024,29,488100000.0
ARROWGREEN.NS,2023,29,254600000.0
AROGRANITE.NS,2026,42,133192000.0
AROGRANITE.NS,2025,42,159627000.0
AROGRANITE.NS,2024,42,312344000.0
AROGRANITE.NS,2023,42,196006000.0
ARTNIRMAN.NS,2025,68,36214000.0
ARTNIRMAN.NS,2024,68,23420000.0
ARTNIRMAN.NS,2023,68,9968000.0
ARSHIYA.NS,2022,42,6652182000.0
ARVINDFASN.NS,2026,29,7220400000.0
ARVINDFASN.NS,2025,29,6366400000.0
ARVINDFASN.NS,2024,29,5333400000.0
ARVINDFASN.NS,2023,29,4887600000.0
ARSSBL.NS,2026,64,3708030000.0
ARSSBL.NS,2025,64,3044940000.0
ARSSBL.NS,2024,64,2231890000.0
ARSSBL.NS,2023,64,1058630000.0
ARVEE.NS,2025,24,41719360.0
ARVEE.NS,2024,24,35165790.0
ARVEE.NS,2023,24,85320810.0
ARVEE.NS,2022,24,61458600.0
ARVIND.NS,2026,29,10502200000.0
ARVIND.NS,2025,29,9173500000.0
ARVIND.NS,2024,29,8883900000.0
ARVIND.NS,2023,29,8967000000.0
ASAHISONG.NS,2026,24,565275000.0
ASAHISONG.NS,2025,24,602144000.0
ASAHISONG.NS,2024,24,459140000.0
ASAHISONG.NS,2023,24,102931000.0
ASAL.NS,2026,29,590753000.0
ASAL.NS,2025,29,513518000.0
ASAL.NS,2024,29,498034000.0
ASAL.NS,2023,29,330814000.0
ARVSMART.NS,2026,68,1723621000.0
ARVSMART.NS,2025,68,1909641000.0
ARVSMART.NS,2024,68,1211561000.0
ARVSMART.NS,2023,68,562808000.0
ASAHIINDIA.NS,2026,29,9478800000.0
ASAHIINDIA.NS,2025,29,8346600000.0
ASAHIINDIA.NS,2024,29,7543100000.0
ASAHIINDIA.NS,2023,29,8237700000.0
ASHAPURMIN.NS,2026,24,6951700000.0
ASHAPURMIN.NS,2025,24,4713700000.0
ASHAPURMIN.NS,2024,24,4562579000.0
ASHAPURMIN.NS,2023,24,2715526000.0
ASALCBR.NS,2026,10,1489756000.0
ASALCBR.NS,2025,10,1327412000.0
ASALCBR.NS,2024,10,850027000.0
ASALCBR.NS,2023,10,708291000.0
ASHIANA.NS,2026,68,1774700000.0
ASHIANA.NS,2025,68,422900000.0
ASHIANA.NS,2024,68,1191281000.0
ASHIANA.NS,2023,68,457798000.0
ASHOKA.NS,2026,42,42049297000.0
ASHOKA.NS,2025,42,30898009000.0
ASHOKA.NS,2024,42,23885806000.0
ASHOKA.NS,2023,42,19951864000.0
ASHIMASYN.NS,2026,68,30800000.0
ASHIMASYN.NS,2025,68,71900000.0
ASHIMASYN.NS,2024,68,735200000.0
ASIANPAINT.NS,2026,24,74277000000.0
ASIANPAINT.NS,2025,24,63564300000.0
ASIANPAINT.NS,2024,24,84059400000.0
ASIANPAINT.NS,2023,24,66913000000.0
ASHOKLEY.NS,2026,42,109970000000.0
ASHOKLEY.NS,2025,42,96131900000.0
ASHOKLEY.NS,2024,42,80156100000.0
ASHOKLEY.NS,2023,42,52586500000.0
ASHOKAMET.NS,2026,24,160968000.0
ASHOKAMET.NS,2025,24,101799000.0
ASHOKAMET.NS,2024,24,86797000.0
ASHOKAMET.NS,2023,24,51830000.0
ASIANENE.NS,2026,19,983513000.0
ASIANENE.NS,2025,19,777090000.0
ASIANENE.NS,2024,19,477572000.0
ASIANHOTNR.NS,2025,29,3876518000.0
ASIANHOTNR.NS,2024,29,569099000.0
ASIANHOTNR.NS,2023,29,449356000.0
ARIES.NS,2026,24,888579000.0
ARIES.NS,2025,24,722821000.0
ARIES.NS,2024,24,574266000.0
ARIES.NS,2023,24,549193000.0
ASIANTILES.NS,2026,42,1204214000.0
ASIANTILES.NS,2025,42,1043700000.0
ASIANTILES.NS,2024,42,602896000.0
ASKAUTOLTD.NS,2026,29,5532400000.0
ASKAUTOLTD.NS,2025,29,4500300000.0
ASKAUTOLTD.NS,2024,29,3273000000.0
ASKAUTOLTD.NS,2023,29,2415387000.0
ASMS.NS,2026,62,56753000.0
ASMS.NS,2025,62,24545000.0
ASMS.NS,2024,62,6809000.0
ASMS.NS,2023,62,1600601000.0
ASTEC.NS,2023,24,887581000.0
ASPINWALL.NS,2026,10,276900000.0
ASPINWALL.NS,2025,10,252000000.0
ASPINWALL.NS,2024,10,180200000.0
ASPINWALL.NS,2023,10,417100000.0
ASTRAMICRO.NS,2026,62,3600467000.0
ASTRAMICRO.NS,2025,62,2959057000.0
ASTRAMICRO.NS,2024,62,2062929000.0
ASTRAMICRO.NS,2023,62,1426705000.0
ASTRAL.NS,2026,42,10541000000.0
ASTRAL.NS,2025,42,9792000000.0
ASTRAL.NS,2024,42,9532000000.0
ASTRAL.NS,2023,42,8074000000.0
ASTERDM.NS,2025,21,8333100000.0
ASTERDM.NS,2024,21,13550300000.0
ASTERDM.NS,2023,21,10610500000.0
ASTERDM.NS,2022,21,15344500000.0
ATAM.NS,2026,42,49338000.0
ATAM.NS,2025,42,100255000.0
ATAM.NS,2024,42,97366000.0
ATAM.NS,2023,42,111424000.0
ASTRON.NS,2024,24,7925000.0
ASTRON.NS,2022,24,267704000.0
ASTRAZEN.NS,2026,21,2852700000.0
ASTRAZEN.NS,2025,21,1978100000.0
ASTRAZEN.NS,2024,21,2356800000.0
ASTRAZEN.NS,2023,21,1509900000.0
ATGL.NS,2026,35,12376200000.0
ATGL.NS,2025,35,11652700000.0
ATGL.NS,2024,35,11526100000.0
ATGL.NS,2023,35,8999700000.0
ATALREAL.NS,2026,42,113729000.0
ATALREAL.NS,2025,42,78079000.0
ATALREAL.NS,2024,42,50386615.0
ATALREAL.NS,2023,42,46628000.0
ATLANTAA.NS,2026,42,558414000.0
ATLANTAA.NS,2025,42,641735000.0
ATLANTAA.NS,2024,42,5312169000.0
ATLANTAA.NS,2023,42,222979000.0
ATLANTAELE.NS,2026,42,3588535000.0
ATLANTAELE.NS,2025,42,1998820000.0
ATLANTAELE.NS,2024,42,1092270000.0
ATLANTAELE.NS,2023,42,1289490000.0
ATLASCYCLE.NS,2025,29,113900000.0
ATLASCYCLE.NS,2024,29,28085000.0
ATL.NS,2026,42,1801500000.0
ATL.NS,2025,42,1441900000.0
ATL.NS,2024,42,1340249000.0
ATL.NS,2023,42,1585164000.0
ATUL.NS,2026,24,12400600000.0
ATUL.NS,2025,24,10332900000.0
ATUL.NS,2024,24,7043000000.0
ATUL.NS,2023,24,8933200000.0
ATULAUTO.NS,2026,29,848700000.0
ATULAUTO.NS,2025,29,548200000.0
ATULAUTO.NS,2024,29,399200000.0
ATULAUTO.NS,2023,29,349100000.0
AURIGROW.NS,2024,42,20504000.0
AURIGROW.NS,2022,42,20272000.0
AURIONPRO.NS,2026,62,3092179000.0
AURIONPRO.NS,2025,62,2655209000.0
AURIONPRO.NS,2024,62,1990109000.0
AURIONPRO.NS,2023,62,1463778000.0
AURUM.NS,2026,68,1156400000.0
AURUM.NS,2025,68,601300000.0
AURUM.NS,2024,68,206900000.0
AUTOIND.NS,2026,29,1065400000.0
AUTOIND.NS,2025,29,689800000.0
AUTOIND.NS,2024,29,534081000.0
AUTOIND.NS,2023,29,489831000.0
AVADHSUGAR.NS,2026,10,2240738000.0
AVADHSUGAR.NS,2025,10,2798209000.0
AVADHSUGAR.NS,2024,10,3335175000.0
AVADHSUGAR.NS,2023,10,2640270000.0
AUTOAXLES.NS,2026,29,2572560000.0
AUTOAXLES.NS,2025,29,2472300000.0
AUTOAXLES.NS,2024,29,2616230000.0
AUTOAXLES.NS,2023,29,2622490000.0
AVALON.NS,2026,62,2022520000.0
AVALON.NS,2025,62,1319860000.0
AVALON.NS,2024,62,710940000.0
AVALON.NS,2023,62,1133420000.0
AUROPHARMA.NS,2026,21,72740100000.0
AUROPHARMA.NS,2025,21,71729500000.0
AUROPHARMA.NS,2024,21,61399900000.0
AUROPHARMA.NS,2023,21,39860300000.0
AUSOMENT.NS,2026,64,264719000.0
AUSOMENT.NS,2025,64,223368000.0
AUSOMENT.NS,2024,64,128972000.0
AUSOMENT.NS,2023,64,32852000.0
AVANTIFEED.NS,2026,10,9462392000.0
AVANTIFEED.NS,2025,10,7985337000.0
AVANTIFEED.NS,2024,10,5938200000.0
AVANTIFEED.NS,2023,10,4697107000.0
AVONMORE.NS,2026,64,366400000.0
AVONMORE.NS,2025,64,530400000.0
AVONMORE.NS,2024,64,280575000.0
AVONMORE.NS,2023,64,1590843000.0
AVG.NS,2025,42,952870000.0
AVG.NS,2024,42,1077294000.0
AVG.NS,2023,42,480689000.0
AVG.NS,2022,42,276100000.0
AVANTEL.NS,2026,62,487643000.0
AVANTEL.NS,2025,62,928841000.0
AVANTEL.NS,2024,62,823204000.0
AVANTEL.NS,2023,62,466255000.0
AVTNPL.NS,2026,24,1032512000.0
AVTNPL.NS,2025,24,864859000.0
AVTNPL.NS,2024,24,900029000.0
AVTNPL.NS,2023,24,1210576000.0
AVL.NS,2026,29,2362400000.0
AVL.NS,2025,29,2118400000.0
AVL.NS,2024,29,1740124000.0
AVL.NS,2023,29,1359192000.0
AWFIS.NS,2026,42,6424040000.0
AWFIS.NS,2025,42,4806910000.0
AWFIS.NS,2024,42,2701890000.0
AWFIS.NS,2023,42,1756230000.0
AVROIND.NS,2026,29,124144000.0
AVROIND.NS,2025,29,95064000.0
AVROIND.NS,2024,29,97911000.0
AVROIND.NS,2023,29,85998000.0
AWL.NS,2026,10,25227800000.0
AWL.NS,2025,10,27197800000.0
AWL.NS,2024,10,12634100000.0
AWL.NS,2023,10,16017300000.0
AWHCL.NS,2026,42,2363419000.0
AWHCL.NS,2025,42,2441296000.0
AWHCL.NS,2024,42,1923864000.0
AWHCL.NS,2023,42,1586080000.0
AXISCADES.NS,2026,42,1889402000.0
AXISCADES.NS,2025,42,1594115000.0
AXISCADES.NS,2024,42,1391053000.0
AXISCADES.NS,2023,42,799698000.0
AZAD.NS,2026,42,2709670000.0
AZAD.NS,2025,42,1719000000.0
AZAD.NS,2024,42,1340570000.0
AZAD.NS,2023,42,564110000.0
AYE.NS,2026,64,4538400000.0
AYE.NS,2025,64,4150100000.0
AYE.NS,2024,64,3578510000.0
AYE.NS,2023,64,1884730000.0
AXITA.NS,2026,29,52402000.0
AXITA.NS,2025,29,35797000.0
AXITA.NS,2024,29,290527000.0
AXITA.NS,2023,29,244125000.0
BAFNAPH.NS,2026,21,207039000.0
BAFNAPH.NS,2025,21,117735000.0
BAFNAPH.NS,2024,21,142808000.0
BAFNAPH.NS,2023,21,187482000.0
AYMSYNTEX.NS,2026,29,1033300000.0
AYMSYNTEX.NS,2025,29,1241400000.0
AYMSYNTEX.NS,2024,29,895251000.0
AYMSYNTEX.NS,2023,29,924534000.0
BAGFILMS.NS,2026,61,189506000.0
BAGFILMS.NS,2025,61,247271000.0
BAGFILMS.NS,2024,61,232278000.0
BAGFILMS.NS,2023,61,132892000.0
BAIDFIN.NS,2026,64,267887000.0
BAIDFIN.NS,2025,64,198428000.0
BAIDFIN.NS,2024,64,185804000.0
BAIDFIN.NS,2023,64,166515000.0
BAJAJ-AUTO.NS,2026,29,157648200000.0
BAJAJ-AUTO.NS,2025,29,110266600000.0
BAJAJ-AUTO.NS,2024,29,104651700000.0
BAJAJ-AUTO.NS,2023,29,81673400000.0
BAJAJHCARE.NS,2026,21,787051000.0
BAJAJHCARE.NS,2025,21,1018299000.0
BAJAJHCARE.NS,2024,21,438252000.0
BAJAJHCARE.NS,2023,21,1219365000.0
BAJAJCON.NS,2026,10,2483297000.0
BAJAJCON.NS,2025,10,1634596000.0
BAJAJCON.NS,2024,10,1998376000.0
BAJAJCON.NS,2023,10,1781532000.0
BAJAJELEC.NS,2026,29,1087400000.0
BAJAJELEC.NS,2025,29,3836000000.0
BAJAJELEC.NS,2024,29,3423833000.0
BAJAJELEC.NS,2023,29,4189427000.0
BAJAJHIND.NS,2026,10,3739800000.0
BAJAJHIND.NS,2025,10,3077700000.0
BAJAJHIND.NS,2024,10,2892400000.0
BAJAJHIND.NS,2023,10,2851600000.0
BAJAJHFL.NS,2026,64,34817500000.0
BAJAJHFL.NS,2025,64,27052200000.0
BAJAJHFL.NS,2024,64,22038200000.0
BAJAJHFL.NS,2023,64,17362300000.0
BALAJEE.NS,2026,29,456811000.0
BALAJEE.NS,2025,29,734242000.0
BALAJEE.NS,2024,29,731844000.0
BALAJEE.NS,2023,29,489290000.0
BAJAJINDEF.NS,2026,42,308368000.0
BAJAJINDEF.NS,2025,42,475463000.0
BAJEL.NS,2026,35,1102945000.0
BAJEL.NS,2025,35,901665000.0
BAJEL.NS,2024,35,229960000.0
BAJEL.NS,2023,35,133986000.0
BALAJITELE.NS,2025,61,7109000.0
BALAJITELE.NS,2024,61,518277000.0
BALAJITELE.NS,2023,61,386343000.0
BALAMINES.NS,2026,24,2942403000.0
BALAMINES.NS,2025,24,2653538000.0
BALAMINES.NS,2024,24,3508984000.0
BALAMINES.NS,2023,24,6206534000.0
BALKRISIND.NS,2026,29,25522600000.0
BALKRISIND.NS,2025,29,29963900000.0
BALKRISIND.NS,2024,29,26924400000.0
BALKRISIND.NS,2023,29,20480900000.0
BALKRISHNA.NS,2024,29,21936000.0
BALAXI.NS,2026,21,113494000.0
BALAXI.NS,2025,21,334988000.0
BALAXI.NS,2024,21,57908000.0
BALAXI.NS,2023,21,591748000.0
BALMLAWRIE.NS,2026,42,3971503000.0
BALMLAWRIE.NS,2025,42,3626045000.0
BALMLAWRIE.NS,2024,42,3489935000.0
BALMLAWRIE.NS,2023,42,2339548000.0
BALRAMCHIN.NS,2026,10,8145509000.0
BALRAMCHIN.NS,2025,10,8282547000.0
BALRAMCHIN.NS,2024,10,9918611000.0
BALRAMCHIN.NS,2023,10,5862610000.0
BANARBEADS.NS,2026,29,56374000.0
BANARBEADS.NS,2025,29,61144000.0
BANARBEADS.NS,2024,29,49265000.0
BANARBEADS.NS,2023,29,48379000.0
BALUFORGE.NS,2026,42,3324575000.0
BALUFORGE.NS,2025,42,2682503000.0
BALUFORGE.NS,2024,42,1244718000.0
BALUFORGE.NS,2023,42,603853000.0
BALPHARMA.NS,2026,21,338307000.0
BALPHARMA.NS,2025,21,317628000.0
BALPHARMA.NS,2024,21,336008000.0
BALPHARMA.NS,2023,21,243728000.0
BANARISUG.NS,2026,10,2406533000.0
BANARISUG.NS,2025,10,2365516000.0
BANARISUG.NS,2024,10,3126502000.0
BANARISUG.NS,2023,10,3429906000.0
BANKA.NS,2024,42,40190000.0
BANKA.NS,2023,42,66062000.0
BANKA.NS,2022,42,58915000.0
BANCOINDIA.NS,2026,29,8012500000.0
BANCOINDIA.NS,2025,29,6541800000.0
BANCOINDIA.NS,2024,29,4587113000.0
BANCOINDIA.NS,2023,29,3763984000.0
BANG.NS,2026,29,84103000.0
BANG.NS,2023,29,57249000.0
BANSALWIRE.NS,2026,24,3205200000.0
BANSALWIRE.NS,2025,24,2757300000.0
BANSALWIRE.NS,2024,24,1497110000.0
BANSALWIRE.NS,2023,24,1125820000.0
BANSWRAS.NS,2026,29,1375075000.0
BANSWRAS.NS,2025,29,1186548000.0
BANSWRAS.NS,2024,29,1155936000.0
BANSWRAS.NS,2023,29,2081586000.0
BASML.NS,2026,29,925096000.0
BASML.NS,2025,29,670134000.0
BASML.NS,2024,29,518702000.0
BASML.NS,2023,29,283060000.0
BATAINDIA.NS,2026,29,7367160000.0
BATAINDIA.NS,2025,29,9261530000.0
BATAINDIA.NS,2024,29,8067180000.0
BATAINDIA.NS,2023,29,8324710000.0
BASF.NS,2026,24,7316100000.0
BASF.NS,2025,24,8481900000.0
BASF.NS,2024,24,9656100000.0
BASF.NS,2023,24,7393900000.0
BAYERCROP.NS,2026,24,9687000000.0
BAYERCROP.NS,2025,24,8093000000.0
BAYERCROP.NS,2024,24,10350000000.0
BAYERCROP.NS,2023,24,10919000000.0
BATLIBOI.NS,2026,42,202114000.0
BATLIBOI.NS,2025,42,289301000.0
BATLIBOI.NS,2024,42,304573000.0
BATLIBOI.NS,2023,42,195679000.0
BBL.NS,2026,42,1990500000.0
BBL.NS,2025,42,2107900000.0
BBL.NS,2024,42,2085600000.0
BBL.NS,2023,42,1460065000.0
BBOX.NS,2026,62,5131300000.0
BBOX.NS,2025,62,4698600000.0
BBOX.NS,2024,62,4119800000.0
BBOX.NS,2023,62,1798100000.0
BCG.NS,2026,61,17522077000.0
BCG.NS,2025,61,13215907000.0
BCG.NS,2024,61,12392805000.0
BCG.NS,2023,61,21656684000.0
BBTC.NS,2026,10,38405400000.0
BBTC.NS,2025,10,35415800000.0
BBTC.NS,2024,10,31584204000.0
BBTC.NS,2023,10,7086789000.0
BBTCL.NS,2026,29,918004000.0
BBTCL.NS,2025,29,409656000.0
BBTCL.NS,2023,29,392189000.0
BCONCEPTS.NS,2026,29,298105000.0
BCONCEPTS.NS,2025,29,326286000.0
BCONCEPTS.NS,2024,29,304540000.0
BCONCEPTS.NS,2023,29,200663000.0
BDL.NS,2026,42,6471360000.0
BDL.NS,2025,42,8227678000.0
BDL.NS,2024,42,8969894000.0
BDL.NS,2023,42,5622076000.0
BCPL.NS,2026,42,184463000.0
BCPL.NS,2025,42,130741000.0
BCPL.NS,2024,42,103060000.0
BCPL.NS,2023,42,120634000.0
BCLIND.NS,2026,10,2510710000.0
BCLIND.NS,2025,10,2136434000.0
BCLIND.NS,2024,10,1980229000.0
BCLIND.NS,2023,10,1281484000.0
BEL.NS,2026,42,86153600000.0
BEL.NS,2025,42,75760600000.0
BEL.NS,2024,42,57162700000.0
BEL.NS,2023,42,43663200000.0
BEDMUTHA.NS,2026,24,755897000.0
BEDMUTHA.NS,2025,24,802008000.0
BEDMUTHA.NS,2024,24,787543000.0
BEDMUTHA.NS,2023,24,752195000.0
BEARDSELL.NS,2026,42,261600000.0
BEARDSELL.NS,2025,42,239410000.0
BEARDSELL.NS,2024,42,241100000.0
BEARDSELL.NS,2023,42,213122000.0
BECTORFOOD.NS,2026,10,2887840000.0
BECTORFOOD.NS,2025,10,2805230000.0
BECTORFOOD.NS,2024,10,2615170000.0
BECTORFOOD.NS,2023,10,1868920000.0
BELRISE.NS,2026,29,12583900000.0
BELRISE.NS,2025,29,10827710000.0
BELRISE.NS,2024,29,9798790000.0
BELRISE.NS,2023,29,9093190000.0
BEML.NS,2026,42,3284300000.0
BEML.NS,2025,42,5294100000.0
BEML.NS,2024,42,4844700000.0
BEML.NS,2023,42,3910147000.0
BELLACASA.NS,2025,29,293023000.0
BELLACASA.NS,2024,29,192421000.0
BELLACASA.NS,2023,29,158845000.0
BELLACASA.NS,2022,29,217361000.0
BERGEPAINT.NS,2026,24,19377600000.0
BERGEPAINT.NS,2025,24,19859300000.0
BERGEPAINT.NS,2024,24,19660200000.0
BERGEPAINT.NS,2023,24,15256000000.0
BESTAGRO.NS,2026,24,1047800000.0
BESTAGRO.NS,2025,24,2048200000.0
BESTAGRO.NS,2024,24,2252400000.0
BESTAGRO.NS,2023,24,3121830000.0
BETA.NS,2026,21,868576729.62
BETA.NS,2025,21,764720417.63
BETA.NS,2024,21,612141116.36
BETA.NS,2023,21,537465000.0
BFINVEST.NS,2026,64,3757820000.0
BFINVEST.NS,2025,64,3027450000.0
BFINVEST.NS,2024,64,5793390000.0
BFINVEST.NS,2023,64,3443940000.0
BEPL.NS,2026,24,2560327000.0
BEPL.NS,2025,24,2529819000.0
BEPL.NS,2024,24,2520997000.0
BEPL.NS,2023,24,2062878000.0
BFUTILITIE.NS,2025,42,6346320000.0
BFUTILITIE.NS,2024,42,5912570000.0
BFUTILITIE.NS,2023,42,5059060000.0
BFUTILITIE.NS,2022,42,3320270000.0
BHAGYANGR.NS,2026,24,1108625000.0
BHAGYANGR.NS,2025,24,426784000.0
BHAGYANGR.NS,2024,24,748903000.0
BHAGYANGR.NS,2023,24,346031000.0
BHAGERIA.NS,2026,24,980020000.0
BHAGERIA.NS,2025,24,884003000.0
BHAGERIA.NS,2024,24,596277000.0
BHAGERIA.NS,2023,24,578211000.0
BHANDARI.NS,2026,29,280304000.0
BHANDARI.NS,2025,29,284176000.0
BHANDARI.NS,2024,29,246209000.0
BHANDARI.NS,2023,29,227214000.0
BHAGCHEM.NS,2026,24,595040000.0
BHAGCHEM.NS,2025,24,462266000.0
BHAGCHEM.NS,2024,24,431761000.0
BHAGCHEM.NS,2023,24,760204000.0
BHARATFORG.NS,2026,29,29614420000.0
BHARATFORG.NS,2025,29,27469370000.0
BHARATFORG.NS,2024,29,27546600000.0
BHARATFORG.NS,2023,29,18283950000.0
BHARATCOAL.NS,2026,24,7853800000.0
BHARATCOAL.NS,2025,24,23560600000.0
BHARATCOAL.NS,2024,24,24861100000.0
BHARATCOAL.NS,2023,24,8874000000.0
BHARATGEAR.NS,2026,29,585932000.0
BHARATGEAR.NS,2025,29,446461000.0
BHARATGEAR.NS,2024,29,242092000.0
BHARATGEAR.NS,2023,29,519478000.0
BHARATSE.NS,2026,29,1030664000.0
BHARATSE.NS,2025,29,790431000.0
BHARATSE.NS,2024,29,652664000.0
BHARATSE.NS,2023,29,502590000.0
BHARATRAS.NS,2026,24,2243226000.0
BHARATRAS.NS,2025,24,2167202000.0
BHARATRAS.NS,2024,24,1520633000.0
BHARATRAS.NS,2023,24,2058500000.0
BHARTIHEXA.NS,2026,61,50805000000.0
BHARTIHEXA.NS,2025,61,45916000000.0
BHARTIHEXA.NS,2024,61,32201000000.0
BHARTIHEXA.NS,2023,61,28597000000.0
BHARTIARTL.NS,2026,61,1194388000000.0
BHARTIARTL.NS,2025,61,1057227000000.0
BHARTIARTL.NS,2024,61,681725000000.0
BHARTIARTL.NS,2023,61,672880000000.0
BHEL.NS,2026,42,32108900000.0
BHEL.NS,2025,42,17658900000.0
BHEL.NS,2024,42,12228100000.0
BHEL.NS,2023,42,14968900000.0
BHARATWIRE.NS,2026,24,1317721000.0
BHARATWIRE.NS,2025,24,1332130000.0
BHARATWIRE.NS,2024,24,1638688000.0
BHARATWIRE.NS,2023,24,1368816000.0
BIGBLOC.NS,2026,42,229268000.0
BIGBLOC.NS,2025,42,336282000.0
BIGBLOC.NS,2024,42,600887000.0
BIGBLOC.NS,2023,42,505210000.0
BIOCON.NS,2026,21,33949000000.0
BIOCON.NS,2025,21,44710000000.0
BIOCON.NS,2024,21,40684000000.0
BIOCON.NS,2023,21,24292000000.0
BIMETAL.NS,2026,29,237416000.0
BIMETAL.NS,2025,29,204797000.0
BIMETAL.NS,2024,29,209004000.0
BIMETAL.NS,2023,29,219385000.0
BILVYAPAR.NS,2025,24,68278000.0
BIKAJI.NS,2026,10,4576466000.0
BIKAJI.NS,2025,10,3604447000.0
BIKAJI.NS,2024,10,4160689000.0
BIKAJI.NS,2023,10,2343920000.0
BIOFILCHEM.NS,2026,21,37317000.0
BIOFILCHEM.NS,2025,21,11526000.0
BIOFILCHEM.NS,2024,21,13062000.0
BIOFILCHEM.NS,2023,21,12640000.0
BIL.NS,2026,29,1055681000.0
BIL.NS,2025,29,960924000.0
BIL.NS,2024,29,746099000.0
BIL.NS,2023,29,1258808000.0
BIRLACABLE.NS,2026,62,507516000.0
BIRLACABLE.NS,2025,62,361587000.0
BIRLACABLE.NS,2024,62,544716000.0
BIRLACABLE.NS,2023,62,655030000.0
BIRLACORPN.NS,2026,24,15648400000.0
BIRLACORPN.NS,2025,24,12767600000.0
BIRLACORPN.NS,2024,24,15276500000.0
BIRLACORPN.NS,2023,24,8891700000.0
BIRLAMONEY.NS,2026,64,2276345000.0
BIRLAMONEY.NS,2025,64,2373953000.0
BIRLAMONEY.NS,2024,64,1676219000.0
BIRLAMONEY.NS,2023,64,1026161000.0
BLACKBUCK.NS,2026,62,2255620000.0
BIRLANU.NS,2026,42,1036200000.0
BIRLANU.NS,2025,42,1688700000.0
BIRLANU.NS,2024,42,1909121000.0
BIRLANU.NS,2023,42,2470688000.0
BLBLIMITED.NS,2026,64,460500000.0
BLBLIMITED.NS,2025,64,65000000.0
BLBLIMITED.NS,2024,64,42414000.0
BLBLIMITED.NS,2023,64,85285000.0
BLISSGVS.NS,2026,21,2350794000.0
BLISSGVS.NS,2025,21,1631768000.0
BLISSGVS.NS,2024,21,1488139000.0
BLISSGVS.NS,2023,21,1279893000.0
BLKASHYAP.NS,2026,42,859719000.0
BLKASHYAP.NS,2025,42,1109618000.0
BLKASHYAP.NS,2024,42,1152964000.0
BLKASHYAP.NS,2023,42,750382000.0
BLS.NS,2026,42,9140293000.0
BLS.NS,2025,42,7098412000.0
BLS.NS,2024,42,3855479000.0
BLS.NS,2023,42,2395427000.0
BLSE.NS,2026,42,998682000.0
BLSE.NS,2025,42,861122000.0
BLSE.NS,2024,42,498702000.0
BLSE.NS,2023,42,335820000.0
BLUEDART.NS,2026,42,9484600000.0
BLUEDART.NS,2025,42,9145700000.0
BLUEDART.NS,2024,42,9036200000.0
BLUEDART.NS,2023,42,9695300000.0
BLUSPRING.NS,2026,42,563770000.0
BLUECOAST.NS,2026,29,2103000.0
BLUECOAST.NS,2025,29,830878000.0
BLUESTONE.NS,2026,29,4335170000.0
BLUESTONE.NS,2025,29,1331970000.0
BLUESTONE.NS,2024,29,896330000.0
BLUEJET.NS,2026,21,3627530000.0
BLUEJET.NS,2025,21,4239860000.0
BLUEJET.NS,2024,21,2483450000.0
BLUEJET.NS,2023,21,2430420000.0
BMWVENTLTD.NS,2026,24,863393000.0
BMWVENTLTD.NS,2025,24,873930000.0
BMWVENTLTD.NS,2024,24,728441000.0
BMWVENTLTD.NS,2023,24,679694000.0
BLUESTARCO.NS,2026,42,9540400000.0
BLUESTARCO.NS,2025,42,9621000000.0
BLUESTARCO.NS,2024,42,7059000000.0
BLUESTARCO.NS,2023,42,6871400000.0
BODALCHEM.NS,2026,24,2028190000.0
BODALCHEM.NS,2025,24,1694000000.0
BODALCHEM.NS,2024,24,1172400000.0
BODALCHEM.NS,2023,24,1431380000.0
BONLON.NS,2026,24,81113000.0
BONLON.NS,2025,24,71304000.0
BONLON.NS,2024,24,63242000.0
BONLON.NS,2023,24,43754000.0
BORANA.NS,2026,29,996977000.0
BORANA.NS,2025,29,672334000.0
BORANA.NS,2024,29,417225000.0
BORANA.NS,2023,29,261937000.0
BOMDYEING.NS,2026,29,779900000.0
BOMDYEING.NS,2025,29,6529800000.0
BOMDYEING.NS,2024,29,39336000000.0
BOROLTD.NS,2026,29,1943085000.0
BOROLTD.NS,2025,29,1970648000.0
BOROLTD.NS,2024,29,1505135000.0
BOROLTD.NS,2023,29,960814000.0
BORORENEW.NS,2026,62,2519707000.0
BORORENEW.NS,2025,62,925874000.0
BORORENEW.NS,2024,62,1080329000.0
BORORENEW.NS,2023,62,1623322000.0
BOROSCI.NS,2026,29,632114000.0
BOROSCI.NS,2025,29,604113000.0
BOROSCI.NS,2024,29,507015000.0
BOROSCI.NS,2023,29,103654000.0
BOSCH-HCIL.NS,2026,29,685800000.0
BOSCH-HCIL.NS,2025,29,1574300000.0
BRIGADE.NS,2026,68,16256900000.0
BRIGADE.NS,2025,68,16535400000.0
BRIGADE.NS,2024,68,13443400000.0
BRIGADE.NS,2023,68,10096500000.0
BOSCHLTD.NS,2026,29,40604000000.0
BOSCHLTD.NS,2025,29,31250000000.0
BOSCHLTD.NS,2024,29,36519000000.0
BOSCHLTD.NS,2023,29,22748000000.0
BRIGHOTEL.NS,2026,29,1923100000.0
BRIGHOTEL.NS,2025,29,1668700000.0
BRIGHOTEL.NS,2024,29,1407200000.0
BRIGHOTEL.NS,2023,29,1111100000.0
BRITANNIA.NS,2026,10,37383700000.0
BRITANNIA.NS,2025,10,33787100000.0
BRITANNIA.NS,2024,10,33760700000.0
BRITANNIA.NS,2023,10,34243900000.0
BPCL.NS,2026,19,456011000000.0
BPCL.NS,2025,19,290304300000.0
BPCL.NS,2024,19,470661100000.0
BPCL.NS,2023,19,131202400000.0
BRNL.NS,2026,42,64994000.0
BRNL.NS,2025,42,2623159000.0
BRNL.NS,2024,42,1469255000.0
BRNL.NS,2023,42,151147000.0
BPL.NS,2026,62,64632000.0
BPL.NS,2025,62,46169000.0
BPL.NS,2024,62,194714000.0
BPL.NS,2023,62,154598000.0
BSL.NS,2026,29,498312000.0
BSL.NS,2025,29,603146000.0
BSL.NS,2024,29,634617000.0
BSL.NS,2023,29,506630000.0
BSOFT.NS,2026,62,8901650000.0
BSOFT.NS,2025,62,8059810000.0
BSOFT.NS,2024,62,9397270000.0
BSOFT.NS,2023,62,5432760000.0
BROOKS.NS,2026,21,270087000.0
BSE.NS,2026,64,31554900000.0
BSE.NS,2025,64,15896900000.0
BSE.NS,2024,64,11022000000.0
BSE.NS,2023,64,3850800000.0
BTML.NS,2026,61,171705000.0
BTML.NS,2025,61,96765000.0
BTML.NS,2024,61,60714000.0
BTML.NS,2023,61,53651160.0
BUILDPRO.NS,2026,29,2211100000.0
BUILDPRO.NS,2025,29,1481100000.0
BSHSL.NS,2026,24,365035000.0
BSHSL.NS,2025,24,355167000.0
BSHSL.NS,2024,24,289477709.0
BSHSL.NS,2023,24,218550133.0
BTTL.NS,2025,29,78303000.0
BTTL.NS,2024,29,132429000.0
BUTTERFLY.NS,2026,29,870020000.0
BUTTERFLY.NS,2025,29,722279000.0
BUTTERFLY.NS,2024,29,294927000.0
BUTTERFLY.NS,2023,29,1029035000.0
CALSOFT.NS,2025,62,15713000.0
CALSOFT.NS,2024,62,15661000.0
CALSOFT.NS,2023,62,11956000.0
CALSOFT.NS,2022,62,74275060.0
BVCL.NS,2026,24,123889000.0
BVCL.NS,2025,24,205687000.0
BVCL.NS,2024,24,249949000.0
BVCL.NS,2023,24,222951000.0
CAMLINFINE.NS,2026,24,1231545000.0
CAMLINFINE.NS,2025,24,2582487000.0
CAMLINFINE.NS,2024,24,2048182000.0
CAMLINFINE.NS,2023,24,1840154000.0
BYKE.NS,2026,29,487497000.0
BYKE.NS,2025,29,393425000.0
BYKE.NS,2024,29,364238000.0
BYKE.NS,2023,29,408830000.0
CAMS.NS,2026,62,7343107000.0
CAMS.NS,2025,62,7048559000.0
CAMS.NS,2024,62,5455364000.0
CAMS.NS,2023,62,4480448000.0
CAMPUS.NS,2026,29,3147300000.0
CAMPUS.NS,2025,29,2582200000.0
CAMPUS.NS,2024,29,2153400000.0
CAMPUS.NS,2023,29,2560700000.0
CANTABIL.NS,2026,29,2738596000.0
CANTABIL.NS,2025,29,2132671000.0
CANTABIL.NS,2024,29,1689172000.0
CANTABIL.NS,2023,29,1686919000.0
CAPACITE.NS,2026,42,4542236000.0
CAPACITE.NS,2025,42,4535472000.0
CAPACITE.NS,2024,42,3370586000.0
CAPACITE.NS,2023,42,3414186000.0
CAPTRUST.NS,2025,64,23159000.0
CAPTRUST.NS,2024,64,48491000.0
CAPILLARY.NS,2026,62,1315450000.0
CAPILLARY.NS,2025,62,806680000.0
CARERATING.NS,2026,64,2522114000.0
CARERATING.NS,2025,64,2060957000.0
CARERATING.NS,2024,64,1588244000.0
CARERATING.NS,2023,64,1372775000.0
CARRARO.NS,2026,29,2379620000.0
CARRARO.NS,2025,29,1864420000.0
CARRARO.NS,2024,29,1495990000.0
CARRARO.NS,2023,29,1243590000.0
CAPLIPOINT.NS,2026,21,8764300000.0
CAPLIPOINT.NS,2025,21,7433500000.0
CAPLIPOINT.NS,2024,21,6186500000.0
CAPLIPOINT.NS,2023,21,4971200000.0
CARTRADE.NS,2026,29,3409931000.0
CARTRADE.NS,2025,29,2207487000.0
CARTRADE.NS,2024,29,1462913000.0
CARTRADE.NS,2023,29,969768000.0
CARYSIL.NS,2026,29,1891600000.0
CARYSIL.NS,2025,29,1471500000.0
CARYSIL.NS,2024,29,1335800000.0
CARYSIL.NS,2023,29,1083082000.0
CARBORUNIV.NS,2026,42,5472400000.0
CARBORUNIV.NS,2025,42,6938700000.0
CARBORUNIV.NS,2024,42,8584350000.0
CARBORUNIV.NS,2023,42,7903280000.0
CCAVENUE.NS,2026,62,4365300000.0
CCAVENUE.NS,2025,62,3868400000.0
CCAVENUE.NS,2024,62,2764810000.0
CCAVENUE.NS,2023,62,2457610000.0
CCL.NS,2026,10,7413746000.0
CCL.NS,2025,10,5635459000.0
CCL.NS,2024,10,4489467000.0
CCL.NS,2023,10,3999701000.0
CASTROLIND.NS,2025,19,13924200000.0
CASTROLIND.NS,2024,19,13667600000.0
CASTROLIND.NS,2023,19,12810600000.0
CASTROLIND.NS,2022,19,11781500000.0
CCHHL.NS,2025,29,190686000.0
CCHHL.NS,2024,29,126331000.0
CCHHL.NS,2023,29,339322000.0
CCCL.NS,2026,42,716315000.0
CCCL.NS,2025,42,1238288000.0
CCCL.NS,2024,42,6682569000.0
CEIGALL.NS,2026,42,6396880000.0
CEIGALL.NS,2025,42,5746060000.0
CEIGALL.NS,2024,42,5408120000.0
CEIGALL.NS,2023,42,3108980000.0
CEATLTD.NS,2026,29,20163500000.0
CEATLTD.NS,2025,29,14620800000.0
CEATLTD.NS,2024,29,16307500000.0
CEATLTD.NS,2023,29,9580600000.0
CDSL.NS,2026,64,6753526000.0
CDSL.NS,2025,64,7439875000.0
CDSL.NS,2024,64,5833554000.0
CDSL.NS,2023,64,3847682000.0
CEINSYS.NS,2026,42,1737500000.0
CEINSYS.NS,2025,42,1002800000.0
CEINSYS.NS,2024,42,587900000.0
CEINSYS.NS,2023,42,413892000.0
CELEBRITY.NS,2026,29,217900000.0
CELEBRITY.NS,2025,29,242900000.0
CELEBRITY.NS,2024,29,169800000.0
CELEBRITY.NS,2023,29,198600000.0
CELLO.NS,2026,29,5189574000.0
CELLO.NS,2025,29,5547385000.0
CELLO.NS,2024,29,5343014000.0
CELLO.NS,2023,29,4372663000.0
CENTENKA.NS,2026,29,1869800000.0
CENTENKA.NS,2025,29,1514500000.0
CENTENKA.NS,2024,29,1129900000.0
CENTENKA.NS,2023,29,1609000000.0
CENTRUM.NS,2026,64,16615344000.0
CENTRUM.NS,2025,64,14863475000.0
CENTRUM.NS,2024,64,6123876000.0
CENTRUM.NS,2023,64,2481388000.0
CENTEXT.NS,2026,24,317000000.0
CENTEXT.NS,2025,24,266100000.0
CENTEXT.NS,2024,24,215000000.0
CENTEXT.NS,2023,24,189800000.0
CENTUM.NS,2026,62,1730950000.0
CENTUM.NS,2025,62,1300770000.0
CENTUM.NS,2024,62,792400000.0
CENTUM.NS,2023,62,741560000.0
CEMPRO.NS,2026,42,11231800000.0
CEMPRO.NS,2025,42,8569800000.0
CEMPRO.NS,2024,42,7386031000.0
CEMPRO.NS,2023,42,4051257000.0
CERA.NS,2026,42,3142378000.0
CERA.NS,2025,42,3517230000.0
CERA.NS,2024,42,3610737000.0
CERA.NS,2023,42,3231974000.0
CENTURYPLY.NS,2026,24,6529515000.0
CENTURYPLY.NS,2025,24,4834969000.0
CENTURYPLY.NS,2024,24,5653406000.0
CENTURYPLY.NS,2023,24,6001440000.0
CEREBRAINT.NS,2023,42,97888000.0
CHEMBOND.NS,2026,24,194239000.0
CHEMBOND.NS,2025,24,227475000.0
CHEMBOND.NS,2024,24,203289000.0
CHEMBOND.NS,2023,24,389690000.0
CEWATER.NS,2026,35,644480000.0
CEWATER.NS,2025,35,1008420000.0
CEWATER.NS,2024,35,1358820000.0
CEWATER.NS,2023,35,498090000.0
CGCL.NS,2026,64,11633870000.0
CGCL.NS,2025,64,6034430000.0
CGCL.NS,2024,64,4004650000.0
CGCL.NS,2023,64,3278750000.0
CHAMBLFERT.NS,2026,24,29341500000.0
CHAMBLFERT.NS,2025,24,28302800000.0
CHAMBLFERT.NS,2024,24,23606000000.0
CHAMBLFERT.NS,2023,24,20151600000.0
CGPOWER.NS,2026,42,18339900000.0
CGPOWER.NS,2025,42,14669000000.0
CGPOWER.NS,2024,42,12558100000.0
CGPOWER.NS,2023,42,11128400000.0
CESC.NS,2026,35,48790000000.0
CESC.NS,2025,35,44670000000.0
CESC.NS,2024,35,44768100000.0
CESC.NS,2023,35,40242100000.0
CHALET.NS,2026,29,12290550000.0
CHALET.NS,2025,29,7721890000.0
CHALET.NS,2024,29,6043270000.0
CHALET.NS,2023,29,5439810000.0
CHEMBONDCH.NS,2026,24,512953000.0
CHEMBONDCH.NS,2025,24,477745000.0
CHEMBONDCH.NS,2024,24,451526000.0
CHEMBONDCH.NS,2023,24,389690000.0
CHEMCON.NS,2026,24,456248000.0
CHEMCON.NS,2025,24,471506000.0
CHEMCON.NS,2024,24,400220000.0
CHEMCON.NS,2023,24,839565000.0
CHEMFAB.NS,2026,24,359064000.0
CHEMFAB.NS,2025,24,409509000.0
CHEMFAB.NS,2024,24,624395000.0
CHEMFAB.NS,2023,24,1126146000.0
CHEMPLASTS.NS,2026,24,761300000.0
CHEMPLASTS.NS,2025,24,2657200000.0
CHEMPLASTS.NS,2024,24,125100000.0
CHEMPLASTS.NS,2023,24,3857700000.0
CHEVIOT.NS,2026,29,779414000.0
CHEVIOT.NS,2025,29,821074000.0
CHEVIOT.NS,2024,29,918036000.0
CHEVIOT.NS,2023,29,761046000.0
CHENNPETRO.NS,2026,19,48925100000.0
CHENNPETRO.NS,2025,19,10995700000.0
CHENNPETRO.NS,2024,19,45225400000.0
CHENNPETRO.NS,2023,19,57096300000.0
CHOICEIN.NS,2026,64,4254270000.0
CHOICEIN.NS,2025,64,2958810000.0
CHOICEIN.NS,2024,64,2240556000.0
CHOICEIN.NS,2023,64,1067586000.0
CIEINDIA.NS,2025,29,14616010000.0
CIEINDIA.NS,2024,29,14910050000.0
CIEINDIA.NS,2023,29,15027350000.0
CIEINDIA.NS,2022,29,13275480000.0
CHOLAHLDNG.NS,2026,64,71554400000.0
CHOLAHLDNG.NS,2025,64,63607000000.0
CHOLAHLDNG.NS,2024,64,54742100000.0
CHOLAHLDNG.NS,2023,64,40176000000.0
CIFL.NS,2025,64,76555000.0
CIFL.NS,2024,64,352947000.0
CINELINE.NS,2026,61,571858000.0
CINELINE.NS,2024,61,571299000.0
CINELINE.NS,2023,61,276967000.0
CLCIND.NS,2026,29,5069000.0
CIPLA.NS,2026,21,63554800000.0
CIPLA.NS,2025,21,78602800000.0
CIPLA.NS,2024,21,68240500000.0
CIPLA.NS,2023,21,51521000000.0
CLEAN.NS,2026,24,3876030000.0
CLEAN.NS,2025,24,4262020000.0
CLEAN.NS,2024,24,3733510000.0
CLEAN.NS,2023,24,4319200000.0
CINEVISTA.NS,2026,61,108456000.0
CLEANMAX.NS,2026,35,13008150000.0
CLEANMAX.NS,2025,35,10226240000.0
CLEANMAX.NS,2024,35,7116250000.0
CLEANMAX.NS,2023,35,3072060000.0
CLEDUCATE.NS,2026,10,646378000.0
CLEDUCATE.NS,2025,10,284197000.0
CLEDUCATE.NS,2024,10,399652000.0
CLEDUCATE.NS,2023,10,310844000.0
CLSEL.NS,2026,10,1674508000.0
CLSEL.NS,2025,10,1497540000.0
CLSEL.NS,2024,10,1714612000.0
CLSEL.NS,2023,10,1694359000.0
CMRGREEN.NS,2025,24,3269650000.0
CMRGREEN.NS,2023,24,2339250000.0
CMPDI.NS,2026,24,8584800000.0
CMPDI.NS,2025,24,9157100000.0
CMPDI.NS,2024,24,7644400000.0
CMPDI.NS,2023,24,3956500000.0
CNL.NS,2026,62,1039473000.0
CNL.NS,2025,62,728616000.0
CNL.NS,2024,62,668022000.0
CNL.NS,2023,62,434120000.0
COASTCORP.NS,2026,10,851192000.0
COASTCORP.NS,2025,10,416350000.0
COASTCORP.NS,2024,10,346887000.0
COASTCORP.NS,2023,10,307077000.0
CMSINFO.NS,2026,42,6325400000.0
CMSINFO.NS,2025,42,6774930000.0
CMSINFO.NS,2024,42,6334930000.0
CMSINFO.NS,2023,42,5524500000.0
COCHINSHIP.NS,2026,42,12212036000.0
COCHINSHIP.NS,2025,42,12669224000.0
COCHINSHIP.NS,2024,42,12011389000.0
COCHINSHIP.NS,2023,42,5382372000.0
COALINDIA.NS,2026,19,532760200000.0
COALINDIA.NS,2025,19,571392500000.0
COALINDIA.NS,2024,19,562920200000.0
COALINDIA.NS,2023,19,506874400000.0
COHANCE.NS,2026,21,4316100000.0
COHANCE.NS,2025,21,8504900000.0
COHANCE.NS,2024,21,4672200000.0
COHANCE.NS,2023,21,6205271000.0
COFORGE.NS,2026,62,27833000000.0
COFORGE.NS,2025,62,18991000000.0
COFORGE.NS,2024,62,15089000000.0
COFORGE.NS,2023,62,12865000000.0
COCKERILL.NS,2025,42,182718000.0
COCKERILL.NS,2023,42,213680000.0
COCKERILL.NS,2022,42,92620000.0
COFFEEDAY.NS,2026,29,4203800000.0
COFFEEDAY.NS,2025,29,2232300000.0
COMPINFO.NS,2022,62,1144776000.0
CONCORDBIO.NS,2026,21,4193890000.0
CONCORDBIO.NS,2025,21,5494561000.0
CONCORDBIO.NS,2024,21,4687084000.0
CONCORDBIO.NS,2023,21,3805561000.0
COLPAL.NS,2026,10,19338100000.0
COLPAL.NS,2025,10,20969000000.0
COLPAL.NS,2024,10,19578400000.0
COLPAL.NS,2023,10,15893902000.0
COMSYN.NS,2026,29,506291000.0
COMSYN.NS,2025,29,395913000.0
COMSYN.NS,2024,29,295633000.0
COMSYN.NS,2023,29,247960000.0
COMPUSOFT.NS,2026,10,132276000.0
COMPUSOFT.NS,2025,10,122868000.0
COMPUSOFT.NS,2024,10,158442000.0
COMPUSOFT.NS,2023,10,149087000.0
CONSOFINVT.NS,2025,64,709040000.0
CONSOFINVT.NS,2024,64,509492000.0
CONSOFINVT.NS,2023,64,4108049000.0
CONSOFINVT.NS,2022,64,28315000.0
CONCOR.NS,2026,42,23141300000.0
CONCOR.NS,2025,42,23428000000.0
CONCOR.NS,2024,42,23603400000.0
CONCOR.NS,2023,42,22059200000.0
CONFIPET.NS,2026,19,3791400000.0
CONFIPET.NS,2025,19,3701100000.0
CONFIPET.NS,2024,19,3683900000.0
CONFIPET.NS,2023,19,2208300000.0
COROMANDEL.NS,2026,24,34933500000.0
COROMANDEL.NS,2025,24,32803700000.0
COROMANDEL.NS,2024,24,25930900000.0
COROMANDEL.NS,2023,24,30619600000.0
CORALFINAC.NS,2026,68,173080000.0
CORALFINAC.NS,2025,68,212603000.0
CORALFINAC.NS,2024,68,236653000.0
CORALFINAC.NS,2023,68,224091000.0
CONTROLPR.NS,2026,42,948820000.0
CONTROLPR.NS,2025,42,864848000.0
CONTROLPR.NS,2024,42,893701000.0
CONTROLPR.NS,2023,42,794867000.0
COSMOFIRST.NS,2026,29,4786300000.0
COSMOFIRST.NS,2025,29,3623500000.0
COSMOFIRST.NS,2024,29,2458900000.0
COSMOFIRST.NS,2023,29,4172000000.0
CORDSCABLE.NS,2026,42,632827000.0
CORDSCABLE.NS,2025,42,533522000.0
CORDSCABLE.NS,2024,42,437537000.0
CORDSCABLE.NS,2023,42,376972000.0
CPCAP.NS,2026,64,635738000.0
CPCAP.NS,2025,64,588066000.0
CPCAP.NS,2024,64,597932000.0
CPCAP.NS,2023,64,211696000.0
COUNCODOS.NS,2026,68,10218000.0
COUNCODOS.NS,2025,68,10678000.0
COUNCODOS.NS,2024,68,22537000.0
COUNCODOS.NS,2023,68,12830000.0
CORONA.NS,2026,21,2852600000.0
CORONA.NS,2025,21,2462900000.0
CORONA.NS,2024,21,1582540000.0
CORONA.NS,2023,21,1333750000.0
CPEDU.NS,2026,10,316658000.0
CPEDU.NS,2025,10,241156000.0
CPEDU.NS,2024,10,200446000.0
CPEDU.NS,2023,10,28024000.0
CPPLUS.NS,2026,42,5789730000.0
CPPLUS.NS,2025,42,2583870000.0
CPPLUS.NS,2024,42,2102620000.0
CPPLUS.NS,2023,42,1728470000.0
CRAFTSMAN.NS,2026,29,12871200000.0
CRAFTSMAN.NS,2025,29,8337400000.0
CRAFTSMAN.NS,2024,29,8894800000.0
CRAFTSMAN.NS,2023,29,6789300000.0
CREATIVEYE.NS,2025,61,2502000.0
CREATIVEYE.NS,2023,61,3837510.0
CRAMC.NS,2026,64,2840042000.0
CRAMC.NS,2025,64,2643814000.0
CREDITACC.NS,2026,64,12356300000.0
CREDITACC.NS,2025,64,9689500000.0
CREDITACC.NS,2024,64,22081800000.0
CREDITACC.NS,2023,64,13139500000.0
CRISIL.NS,2025,64,11917700000.0
CRISIL.NS,2024,64,10004500000.0
CRISIL.NS,2023,64,9751400000.0
CRISIL.NS,2022,64,8521100000.0
CREST.NS,2026,64,696701000.0
CREST.NS,2025,64,1190412000.0
CREST.NS,2024,64,872543000.0
CREST.NS,2023,64,5774232000.0
CRIZAC.NS,2026,10,3146458000.0
CRIZAC.NS,2025,10,2508563000.0
CRIZAC.NS,2024,10,2012160000.0
CRIZAC.NS,2023,10,1521580000.0
CROWN.NS,2026,42,237316000.0
CROWN.NS,2025,42,347978000.0
CROWN.NS,2024,42,158694000.0
CROWN.NS,2023,42,58863000.0
CROMPTON.NS,2026,29,1365500000.0
CROMPTON.NS,2025,29,9695200000.0
CROMPTON.NS,2024,29,7804600000.0
CROMPTON.NS,2023,29,8370400000.0
CSLFINANCE.NS,2026,64,1203294000.0
CSLFINANCE.NS,2025,64,1054146000.0
CSLFINANCE.NS,2024,64,888501000.0
CSLFINANCE.NS,2023,64,627406000.0
CTE.NS,2026,62,184453000.0
CTE.NS,2024,62,242186040.0
CTE.NS,2023,62,206417510.0
CUBEXTUB.NS,2026,24,148025000.0
CUBEXTUB.NS,2025,24,117706000.0
CUBEXTUB.NS,2024,24,86124000.0
CUBEXTUB.NS,2023,24,64456000.0
CUMMINSIND.NS,2026,42,32969200000.0
CUMMINSIND.NS,2025,42,27937300000.0
CUMMINSIND.NS,2024,42,23911900000.0
CUMMINSIND.NS,2023,42,17495700000.0
CYBERTECH.NS,2026,62,446238000.0
CYBERTECH.NS,2025,62,519322000.0
CYBERTECH.NS,2024,62,397026000.0
CYBERTECH.NS,2023,62,397634000.0
CYBERMEDIA.NS,2026,61,61108000.0
CYBERMEDIA.NS,2024,61,63271000.0
CYBERMEDIA.NS,2023,61,114104000.0
CUPID.NS,2026,10,1503961000.0
CUPID.NS,2025,10,613871000.0
CUPID.NS,2024,10,561048000.0
CUPID.NS,2023,10,455734000.0
CYIENT.NS,2026,42,9835000000.0
CYIENT.NS,2025,42,12350000000.0
CYIENT.NS,2024,42,13011000000.0
CYIENT.NS,2023,42,10378000000.0
DABUR.NS,2026,10,30347600000.0
DABUR.NS,2025,10,28669900000.0
DABUR.NS,2024,10,28681300000.0
DABUR.NS,2023,10,25987800000.0
CYIENTDLM.NS,2026,42,1624790000.0
CYIENTDLM.NS,2025,42,1623860000.0
CYIENTDLM.NS,2024,42,1374300000.0
CYIENTDLM.NS,2023,42,922340000.0
DAMODARIND.NS,2026,29,414207000.0
DAMODARIND.NS,2025,29,441622000.0
DAMODARIND.NS,2024,29,557322000.0
DAMODARIND.NS,2023,29,496759000.0
DALBHARAT.NS,2026,24,32790000000.0
DALBHARAT.NS,2025,24,25470000000.0
DALBHARAT.NS,2024,24,29590000000.0
DALBHARAT.NS,2023,24,28680000000.0
DALMIASUG.NS,2026,10,5192100000.0
DALMIASUG.NS,2025,10,5387000000.0
DALMIASUG.NS,2024,10,5391000000.0
DALMIASUG.NS,2023,10,5102300000.0
DANGEE.NS,2026,29,54506000.0
DANGEE.NS,2025,29,54950000.0
DANGEE.NS,2024,29,60682000.0
DANGEE.NS,2023,29,72712000.0
DAMCAPITAL.NS,2026,64,1208100000.0
DAMCAPITAL.NS,2025,64,1464900000.0
DAMCAPITAL.NS,2024,64,1026600000.0
DAMCAPITAL.NS,2023,64,180900000.0
DATAMATICS.NS,2026,62,3630100000.0
DATAMATICS.NS,2025,62,3072700000.0
DATAMATICS.NS,2024,62,2885900000.0
DATAMATICS.NS,2023,62,2807700000.0
DATAPATTNS.NS,2026,42,3989400000.0
DATAPATTNS.NS,2025,42,3213400000.0
DATAPATTNS.NS,2024,42,2587100000.0
DATAPATTNS.NS,2023,42,1748100000.0
DBCORP.NS,2026,61,5736090000.0
DBCORP.NS,2025,61,6269510000.0
DBCORP.NS,2024,61,7029450000.0
DBCORP.NS,2023,61,3603440000.0
DAVANGERE.NS,2026,10,509384000.0
DAVANGERE.NS,2025,10,537515000.0
DAVANGERE.NS,2024,10,502976000.0
DAVANGERE.NS,2023,10,552800000.0
DBEIL.NS,2026,42,866289000.0
DBEIL.NS,2025,42,1155544000.0
DBEIL.NS,2024,42,1111003000.0
DBEIL.NS,2023,42,480670000.0
DBL.NS,2026,42,31616257000.0
DBL.NS,2025,42,25760578000.0
DBL.NS,2024,42,16557381000.0
DBL.NS,2023,42,11818407000.0
DBREALTY.NS,2026,68,1578117000.0
DBREALTY.NS,2024,68,14810689000.0
DBREALTY.NS,2023,68,12024000.0
DBOL.NS,2026,10,1626900000.0
DBOL.NS,2025,10,1367000000.0
DBOL.NS,2024,10,1583300000.0
DBOL.NS,2023,10,2133800000.0
DBSTOCKBRO.NS,2026,64,67752000.0
DBSTOCKBRO.NS,2025,64,105718000.0
DBSTOCKBRO.NS,2024,64,153939118.0
DBSTOCKBRO.NS,2023,64,100484515.0
DCM.NS,2026,42,103000000.0
DCM.NS,2025,42,305400000.0
DCM.NS,2024,42,142990000.0
DCM.NS,2023,42,140622000.0
DCAL.NS,2026,21,6177700000.0
DCAL.NS,2025,21,4725100000.0
DCAL.NS,2024,21,3020100000.0
DCAL.NS,2023,21,3005200000.0
DCI.NS,2026,62,371697000.0
DCI.NS,2025,62,275147000.0
DCI.NS,2024,62,202310000.0
DCI.NS,2023,62,124809000.0
DCMSIL.NS,2026,42,96400000.0
DCMSIL.NS,2025,42,1045700000.0
DCMNVL.NS,2026,29,553100000.0
DCMNVL.NS,2025,29,691000000.0
DCMNVL.NS,2024,29,387031000.0
DCMNVL.NS,2023,29,324991000.0
DCXINDIA.NS,2026,42,279770000.0
DCXINDIA.NS,2025,42,846380000.0
DCXINDIA.NS,2024,42,1249230000.0
DCXINDIA.NS,2023,42,1093010000.0
DCMSHRIRAM.NS,2026,42,16702800000.0
DCMSHRIRAM.NS,2025,42,14724000000.0
DCMSHRIRAM.NS,2024,42,10755400000.0
DCMSHRIRAM.NS,2023,42,17194000000.0
DCMSRIND.NS,2026,10,1045400000.0
DCMSRIND.NS,2025,10,906100000.0
DCMSRIND.NS,2024,10,2459176000.0
DCMSRIND.NS,2023,10,1596848000.0
DDEVPLSTIK.NS,2026,24,3202688000.0
DDEVPLSTIK.NS,2025,24,2869662000.0
DDEVPLSTIK.NS,2024,24,2751544000.0
DDEVPLSTIK.NS,2023,24,1779321000.0
DCW.NS,2026,24,2406556000.0
DCW.NS,2025,24,2163267000.0
DCW.NS,2024,24,1833476000.0
DCW.NS,2023,24,4844323000.0
DECCANCE.NS,2026,24,971346000.0
DECCANCE.NS,2025,24,515696000.0
DECCANCE.NS,2024,24,920470000.0
DECCANCE.NS,2023,24,1054611000.0
DEEPAKNTR.NS,2026,24,10277500000.0
DEEPAKNTR.NS,2025,24,11756200000.0
DEEPAKNTR.NS,2024,24,12792100000.0
DEEPAKNTR.NS,2023,24,13369600000.0
DEEDEV.NS,2026,42,2059138000.0
DEEDEV.NS,2025,42,1446602000.0
DEEDEV.NS,2024,42,11840110000.0
DEEDEV.NS,2023,42,860340000.0
DEEPINDS.NS,2026,19,2165318000.0
DEEPINDS.NS,2025,19,127394000.0
DEEPINDS.NS,2024,19,1953189000.0
DEEPINDS.NS,2023,19,1900909000.0
DEEPAKFERT.NS,2026,24,17867900000.0
DEEPAKFERT.NS,2025,24,20055400000.0
DEEPAKFERT.NS,2024,24,13964600000.0
DEEPAKFERT.NS,2023,24,22289600000.0
DELPHIFX.NS,2026,64,278960000.0
DELPHIFX.NS,2025,64,61520000.0
DELPHIFX.NS,2024,64,257970000.0
DELPHIFX.NS,2023,64,244900000.0
DELTACORP.NS,2026,29,1668500000.0
DELTACORP.NS,2025,29,4623900000.0
DELTACORP.NS,2024,29,4236300000.0
DELTACORP.NS,2023,29,3973300000.0
DELTAMAGNT.NS,2026,29,31873000.0
DELTAMAGNT.NS,2025,29,58799000.0
DELHIVERY.NS,2026,42,9799660000.0
DELHIVERY.NS,2025,42,8178270000.0
DELHIVERY.NS,2024,42,5648560000.0
DEN.NS,2026,61,3012940000.0
DEN.NS,2025,61,3564170000.0
DEN.NS,2024,61,3600100000.0
DEN.NS,2023,61,2639850000.0
DENORA.NS,2026,42,66806000.0
DENORA.NS,2024,42,220939000.0
DENORA.NS,2023,42,285347000.0
DENTA.NS,2026,42,834870000.0
DENTA.NS,2025,42,724330000.0
DENTA.NS,2024,42,823760000.0
DENTA.NS,2023,42,683800000.0
DEVX.NS,2026,68,1190304000.0
DEVX.NS,2025,68,994796000.0
DEVX.NS,2024,68,673370000.0
DEVX.NS,2023,68,308310000.0
DEVYANI.NS,2026,29,8728440000.0
DEVYANI.NS,2025,29,8474930000.0
DEVYANI.NS,2024,29,5754300000.0
DEVYANI.NS,2023,29,6651010000.0
DEVIT.NS,2026,62,1007747000.0
DEVIT.NS,2025,62,237179000.0
DEVIT.NS,2024,62,151260000.0
DEVIT.NS,2023,62,134645000.0
DHANUKA.NS,2026,24,4464883000.0
DHANUKA.NS,2025,24,4527131000.0
DHANUKA.NS,2024,24,3624045000.0
DHANUKA.NS,2023,24,3234458000.0
DHAMPURSUG.NS,2026,10,1966900000.0
DHAMPURSUG.NS,2025,10,1873100000.0
DHAMPURSUG.NS,2024,10,2954200000.0
DHAMPURSUG.NS,2023,10,3177300000.0
DGCONTENT.NS,2026,61,246900000.0
DGCONTENT.NS,2025,61,651200000.0
DGCONTENT.NS,2024,61,487100000.0
DGCONTENT.NS,2023,61,203500000.0
DHARAN.NS,2023,68,90697000.0
DHARAN.NS,2022,68,380947000.0
DHRUV.NS,2025,42,159828000.0
DHRUV.NS,2024,42,140724000.0
DHRUV.NS,2023,42,98432000.0
DHARMAJ.NS,2026,24,1088230000.0
DHARMAJ.NS,2025,24,769270000.0
DHARMAJ.NS,2024,24,659590000.0
DHARMAJ.NS,2023,24,454830000.0
DIAMONDYD.NS,2026,10,886412000.0
DIAMONDYD.NS,2025,10,329380000.0
DIAMONDYD.NS,2024,10,1482289000.0
DIAMONDYD.NS,2023,10,698654000.0
DICIND.NS,2025,24,434298000.0
DICIND.NS,2024,24,467415000.0
DICIND.NS,2022,24,614344000.0
DHUNINV.NS,2026,64,1601380000.0
DHUNINV.NS,2025,64,2651137000.0
DHUNINV.NS,2024,64,2044103000.0
DHUNINV.NS,2023,64,7340003000.0
DIFFNKG.NS,2026,42,740280000.0
DIFFNKG.NS,2025,42,544530000.0
DIFFNKG.NS,2024,42,470460000.0
DIFFNKG.NS,2023,42,343550000.0
DIACABS.NS,2026,42,2316238000.0
DIACABS.NS,2025,42,673336000.0
DIACABS.NS,2024,42,431728000.0
DIAMINESQ.NS,2025,24,86119000.0
DIAMINESQ.NS,2024,24,251300000.0
DIAMINESQ.NS,2023,24,581539000.0
DIGIDRIVE.NS,2026,29,82400000.0
DIGIDRIVE.NS,2025,29,102200000.0
DIGIDRIVE.NS,2024,29,60989000.0
DIGIDRIVE.NS,2023,29,68117000.0
DIGJAMLMTD.NS,2026,29,34171000.0
DIGJAMLMTD.NS,2025,29,38862000.0
DIGJAMLMTD.NS,2024,29,4800000.0
DIGITIDE.NS,2026,42,2947640000.0
DIGITIDE.NS,2025,42,4641530000.0
DISHTV.NS,2025,61,2200500000.0
DISHTV.NS,2024,61,3674800000.0
DIGISPICE.NS,2026,64,410208000.0
DIGISPICE.NS,2024,64,733124000.0
DIGISPICE.NS,2023,64,243931000.0
DIVISLAB.NS,2026,21,38740000000.0
DIVISLAB.NS,2025,21,33200000000.0
DIVISLAB.NS,2024,21,25440000000.0
DIVISLAB.NS,2023,21,27120000000.0
DIVGIITTS.NS,2026,29,922960000.0
DIVGIITTS.NS,2025,29,585690000.0
DIVGIITTS.NS,2024,29,726270000.0
DIVGIITTS.NS,2023,29,820980000.0
DIL.NS,2024,42,135630000.0
DIL.NS,2023,42,186253000.0
DIL.NS,2022,42,106555000.0
DJML.NS,2026,42,262541000.0
DJML.NS,2025,42,177488000.0
DJML.NS,2024,42,136649000.0
DJML.NS,2023,42,82511000.0
DIXON.NS,2026,62,26010100000.0
DIXON.NS,2025,62,20051700000.0
DIXON.NS,2024,62,7270700000.0
DIXON.NS,2023,62,5157500000.0
DLF.NS,2026,68,32733000000.0
DLF.NS,2025,68,28084800000.0
DLF.NS,2024,68,26289282000.0
DLF.NS,2023,68,20153099000.0
DLINKINDIA.NS,2026,62,1485519000.0
DLINKINDIA.NS,2025,62,1473655000.0
DLINKINDIA.NS,2024,62,1315035000.0
DLINKINDIA.NS,2023,62,1221332000.0
DMCC.NS,2026,24,643272000.0
DMCC.NS,2025,24,583596000.0
DMCC.NS,2024,24,462518000.0
DMCC.NS,2023,24,384113000.0
DMART.NS,2026,10,52606900000.0
DMART.NS,2025,10,46116400000.0
DMART.NS,2024,10,42500300000.0
DMART.NS,2023,10,37660500000.0
DOLLAR.NS,2026,29,2062968000.0
DOLLAR.NS,2025,29,1895391000.0
DOLLAR.NS,2024,29,1614946000.0
DOLLAR.NS,2023,29,974833000.0
DODLA.NS,2026,10,3663390000.0
DODLA.NS,2025,10,4341180000.0
DODLA.NS,2024,10,3160330000.0
DODLA.NS,2023,10,2142730000.0
DNAMEDIA.NS,2025,61,148841000.0
DNAMEDIA.NS,2024,61,1790370000.0
DNAMEDIA.NS,2023,61,1277157000.0
DOLATALGO.NS,2026,64,2276580000.0
DOLATALGO.NS,2025,64,3477280000.0
DOLATALGO.NS,2024,64,2369340000.0
DOLATALGO.NS,2023,64,1782050000.0
DOMS.NS,2026,42,4211754000.0
DOMS.NS,2025,42,3710486000.0
DOMS.NS,2024,42,2821748000.0
DOMS.NS,2023,42,1901220000.0
DONEAR.NS,2026,29,1037394000.0
DONEAR.NS,2025,29,899729000.0
DONEAR.NS,2024,29,878604000.0
DONEAR.NS,2023,29,814092000.0
DOLPHIN.NS,2026,19,897957000.0
DOLPHIN.NS,2025,19,489843000.0
DOLPHIN.NS,2024,19,25663000.0
DOLPHIN.NS,2023,19,440366000.0
DPWIRES.NS,2026,42,277348000.0
DPWIRES.NS,2025,42,351957000.0
DPWIRES.NS,2024,42,556381000.0
DPWIRES.NS,2023,42,605084000.0
DPABHUSHAN.NS,2026,29,3096740000.0
DPABHUSHAN.NS,2025,29,1745275000.0
DPABHUSHAN.NS,2024,29,1005549000.0
DPABHUSHAN.NS,2023,29,765452000.0
DRCSYSTEMS.NS,2026,62,283260000.0
DRCSYSTEMS.NS,2025,62,212090000.0
DRCSYSTEMS.NS,2024,62,149725000.0
DRCSYSTEMS.NS,2023,62,99770000.0
DPSCLTD.NS,2025,35,702287000.0
DPSCLTD.NS,2024,35,873583000.0
DPSCLTD.NS,2023,35,860383000.0
DPSCLTD.NS,2022,35,814841000.0
DRREDDY.NS,2026,21,79160000000.0
DRREDDY.NS,2025,21,96671000000.0
DRREDDY.NS,2024,21,88422000000.0
DRREDDY.NS,2023,21,74431000000.0
DREAMFOLKS.NS,2026,42,219720000.0
DREAMFOLKS.NS,2025,42,973050000.0
DREAMFOLKS.NS,2024,42,969520000.0
DREAMFOLKS.NS,2023,42,1019180000.0
DREDGECORP.NS,2026,42,2534578000.0
DREDGECORP.NS,2025,42,1635957000.0
DREDGECORP.NS,2024,42,1996999000.0
DSFCL.NS,2026,24,68200000.0
DSFCL.NS,2025,24,367700000.0
DUCON.NS,2026,42,265203000.0
DUCON.NS,2025,42,314675000.0
DUCON.NS,2024,42,215863000.0
DUCON.NS,2023,42,161215000.0
DSSL.NS,2026,62,1516535000.0
DSSL.NS,2025,62,1098915000.0
DSSL.NS,2024,62,823648000.0
DSSL.NS,2023,62,553857000.0
DTIL.NS,2026,10,392790000.0
DTIL.NS,2025,10,121285000.0
DWARKESH.NS,2026,10,940323000.0
DWARKESH.NS,2025,10,1199108000.0
DWARKESH.NS,2024,10,2158867000.0
DWARKESH.NS,2023,10,2267494000.0
DYNPRO.NS,2026,24,526518000.0
DYNPRO.NS,2025,24,483169000.0
DYNPRO.NS,2024,24,326838000.0
DYNPRO.NS,2023,24,234478000.0
DYNAMATECH.NS,2026,29,1848200000.0
DYNAMATECH.NS,2025,29,1811200000.0
DYNAMATECH.NS,2024,29,2567600000.0
DYNAMATECH.NS,2023,29,1858800000.0
DYCL.NS,2026,42,1363110000.0
DYCL.NS,2025,42,1118798000.0
DYCL.NS,2024,42,767875000.0
DYCL.NS,2023,42,626195000.0
E2E.NS,2026,62,1602687000.0
E2E.NS,2025,62,1360876000.0
E2E.NS,2024,62,495522000.0
E2E.NS,2023,62,337966000.0
DVL.NS,2026,64,2043415000.0
DVL.NS,2025,64,2636084000.0
DVL.NS,2024,64,2355379000.0
DVL.NS,2023,64,7455519000.0
EASEMYTRIP.NS,2025,29,1612190000.0
EASEMYTRIP.NS,2024,29,1549050000.0
EASEMYTRIP.NS,2023,29,1904400000.0
EBGNG.NS,2026,62,2005040000.0
EBGNG.NS,2025,62,1261440000.0
EBGNG.NS,2024,62,797890000.0
EBGNG.NS,2023,62,469900000.0
EASTSILK.NS,2025,29,25918000.0
ECLERX.NS,2026,62,11526250000.0
ECLERX.NS,2025,62,8946140000.0
ECLERX.NS,2024,62,8610920000.0
ECLERX.NS,2023,62,7881660000.0
ECOSMOBLTY.NS,2026,42,1052200000.0
ECOSMOBLTY.NS,2025,42,1023210000.0
ECOSMOBLTY.NS,2024,42,1037572000.0
ECOSMOBLTY.NS,2023,42,724800000.0
EIDPARRY.NS,2025,24,33043200000.0
EIDPARRY.NS,2024,24,28594300000.0
EIDPARRY.NS,2023,24,32157900000.0
EIDPARRY.NS,2022,24,25963600000.0
EICHERMOT.NS,2026,29,80139600000.0
EICHERMOT.NS,2025,29,67167400000.0
EICHERMOT.NS,2024,29,58505000000.0
EICHERMOT.NS,2023,29,43538600000.0
EFCIL.NS,2026,68,4853782000.0
EFCIL.NS,2025,68,3451996000.0
EFCIL.NS,2024,68,1854999000.0
EFCIL.NS,2023,68,562544000.0
EIFFL.NS,2026,10,158800000.0
EIFFL.NS,2025,10,136700000.0
EIFFL.NS,2024,10,94500000.0
EIFFL.NS,2023,10,79000000.0
EIHOTEL.NS,2026,29,11143300000.0
EIHOTEL.NS,2025,29,11838000000.0
EIHOTEL.NS,2024,29,10661980000.0
EIHOTEL.NS,2023,29,6142880000.0
EIHAHOTELS.NS,2026,29,1345799000.0
EIHAHOTELS.NS,2025,29,1408912000.0
EIHAHOTELS.NS,2024,29,1260050000.0
EIHAHOTELS.NS,2023,29,1017600000.0
EIMCOELECO.NS,2026,42,592878000.0
EIMCOELECO.NS,2025,42,739682000.0
EIMCOELECO.NS,2024,42,574654000.0
EIMCOELECO.NS,2023,42,331046000.0
EIEL.NS,2026,42,3104316000.0
EIEL.NS,2025,42,2871769000.0
EIEL.NS,2024,42,1701746000.0
EIEL.NS,2023,42,825540000.0
ELANTAS.NS,2025,24,2203176000.0
ELANTAS.NS,2024,24,1991395000.0
ELANTAS.NS,2023,24,1960932000.0
ELANTAS.NS,2022,24,1421400000.0
EKC.NS,2026,42,2242500000.0
EKC.NS,2025,42,1855500000.0
EKC.NS,2024,42,1643200000.0
EKC.NS,2023,42,1447360000.0
ELDEHSG.NS,2026,68,415308000.0
ELDEHSG.NS,2025,68,356560000.0
ELDEHSG.NS,2024,68,484929000.0
ELDEHSG.NS,2023,68,612075000.0
ELECTCAST.NS,2026,42,5351678000.0
ELECTCAST.NS,2025,42,11588789000.0
ELECTCAST.NS,2024,42,12619821000.0
ELECTCAST.NS,2023,42,7685624000.0
ELECON.NS,2026,42,5816400000.0
ELECON.NS,2025,42,6086200000.0
ELECON.NS,2024,42,5226200000.0
ELECON.NS,2023,42,3567200000.0
ELECTHERM.NS,2026,24,442500000.0
ELECTHERM.NS,2025,24,4996700000.0
ELECTHERM.NS,2024,24,4232100000.0
ELECTHERM.NS,2023,24,1037700000.0
ELGIRUBCO.NS,2025,29,394454000.0
ELGIRUBCO.NS,2024,29,553730000.0
ELGIRUBCO.NS,2023,29,460240000.0
ELGIEQUIP.NS,2026,42,6886000000.0
ELGIEQUIP.NS,2025,42,5881000000.0
ELGIEQUIP.NS,2024,42,5463000000.0
ELGIEQUIP.NS,2023,42,6078600000.0
EMAMIPAP.NS,2026,24,2159300000.0
EMAMIPAP.NS,2025,24,1462700000.0
EMAMIPAP.NS,2024,24,2337100000.0
EMAMIPAP.NS,2023,24,2155200000.0
ELIN.NS,2026,42,622060000.0
ELIN.NS,2025,42,707100000.0
ELIN.NS,2024,42,492760000.0
ELIN.NS,2023,42,670060000.0
ELLEN.NS,2026,24,1662660000.0
ELLEN.NS,2025,24,1456850000.0
EMAMIREAL.NS,2023,68,27300000.0
ELPROINTL.NS,2026,99,2217928000.0
ELPROINTL.NS,2025,99,1518615000.0
ELPROINTL.NS,2024,99,1374562000.0
ELPROINTL.NS,2023,99,753074000.0
EMAMILTD.NS,2026,10,10345400000.0
EMAMILTD.NS,2025,10,10814100000.0
EMAMILTD.NS,2024,10,9867159000.0
EMAMILTD.NS,2023,10,9241898000.0
EMCURE.NS,2026,21,18458620000.0
EMCURE.NS,2025,21,15313110000.0
EMCURE.NS,2024,21,12403260000.0
EMCURE.NS,2023,21,11702480000.0
EMBDL.NS,2025,68,5028560000.0
EMBDL.NS,2024,68,278910000.0
EMMBI.NS,2026,29,424440000.0
EMMBI.NS,2025,29,384110000.0
EMMBI.NS,2024,29,374880000.0
EMMBI.NS,2023,29,338010000.0
EMIL.NS,2026,29,4532410000.0
EMIL.NS,2025,29,4602550000.0
EMIL.NS,2024,29,4568480000.0
EMIL.NS,2023,29,3438470000.0
EMUDHRA.NS,2026,62,1705370000.0
EMUDHRA.NS,2025,62,1323820000.0
EMUDHRA.NS,2024,62,1163680000.0
EMUDHRA.NS,2023,62,926090000.0
EMKAY.NS,2026,64,475802000.0
EMKAY.NS,2025,64,793264000.0
EMKAY.NS,2024,64,556691000.0
EMKAY.NS,2023,64,240652000.0
EMMVEE.NS,2026,62,17878899000.0
EMMVEE.NS,2025,62,7466501000.0
EMMVEE.NS,2024,62,1190500000.0
EMMVEE.NS,2023,62,799980000.0
ENDURANCE.NS,2026,29,20686600000.0
ENDURANCE.NS,2025,29,16802300000.0
ENDURANCE.NS,2024,29,14127710000.0
ENDURANCE.NS,2023,29,10704670000.0
EMSLIMITED.NS,2026,42,1526765000.0
EMSLIMITED.NS,2025,42,2670340000.0
EMSLIMITED.NS,2024,42,2133255000.0
EMSLIMITED.NS,2023,42,1513600000.0
ENERGYDEV.NS,2026,35,233196000.0
ENERGYDEV.NS,2024,35,179211000.0
ENERGYDEV.NS,2023,35,292900000.0
ENRIN.NS,2025,35,16187000000.0
ENRIN.NS,2024,35,8706000000.0
ENIL.NS,2026,61,679748000.0
ENIL.NS,2025,61,1165747000.0
ENIL.NS,2024,61,1348860000.0
ENTERO.NS,2026,21,2770140000.0
ENTERO.NS,2025,21,2110530000.0
ENTERO.NS,2024,21,1210540000.0
ENTERO.NS,2023,21,649490000.0
EPACK.NS,2026,29,1237299000.0
EPACK.NS,2025,29,1757221000.0
EPACK.NS,2024,29,1220819000.0
EPACK.NS,2023,29,986797000.0
EPACKPEB.NS,2026,42,1768743000.0
EPACKPEB.NS,2025,42,1224458000.0
EPACKPEB.NS,2024,42,857740000.0
EPACKPEB.NS,2023,42,533460000.0
EPIGRAL.NS,2026,24,5557000000.0
EPIGRAL.NS,2025,24,7161700000.0
EPIGRAL.NS,2024,24,4766400000.0
EPIGRAL.NS,2023,24,6812026000.0
ENGINERSIN.NS,2026,42,9383256000.0
ENGINERSIN.NS,2025,42,7803789000.0
ENGINERSIN.NS,2024,42,5155791000.0
ENGINERSIN.NS,2023,42,4727165000.0
ERIS.NS,2026,21,11107100000.0
ERIS.NS,2025,21,10356200000.0
ERIS.NS,2024,21,6986500000.0
ERIS.NS,2023,21,5478990000.0
ESABINDIA.NS,2026,42,2931300000.0
ESABINDIA.NS,2025,42,2523200000.0
ESABINDIA.NS,2024,42,2358600000.0
ESABINDIA.NS,2023,42,1944800000.0
EPL.NS,2026,29,9803000000.0
EPL.NS,2025,29,8781000000.0
EPL.NS,2024,29,7118000000.0
EPL.NS,2023,29,6124000000.0
EQUIPPP.NS,2026,62,32926000.0
EQUIPPP.NS,2025,62,19561000.0
EQUIPPP.NS,2024,62,920000.0
EQUIPPP.NS,2023,62,5806000.0
ESSENTIA.NS,2026,10,62039000.0
ESSENTIA.NS,2025,10,116447000.0
ESSENTIA.NS,2024,10,232500000.0
ESSENTIA.NS,2023,10,72671000.0
ESCORTS.NS,2026,42,20862500000.0
ESCORTS.NS,2025,42,16300500000.0
ESCORTS.NS,2024,42,15282600000.0
ESCORTS.NS,2023,42,9954000000.0
ETHOSLTD.NS,2026,29,2475389000.0
ETHOSLTD.NS,2025,29,2125101000.0
ETHOSLTD.NS,2024,29,1759781000.0
ETHOSLTD.NS,2023,29,1293530000.0
ESSARSHPNG.NS,2025,42,7578800000.0
ESSARSHPNG.NS,2024,42,63500000.0
ESSARSHPNG.NS,2023,42,17942900000.0
ETERNAL.NS,2026,29,26040000000.0
ETERNAL.NS,2025,29,17140000000.0
ETERNAL.NS,2024,29,8860000000.0
ESTER.NS,2026,24,1105595000.0
ESTER.NS,2025,24,1638857000.0
ESTER.NS,2024,24,33884000.0
ESTER.NS,2023,24,1041878000.0
EUROBOND.NS,2026,42,566720000.0
EUROBOND.NS,2025,42,429918000.0
EUROBOND.NS,2024,42,334020000.0
EUROBOND.NS,2023,42,249047000.0
EUROPRATIK.NS,2026,24,1132714000.0
EUROPRATIK.NS,2025,24,1092405000.0
EUROPRATIK.NS,2024,24,889860000.0
EUROPRATIK.NS,2023,24,836120000.0
EUREKAFORB.NS,2026,29,2965820000.0
EUREKAFORB.NS,2025,29,2843287000.0
EUREKAFORB.NS,2024,29,1920084000.0
EUREKAFORB.NS,2023,29,1147765000.0
EVERESTIND.NS,2025,42,561912000.0
EVERESTIND.NS,2024,42,663027000.0
EVERESTIND.NS,2023,42,1081146000.0
EVEREADY.NS,2026,42,2160600000.0
EVEREADY.NS,2025,42,1538500000.0
EVEREADY.NS,2024,42,1426081000.0
EVEREADY.NS,2023,42,1125419000.0
EXICOM.NS,2024,42,1254799000.0
EXICOM.NS,2023,42,662472000.0
EXCELSOFT.NS,2026,62,869970000.0
EXCELSOFT.NS,2025,62,879820000.0
EXCELSOFT.NS,2024,62,565970000.0
EXCELSOFT.NS,2023,62,677870000.0
EXCELINDUS.NS,2026,24,1371713000.0
EXCELINDUS.NS,2025,24,1493762000.0
EXCELINDUS.NS,2024,24,553403000.0
EXCELINDUS.NS,2023,24,1387982000.0
EXIDEIND.NS,2026,29,19613900000.0
EXIDEIND.NS,2025,29,19113300000.0
EXIDEIND.NS,2024,29,19075600000.0
EXIDEIND.NS,2023,29,17123700000.0
EUROTEXIND.NS,2026,68,7364000.0
EUROTEXIND.NS,2025,68,18942000.0
EUROTEXIND.NS,2023,68,22139000.0
EXPLEOSOL.NS,2026,62,1931260000.0
EXPLEOSOL.NS,2025,62,1818690000.0
EXPLEOSOL.NS,2024,62,1558490000.0
EXPLEOSOL.NS,2023,62,2162460000.0
EXXARO.NS,2026,42,256416000.0
EXXARO.NS,2025,42,232153000.0
EXXARO.NS,2024,42,260138000.0
EXXARO.NS,2023,42,343989000.0
FABTECH.NS,2026,21,577346000.0
FABTECH.NS,2025,21,651373000.0
FABTECH.NS,2024,21,397511000.0
FABTECH.NS,2023,21,323768000.0
FCL.NS,2026,24,1678193000.0
FCL.NS,2025,24,1515326000.0
FCL.NS,2024,24,1639325000.0
FCL.NS,2023,24,1192867000.0
FACT.NS,2026,24,2455200000.0
FACT.NS,2025,24,3359000000.0
FACT.NS,2024,24,3124926000.0
FACT.NS,2023,24,8877293000.0
FAIRCHEMOR.NS,2026,24,220398000.0
FAIRCHEMOR.NS,2025,24,441209000.0
FAIRCHEMOR.NS,2024,24,681137000.0
FAIRCHEMOR.NS,2023,24,730068000.0
