brsr_question,xbrl_tag,bm25_score,ncd_score,p_value,verification_status,alt_xbrl_tag_1,alt_score_1
What is the scope 1 and scope 2 emissions intensity for the current year?,Number Of Employees In The Company At The End Of The Financial Year,10.8068,0.7183,0.0,Weak Match - Review,Whether There Is Any Change In Functional Currency During The Year,10.1544
What is the scope 3 emissions intensity for the current year?,Number Of Employees In The Company At The End Of The Financial Year,10.8068,0.7164,0.0,Weak Match - Review,Whether There Is Any Change In Functional Currency During The Year,10.1544
What was the Total Scope 1 and 2 intensity (Current Year) (Unit: Metric Tonne) - Physical Output?,unit Denominator,8.0969,0.8571,0.016,Verified,unit Numerator,7.8955
What is the scope 1 and scope 2 emissions intensity in terms of purchasing power parity for the current year?,Number Of Employees In The Company At The End Of The Financial Year,12.1251,0.7717,0.0,Weak Match - Review,Whether There Is Any Change In Functional Currency During The Year,11.1211
What are the total PM emissions for the Current Year (Unit: Metric Tonne)?,Whether There Are Changes In Acounting Estimates During The Year,11.147,0.6753,0.0,Weak Match - Review,Number Of Employees In The Company At The End Of The Financial Year,10.8068
What are the total SOx emissions for the Current Year (Unit: Metric Tonne)?,Whether There Are Changes In Acounting Estimates During The Year,11.147,0.6923,0.0,Weak Match - Review,Number Of Employees In The Company At The End Of The Financial Year,10.8068
What are the total NOx emissions for the Current Year (Unit: Metric Tonne)?,Whether There Are Changes In Acounting Estimates During The Year,11.147,0.6923,0.0,Weak Match - Review,Number Of Employees In The Company At The End Of The Financial Year,10.8068
What is the water intensity per rupee of turnover in crores for the Current Year? (in kilolitres),Number Of Employees In The Company At The End Of The Financial Year,12.9394,0.7209,0.0,Weak Match - Review,Whether There Is Any Change In Functional Currency During The Year,12.0878
What is the % of untreated water discharge?,Cost Water Charges,8.9314,0.7143,0.006,Verified,Name Of Stock Exchange Where The Company Is Listed,6.2146
What is the total volume of fresh water withdrawal (in kilolitres) for the Current Year?,Number Of Employees In The Company At The End Of The Financial Year,12.1251,0.7439,0.0,Weak Match - Review,Whether There Is Any Change In Functional Currency During The Year,11.1211
What is the total volume of fresh water discharge (in kilolitres) for the Current Year?,Number Of Employees In The Company At The End Of The Financial Year,12.1251,0.7561,0.0,Weak Match - Review,Whether There Is Any Change In Functional Currency During The Year,11.1211
What is the total volume of water consumed (in kilolitres) in areas of water stress for the Current Year?,Cost Water Charges,17.8628,0.809,0.0,Verified,Number Of Employees In The Company At The End Of The Financial Year,13.4435
What is the total effluent discharge in the Current Year?,Number Of Employees In The Company At The End Of The Financial Year,11.621,0.7313,0.0,Weak Match - Review,Whether There Is Any Change In Functional Currency During The Year,11.1211
How much was the Water intensity in Current Year (in kilolitres) for physical output?,Cost Water Charges,8.9314,0.8333,0.012,Verified,Top Ten Employed Throughout The Financial Year Was In Receipt Of Remuneration In Aggregate For That Year Not Less Than One Crore And Two Lakh Rupees Explanatory,8.82
What is the water intensity per rupee of turnover adjusted for Purchasing Power Parity in crores Current Year (in kilolitres) - PPP?,Whether There Is Any Change In Functional Currency During The Year,9.1543,0.7568,0.0,Verified,Cost Water Charges,8.9314
What is the energy intensity turnover for the current year?,Steps Taken By The Company For Utilising Alternate Sources Of Energy Explanatory,11.6744,0.6667,0.0,Verified,Number Of Employees In The Company At The End Of The Financial Year,10.8068
Percentage of energy consumed from renewable sources?,Raw Materials Consumed,9.4894,0.7627,0.006,Verified,Steps Taken By The Company For Utilising Alternate Sources Of Energy Explanatory,9.1394
What is the energy intensity in terms of physical output?,Steps Taken By The Company For Utilising Alternate Sources Of Energy Explanatory,7.709,0.679,0.0,Verified,Details Regarding Energy Conservation,7.1394
What is the energy intensity adjusted for Purchasing Power Parity for Current Year?,Steps Taken By The Company For Utilising Alternate Sources Of Energy Explanatory,9.8272,0.6296,0.0,Verified,Whether Company Has Published Sustainability Report For The Financial Year,8.1178
What is the waste intensity adjusted for Purchasing Power Parity for Current Year?,Whether Company Has Published Sustainability Report For The Financial Year,8.1178,0.6076,0.0,Verified,Whether There Is Any Change In Functional Currency During The Year,7.2209
How much was the hazardous waste for the current year (in metric tonnes)?,Number Of Employees In The Company At The End Of The Financial Year,11.621,0.7361,0.0,Weak Match - Review,Whether Company Has Published Sustainability Report For The Financial Year,10.0099
What is the waste recycled/recovered intensity for the current year?,Number Of Employees In The Company At The End Of The Financial Year,10.8068,0.7143,0.0,Weak Match - Review,Whether There Is Any Change In Functional Currency During The Year,10.1544
Percentage of recycled or reused input material used in production (for manufacturing industry) or providing services (for service industry),Type Of Industry,16.1189,0.8812,0.0,Verified,Quantity Of Highest Contributing Product Or Service In Uom,8.1029
What was the total waste intensity (current year) (Unit: Metric Tonne) - Physical Output?,unit Denominator,8.0969,0.8636,0.01,Verified,unit Numerator,7.8955
What is the waste intensity adjusted for Purchasing Power Parity for the current year?,Whether Company Has Published Sustainability Report For The Financial Year,11.3101,0.641,0.0,Verified,Number Of Employees In The Company At The End Of The Financial Year,10.8068
Turnover of products and/or services as a percentage of turnover from all products/service that carry information about the safe and responsible usage?,Products And Services Domain,19.7115,0.8142,0.0,Verified,Turnover Of Product Or Service Category,15.8496
What is the clinker factor ratio?,Description Of How Entity Establishes Hedge Ratio And What Sources Of Hedge Ineffectiveness Are,7.9057,0.7582,0.002,Verified,Name Of Stock Exchange Where The Company Is Listed,5.7656
What is fly ash % utilisation in current year?,Amount Provided In Current Year,6.4784,0.7222,0.0,Weak Match - Review,Other Utilisation Of Securities Premium If Permitted,5.793
Is the company investing in new generation aircraft fleet? Has the number increased as compared to previous year?,Number Of Employees In The Company At The End Of The Financial Year,14.9795,0.75,0.0,Weak Match - Review,Whether Company Has Published Sustainability Report For The Financial Year,13.9526
"What percentage of the total virgin raw material does the company produced and/or purchased covered by FSC, PEFC and/or SFI certification?",Disclosure In Auditors Report Relating To Fraud By The Company Or On The Company By Its Officers Or Its Employees Reported During Period,12.7616,0.7059,0.0,Weak Match - Review,Whether These Are In Accordance With The Books Of Accounts Maintained By The Company Explanatory,11.8216
Total Lost time incident rate (LTIR)_Workers?,Discount Rate Used To Reflect Time Value Of Money Regulatory Deferral Account Balances,5.2544,0.7711,0.0,Verified,Rate Of Return Used To Reflect Time Value Of Money Regulatory Deferral Account Balances,4.9265
Total Lost time incident rate (LTIR)_Employees?,Commission Employees,6.9484,0.7273,0.008,Verified,Discount Rate Used To Reflect Time Value Of Money Regulatory Deferral Account Balances,5.2544
Total recordable work related injuries for employees as a % of the total employees in the company,Number Of Employees In The Company At The End Of The Financial Year,17.7571,0.6829,0.0,Verified,Commission Employees,13.8968
Total recordable work related injuries for workers as a % of the total workers in the company,Number Of Employees In The Company At The End Of The Financial Year,12.0919,0.7215,0.0,Weak Match - Review,Percentage To Total Turnover Of Company,11.4928
Fatalities of employees,Commission Employees,6.9484,0.5484,0.0,Verified,Number Of Permanent Employees On Rolls Of Company,4.3096
Fatalities of workers,Address Of Registered Office Of Company,0.7288,0.814,0.016,Weak Match - Review,Name Of State Union Territory Of Place Of Maintenance Of Computer Servers Storing Accounting Data,0.7267
Count of high consquence work related injury or ill health of employees (excluding fatalities),Commission Employees,6.9484,0.8214,0.004,Verified,Rates And Taxes Excluding Taxes On Income,5.8876
Count of high consquence work related injury or ill health of (excluding fatalities),Rates And Taxes Excluding Taxes On Income,5.8876,0.8354,0.018,Weak Match - Review,Capital Work In Progress,5.499
Percentage of plants and offices that were assessed (by entity or statutory authorities or third parties) with respect to health and safety practices?,Percentage Of Paid Up Capital Held By Foreign Holding Company And Or With Its Subsidiaries,9.9289,0.7652,0.0,Weak Match - Review,Compensation From Third Parties For Items Of Property Plant And Equipment,9.7602
Provide percentage of total employees covered under health and safety measures training,Training Recruitment Expenses,9.7928,0.8052,0.014,Verified,Safety Security Expenses,9.088
Percentage of total permanent employees covered by health insurance,Percentage Of Shares Held By Insurance Companies,8.3054,0.6364,0.0,Verified,Percentage Of Total Shares Held,8.2243
Percentage of total other than permanent employees covered by health insurance,Percentage Of Shares Held By Insurance Companies,8.3054,0.6389,0.0,Verified,Percentage Of Total Shares Held,8.2243
Percentage of total permanent workers covered by health insurance,Percentage Of Shares Held By Insurance Companies,8.3054,0.6364,0.0,Verified,Percentage Of Total Shares Held,8.2243
Percentage of total other than permanent workers covered by health insurance,Percentage Of Shares Held By Insurance Companies,8.3054,0.6429,0.0,Verified,Percentage Of Total Shares Held,8.2243
Percentage of total permanent employees covered by accident insurance,Percentage Of Shares Held By Insurance Companies,8.3054,0.6269,0.0,Verified,Percentage Of Total Shares Held,8.2243
What is the percentage of female employees in the workforce,Number Of Employees In The Company At The End Of The Financial Year,13.1578,0.6716,0.0,Weak Match - Review,Name Of Stock Exchange Where The Company Is Listed,9.5413
What is the turnover rate for permanent female employees in the Current Year,Number Of Employees In The Company At The End Of The Financial Year,14.4536,0.6338,0.0,Verified,Whether There Is Any Change In Functional Currency During The Year,11.1211
What is the turnover rate for permanent female worker in the Current Year,Number Of Employees In The Company At The End Of The Financial Year,11.621,0.6714,0.0,Weak Match - Review,Whether There Is Any Change In Functional Currency During The Year,11.1211
Pay parity between male and female employees,Commission Employees,6.9484,0.7083,0.004,Verified,Description Of Link Between Reimbursement Right And Related Obligation,5.0603
Number of complaints on PSH as a % of female employees/workers for current year,Number Of Permanent Employees On Rolls Of Company,8.6109,0.6667,0.0,Verified,Number Of Employees In The Company At The End Of The Financial Year,7.2324
What is the gross wages paid to females as percentage of wages paid,Salaries And Wages,17.6477,0.7742,0.0,Verified,Dividends Paid To Noncontrolling Interests,9.0674
How many complaints were filed on discrimination at workplace in current year?,Whether Subsidiary Has Filed Balance Sheet,6.6731,0.7297,0.01,Verified,Amount Provided In Current Year,6.4784
How many complaints were filed by employees and workers or employees as a % of number of employees in the current year,Commission Employees,20.8453,0.8409,0.0,Verified,Number Of Employees In The Company At The End Of The Financial Year,18.2152
What is the number of pending/unresolved employees and workers grievances as % of total complaints filed in the current year,Number Of Employees In The Company At The End Of The Financial Year,17.0536,0.7647,0.0,Verified,Whether There Is Any Change In Functional Currency During The Year,11.1211
How many complaints were filed on wages in the current year,Salaries And Wages,8.8238,0.8197,0.006,Verified,Number Of Employees In The Company At The End Of The Financial Year,7.1176
Pending resolution of complaints as a % of total complaints filed by employees and workers pertaining to working conditions,Terms And Conditions Of Shares Pending Allotment,12.1432,0.7447,0.0,Verified,Explanation Of Unfulfilled Conditions And Other Contingencies Attaching To Government Assistance,7.55
What is the turnover rate for permanent workers for the Current Year,Whether Company Has Published Sustainability Report For The Financial Year,11.3101,0.6538,0.0,Verified,Number Of Employees In The Company At The End Of The Financial Year,10.8068
What is the turnover rate for permanent employees for the Current Year,Number Of Employees In The Company At The End Of The Financial Year,13.6393,0.6176,0.0,Verified,Whether Company Has Published Sustainability Report For The Financial Year,11.3101
What is the percentage of cost incurred as a % of total revenue of the company with regards to spending on measures towards wellbeing of employees and workers?,Number Of Employees In The Company At The End Of The Financial Year,15.6225,0.812,0.0,Verified,Percentage To Total Turnover Of Company,13.6699
Percentage of workers or employees in association(s) or unions recognised by the listed entity,Disclosure In Auditors Report Relating To Fraud By The Company Or On The Company By Its Officers Or Its Employees Reported During Period,10.3082,0.7117,0.0,Verified,Number Of Employees In The Company At The End Of The Financial Year,8.6544
What is the number of complaints filed by the customers as a % of revenue in Current Year?,Number Of Employees In The Company At The End Of The Financial Year,14.221,0.7024,0.0,Weak Match - Review,Whether These Are In Accordance With The Books Of Accounts Maintained By The Company Explanatory,11.1725
Total instances of product recalls,Total Number Of Product Or Service Category,8.2235,0.6471,0.0,Verified,Total Liabilities Of Subsidiary,4.971
% of value chain partners (by value of business done with such partners) that were assessed for Health and Safety practices?,Names Of All Partners In Partnership Firm,13.8831,0.8416,0.0,Verified,Safety Security Expenses,9.088
What is the purchases from trading houses % of total purchases,Purchases Of Stock In Trade,10.5442,0.7167,0.0,Verified,Purchases Of Goods Related Party Transactions,10.141
What is purchases from top 10 trading houses as % of total purchases from trading houses,Purchases Of Stock In Trade,10.5442,0.7463,0.0,Verified,Purchases Of Goods Related Party Transactions,10.141
Number of complaints filed by community stakeholders,Whether Subsidiary Has Filed Balance Sheet,6.6731,0.6552,0.006,Verified,Number Of Shares Held By Mutual Funds,4.8217
Count of pending/unresolved communities grievances,Share Application Money Pending Allotment,5.8633,0.6786,0.004,Weak Match - Review,Terms And Conditions Of Shares Pending Allotment,5.2857
Percentage of CSR obligation spent (CSR spent/CSR obligation),Amount CSR Spent For Financial Year,38.426,0.76,0.0,Weak Match - Review,CSR Expenditure,34.0691
What is the input material directly sourced from MSMEs/small producers (in % terms - As % of total purchases by value),Micro Small Medium Enterprises Domain,7.1668,0.787,0.03,Verified,Summary Of Quantitative Data About What Entity Manages As Capital,7.1412
Percentage of capital expenditure investments in specific technologies to improve the environmental and social impacts of products and processes to total capex,Percentage Of Capital Reduction To Capital Prior To Reduction,11.7768,0.7788,0.0,Verified,Percentage To Total Turnover Of Company,11.6298
What is the input material sourced directly from within India as % of total purchases,Summary Of Quantitative Data About What Entity Manages As Capital,7.1412,0.6835,0.0,Verified,Whether There Is Any Departure From Ind AS,6.4945
What is the % of job creation in smaller towns - wages paid to persons employed in smaller towns (permanent or non-permanent / on contract) as % of total wage cost,Contract Cost,10.8193,0.887,0.0,Verified,Material Cost Contract,10.0739
What are the number of days of account payable?,Description Of How Entity Establishes Hedge Ratio And What Sources Of Hedge Ineffectiveness Are,7.2109,0.7473,0.0,Verified,Number Of Employees In The Company At The End Of The Financial Year,7.1035
What is the sales to dealers/distributors as % of total sales,After Sales Service Expenses,10.4587,0.7705,0.0,Verified,Taxes Payable Sales Tax,9.861
What is the sales to top 10 dealers/distributors as % of total sales to dealers/distributors,After Sales Service Expenses,10.4587,0.8261,0.0,Verified,Sales Tax Pertaining To Exploration And Production Activities,9.9168
% of data breaches involving PII data of customers,Summary Of Quantitative Data About What Entity Manages As Capital,8.7251,0.7143,0.0,Weak Match - Review,Pin Code Of Place Of Maintenance Of Computer Servers Storing Accounting Data,8.1358
Share of buildings that are certified according to international building standards/GRESB/IGBC,Repairs To Building,10.9139,0.7765,0.002,Verified,Number Of Certified Emission Rights Under Certification,6.3897
Percentage of independent directors on the board,Directors Signing Board Report Domain,9.031,0.5962,0.0,Verified,Reappointment Of Independent Directors As Per Section 14910 Explanatory,7.9453
Number of independent women directors on the board,Directors Signing Board Report Domain,9.031,0.5893,0.0,Verified,Reappointment Of Independent Directors As Per Section 14910 Explanatory,7.9453
Number of women directors on the board,Directors Signing Board Report Domain,9.031,0.5652,0.0,Verified,Number Of Meetings Of Board,7.5815
Average attendance for board meeting in the current FY,Date Of Board Meeting When Final Accounts Were Approved,9.1564,0.5397,0.0,Verified,Date Of Board Of Directors Meeting In Which Board Report Referred To Under Section 134 Was Approved,8.2092
Number of directorships of all board members,Number Of Meetings Of Board,8.2712,0.7083,0.0,Verified,Names Of All Partners In Partnership Firm,7.0655
Number of directors against whom disciplinary action was taken by any law enforcement agency for the charges of bribery/corruption,Steps Taken By The Company For Utilising Alternate Sources Of Energy Explanatory,11.3607,0.7429,0.002,Weak Match - Review,Details Of Implementing Agency,9.0357
Number of complaints received in relation to issues of conflict of interest of the directors/KMPs,Number Of Employees In The Company At The End Of The Financial Year,8.9259,0.7381,0.0,Weak Match - Review,Number Of Other Issues Of Shares,8.5041
Percentage of independent directors in nomination and remuneration committee,Disclosure Of Policy Formulated By Nomination And Remuneration Committee Relating To Remuneration For Directors Key Managerial Personnels And Other Employees Explanatory,12.1125,0.7344,0.0,Verified,Remuneration To Directors,8.5397
Percentage of independent directors in audit committee,Disclosure Of Composition Of Audit Committee And Non Acceptance Of Any Recommendation Of Audit Committee Along With Reasons Explanatory,8.5732,0.7327,0.0,Verified,Reappointment Of Independent Directors As Per Section 14910 Explanatory,7.9453
Number of independent directors in risk management committee,Reappointment Of Independent Directors As Per Section 14910 Explanatory,7.9453,0.6622,0.0,Verified,Information About Ultimate Risk Management Strategy In Relation To Hedging Relationships That Entity Frequently Resets,6.3807
Number of independent directors in CSR committee,Disclosure Of Composition Of CSR Committee Text Block,16.6008,0.6364,0.0,Verified,Disclosure Of Composition Of CSR Committee Explanatory,16.4991
Percentage of subject matter experts appointed in the Audit Committee,Disclosure Of Composition Of Audit Committee And Non Acceptance Of Any Recommendation Of Audit Committee Along With Reasons Explanatory,8.5732,0.6436,0.0,Verified,Percentage Increase In Remuneration Of Director Or Managerial Personnel In The Financial Year,6.1425
Ratio of remuneration of MD/CEO to median remuneration of employees,Ratio Of Remuneration Of Director Or Managerial Personnel To Median Of Remuneration Of Employees For Financial Year,17.8818,0.6813,0.0,Verified,Percentage Increase In Median Remuneration Of Employees In Financial Year,14.4871
Percentage of non audit fees as compared to total audit fees,Custodial Fees,18.1946,0.807,0.0,Verified,Subscriptions Membership Fees,16.4583
Number of whistle blower complaints filed in the current year,Number Of Employees In The Company At The End Of The Financial Year,9.2135,0.6716,0.0,Weak Match - Review,Whether Subsidiary Has Filed Balance Sheet,6.6731
Number of pending consumer compliant on unfair trade practices,Share Application Money Pending Allotment,5.8633,0.6825,0.004,Verified,Trade Payables,5.3903
Number of employees against whom disciplinary action was taken by any law enforcement agency for the charges of bribery/corruption,Steps Taken By The Company For Utilising Alternate Sources Of Energy Explanatory,11.3607,0.7524,0.0,Weak Match - Review,Number Of Employees In The Company At The End Of The Financial Year,9.936
Number of workers against whom disciplinary action was taken by any law enforcement agency for the charges of bribery/corruption,Steps Taken By The Company For Utilising Alternate Sources Of Energy Explanatory,11.3607,0.7308,0.0,Verified,Details Of Implementing Agency,9.0357
What is the share of RPTs (as respective %age) in purchases,Summary Of Quantitative Data About What Entity Manages As Capital,7.1412,0.6571,0.0,Verified,Purchases Of Stock In Trade,6.8056
What is the share of RPTs (as respective %age) in sales,Summary Of Quantitative Data About What Entity Manages As Capital,7.1412,0.6429,0.002,Verified,Name Of Stock Exchange Where The Company Is Listed,6.2146
What is the share of RPTs (as respective %age) in loans and advances,Loans And Advances,9.9611,0.7826,0.0,Verified,Short Term Loans And Advances,9.76
What is the share of RPTs (as respective %age) in investments,Summary Of Quantitative Data About What Entity Manages As Capital,7.1412,0.6571,0.004,Verified,Name Of Stock Exchange Where The Company Is Listed,6.2146
Are there any initiatives towards reduction in GHG emissions,Whether There Are Any Major Customers,10.48,0.75,0.0,Weak Match - Review,Whether There Are Any Reportable Segments,10.3278
What are the VOC/POP/HAP emissions for the current year (Unit: Metric Tonne),Whether There Are Changes In Acounting Estimates During The Year,11.147,0.716,0.0,Weak Match - Review,Number Of Employees In The Company At The End Of The Financial Year,10.8068
"What are the initiatives taken to reduce the NOx, SOx, PM, VOC, HAP and POP air emissions",Steps Taken By The Company For Utilising Alternate Sources Of Energy Explanatory,10.4051,0.6782,0.0,Weak Match - Review,Whether These Are In Accordance With The Books Of Accounts Maintained By The Company Explanatory,10.0519
Does the company have facilities/operations in water stress regions,Cost Water Charges,8.9314,0.7647,0.006,Verified,Number Of Employees In The Company At The End Of The Financial Year,7.0844
Has the entity implemented mechanism for Zero Liquid Discharge,Whether Company Has Published Sustainability Report For The Financial Year,7.4528,0.6538,0.0,Verified,Whether Any Borrowing Costs Has Been Capitalised During The Year,6.3494
Does the company monitor Chemical Oxygen Demand during water discharge,Cost Water Charges,8.9314,0.7714,0.01,Verified,Disclosure In Auditors Report Relating To Fraud By The Company Or On The Company By Its Officers Or Its Employees Reported During Period,6.5099
Third party verification of water data,Cost Water Charges,8.9314,0.7391,0.008,Verified,Disclosure Relating To Physical Verification And Material Discrepancies Of Fixed Assets,5.0763
What are the goals/targets/commitments towards Energy consumption,Steps Taken By The Company For Utilising Alternate Sources Of Energy Explanatory,7.2884,0.6543,0.002,Verified,Appropriation Towards Bonus Shares,7.195
"Does the entity have any sites/facilities identified as designated consumers under the Performance, Achieve and Tade Scheme of the Government of India? (Y/N) If yes, disclose whether targets set under the PAT scheme have been achieved in case targets have not been achieved, provide the remedial action taken, if any",Whether Any Borrowing Costs Has Been Capitalised During The Year,30.8646,0.8544,0.0,Verified,Number Of Employees In The Company At The End Of The Financial Year,24.3398
Is there a disclosure regarding the energy management system? ISO 50001 Certification,Details Regarding Energy Conservation,13.0786,0.7262,0.0,Verified,Whether There Is Any Change In Functional Currency During The Year,7.8416
Waste management practices and strategies to reduce usage of hazardous and toxic chemicals from the products and processes,Products And Services Domain,11.6039,0.8298,0.0,Verified,Disclosure Of Products And Services Explanatory,9.2052
"What are the processes to safely reclaim the products for reusing, recycling and disposing at the end of life for, (a) Plastics (including packaging) (b)e-waste (c) hazardous waste and (d) other waste?",Number Of Employees In The Company At The End Of The Financial Year,18.4152,0.8542,0.0,Verified,Whether These Are In Accordance With The Books Of Accounts Maintained By The Company Explanatory,14.3956
"Whether Extended Producer Responsibility (EPR) is applicable to entity’s activities (Y/N). If yes, whether the waste collection plan is in line with the Extended Producer Responsibility plan submitteed to Pollution Control Boards",Whether Provisions Of Corporate Social Responsibility Are Applicable On Company,15.6654,0.7607,0.0,Verified,Whether There Is Any Change In Functional Currency During The Year,15.4085
Third party verification of waste data,Disclosure Relating To Physical Verification And Material Discrepancies Of Fixed Assets,5.0763,0.6824,0.0,Verified,Compensation From Third Parties For Items Of Property Plant And Equipment,4.4783
Is there presence of offices/manufacturing facilities in ecologically sensitive areas,Description How There Is Significant Influence In Associate,6.9957,0.6538,0.002,Verified,Disclosure Of Geographical Areas Explanatory,6.9195
Provide details of significant direct and indirect impact of the entity on biodiversity in ecological sensitive areas along with prevention and remediation activities,Impact Of Change In Classification Of Significant Foreign Operation On Shareholders Fund,10.2527,0.7265,0.0,Verified,Indication Of Other Forms Of Government Assistance With Direct Benefits For Entity,8.9971
Does the company have an Environment or a Biodiversity policy,Whether Initial Application Of An Ind As Has An Effect On The Current Period Or Any Prior Period,8.8104,0.7126,0.0,Verified,Disclosure In Auditors Report Relating To Fraud By The Company Or On The Company By Its Officers Or Its Employees Reported During Period,6.5103
Does the company’s policy on Biodiversity extend to its value chain partners (Y/N),Disclosure In Auditors Report Relating To Fraud By The Company Or On The Company By Its Officers Or Its Employees Reported During Period,10.2015,0.7297,0.0,Verified,Names Of All Partners In Partnership Firm,6.39
Does the company take initiatives with regards to its Biodiversity conservation/land rehabilitation and biodiversity restoration,Description Of Accounting Policy For Decommissioning Restoration And Rehabilitation Provisions Explanatory,9.8029,0.625,0.0,Verified,Disclosure In Auditors Report Relating To Fraud By The Company Or On The Company By Its Officers Or Its Employees Reported During Period,9.2738
Are there any goals/targets/commitments set towards carbon neutrality/ Net Zero,Whether There Are Any Major Customers,10.48,0.7975,0.0,Verified,Whether There Are Any Reportable Segments,10.3278
Does the organisation report on CDP Disclosure as per Climate Change Module,Profit Loss For The Period As Per Ind As,7.8171,0.7778,0.0,Weak Match - Review,Profit Loss For The Period As Per Indian Gaap,7.5797
"Does the company perform climate related scenario analysis (based on TCFD framework); Based on the climate risk assessment, has the company set up a plan to adapt to the identified physical climate risks",Number Of Employees In The Company At The End Of The Financial Year,21.5472,0.8129,0.0,Verified,Whether Company Has Published Sustainability Report For The Financial Year,20.2942
Presence of ISO 14001:2015 certifications,ISO Country Code Of Place Of Maintenance Of Computer Servers Storing Accounting Data,10.1836,0.7975,0.002,Verified,Address Of Registered Office Of Company,0.7288
Does the entity implement carbon pricing mechanism/model?,Description Of Other Inputs To Options Pricing Model Share Options Granted,8.0775,0.6761,0.0,Verified,Revenues From Transactions With Other Operating Segments Of The Same Entity,5.2093
Does the company have a policy on environmental management and is it available publicly,Name Of Stock Exchange Where The Company Is Listed,8.1442,0.7436,0.0,Verified,Whether Company Is Listed Company,7.0724
"Is the entity compliant with the appliacble environmental law/regulations/guidelines for India; such as the Water (Prevention and Control of Pollution) Act, AIr (Prevention and Control of Pollution) Act, Environmental protection act and rules thereunder (Y/N). If not, provide details of all such non compliances",Operating And Maintenance Cost Of Emission And Other Pollution Reduction Equipments,16.4324,0.8085,0.0,Verified,Number Of Employees In The Company At The End Of The Financial Year,15.0227
Does the company have a strategy for climate change adaptation and mitigation,Whether Company Has Published Sustainability Report For The Financial Year,6.7748,0.6282,0.002,Verified,Steps Taken By The Company For Utilising Alternate Sources Of Energy Explanatory,6.6144
Discussion of the integration of environmental considerations into strategic planning for data centre needs,Number Of Employees In The Company At The End Of The Financial Year,5.5117,0.7738,0.0,Weak Match - Review,Steps Taken By The Company For Utilising Alternate Sources Of Energy Explanatory,5.2272
"Are there any social or environmental concerns and/or risks arising from production or disposal of products, as identified in the Life Cycle Perspective/Assessments",CSR Project Or Activity Identified,14.1379,0.8175,0.0,Verified,Whether There Are Any Major Customers,10.48
"Has the company taken initiatives to use reusable, recyclable or compostable packagin",Steps Taken By The Company For Utilising Alternate Sources Of Energy Explanatory,9.5168,0.6667,0.0,Weak Match - Review,Whether Company Has Published Sustainability Report For The Financial Year,8.4351
What are the intiatives taken to reduce plastic packaging,Steps Taken By The Company For Utilising Alternate Sources Of Energy Explanatory,7.2884,0.6914,0.0,Verified,Description Of How Entity Establishes Hedge Ratio And What Sources Of Hedge Ineffectiveness Are,6.0672
Turnover of products and/or services as a percentage of turover from all products/service that carry information about the recycling and/or safe disposal,Products And Services Domain,19.7115,0.8288,0.0,Verified,Disclosure Of Products And Services Explanatory,15.7728
Does your company have a publicly available no deforestation policy or commitment that applies to your company’s operational practices,Statement That Remuneration Is As Per Remuneration Policy Of Company,8.3665,0.7264,0.0,Verified,Whether Company Has Written CSR Policy,8.1528
Does the company owns/lease/manages forest land for its operations,Disclosure In Auditors Report Relating To Fraud By The Company Or On The Company By Its Officers Or Its Employees Reported During Period,8.4809,0.7207,0.0,Verified,Whether Company Has Published Sustainability Report For The Financial Year,6.7748
Are there any intiatives taken with respect to sustainable agriclutire by the company,Whether These Are In Accordance With The Books Of Accounts Maintained By The Company Explanatory,11.5204,0.6703,0.0,Weak Match - Review,Steps Taken By The Company For Utilising Alternate Sources Of Energy Explanatory,11.4785
Is the manufacturing smart farm equipments/machinery,Repairs To Machinery,8.5726,0.7627,0.004,Verified,Capital Investment On Energy Conservation Equipments,6.3979
"Is the company exposed to animal products and are these certified or accredited by one or more independent third party? If yes, does the company demand or monitor such certification or accreditation from its suppliers?",Disclosure In Auditors Report Relating To Fraud By The Company Or On The Company By Its Officers Or Its Employees Reported During Period,21.6393,0.7518,0.0,Weak Match - Review,Whether These Are In Accordance With The Books Of Accounts Maintained By The Company Explanatory,19.4398
What are the initiatives taken with respect to Chemical Sagety management,Whether These Are In Accordance With The Books Of Accounts Maintained By The Company Explanatory,8.0367,0.7033,0.0,Weak Match - Review,Steps Taken By The Company For Utilising Alternate Sources Of Energy Explanatory,7.2884
Does the company have waste heat recovery systems for enchancing energy efficiency (Cement),Steps Taken By The Company For Utilising Alternate Sources Of Energy Explanatory,10.7861,0.679,0.0,Weak Match - Review,Details Regarding Energy Conservation,7.1394
"Is the forestland certified as per international sustainable forest management standards such as FSC, PEFC, SFI",Profit Loss For The Period As Per Ind As,10.246,0.7959,0.0,Verified,Profit Loss For The Period As Per Indian Gaap,9.3875
What measures are taken to reduce marine pollution and manage ballast water,Cost Water Charges,8.9314,0.7826,0.012,Verified,Description Of How Entity Establishes Hedge Ratio And What Sources Of Hedge Ineffectiveness Are,7.2492
Does the company comply with new regilation of Energy Efficiency Existing Ship (require al ships above 400GT),Steps Taken By The Company For Utilising Alternate Sources Of Energy Explanatory,9.9374,0.6667,0.0,Verified,Whether These Are In Accordance With The Books Of Accounts Maintained By The Company Explanatory,8.1754
Are there any initiatives to promot sustainable shipping practices or reduce the carbon footprint of port operations,Whether There Are Any Major Customers,10.48,0.8172,0.0,Verified,Whether There Are Any Reportable Segments,10.3278
Does the copmany manufacture electric or alternate fuel bsaed vessel/ships or related components for the same?,Steps Taken By The Company For Utilising Alternate Sources Of Energy Explanatory,12.3757,0.7097,0.0,Weak Match - Review,Revenues From Transactions With Other Operating Segments Of The Same Entity,10.1842
Is company using sustainable alternative fuels liek SAF in its fleet,Whether Company Is Listed Company,7.0724,0.7971,0.0,Verified,Shares In Company Held By Subsidiaries Of Its Holding Company,6.9466
Is there any commitment or plan to shift to alternate fuels such as SAF,Whether There Is Any Departure From Ind AS,10.6853,0.7083,0.0,Verified,Whether There Is Any Business Combination,9.6946
Has the company partnered with airframe and tehnology manufacturesre to increase fuel efficiency and reduce environmental impact,Power And Fuel,13.1582,0.8812,0.0,Verified,Whether Company Has Published Sustainability Report For The Financial Year,8.4351
"Does the company measure or track the age of aircrafts? If yes, the what is the average of company’s air fleet",Number Of Employees In The Company At The End Of The Financial Year,22.5553,0.7474,0.0,Weak Match - Review,Name Of Stock Exchange Where The Company Is Listed,21.401
Does the company monitor and measure noise levels? Are they compliant with noise regulations,Whether These Are In Accordance With The Books Of Accounts Maintained By The Company Explanatory,9.8894,0.6484,0.0,Verified,Disclosure Of Whether All Assets And Liabilities Are Registered With Company,7.4101
Does the company’s policy and measures align with International Civil Aviation Organisation’s Balance Approach,Balance With Banks,8.8941,0.835,0.0,Verified,Whether These Are In Accordance With The Books Of Accounts Maintained By The Company Explanatory,7.8257
Does the company have oil spill/gas leak action plan,Description Of Accounting Policy For Oil And Gas Assets Explanatory,7.5056,0.662,0.0,Verified,Number Of Employees In The Company At The End Of The Financial Year,6.2701
Did the company experience any spills for the current and previous years,Current Tax Pertaining To Previous Years,12.7412,0.6232,0.0,Verified,Number Of Employees In The Company At The End Of The Financial Year,10.7736
Does the entity have a system to finance sustainable projects,Transfers Under Finance Agreements To Entity Related Party Transactions,7.0296,0.6164,0.0,Verified,Initially Applied Ind A Ss Domain,6.3442
Are ESG factors incorporated in the lending and investment decisions,Whether These Are In Accordance With The Books Of Accounts Maintained By The Company Explanatory,6.9117,0.6923,0.0,Verified,Whether There Are Changes In Acounting Estimates During The Year,6.7231
Does the company follow sustainable mining practices,Number Of Employees In The Company At The End Of The Financial Year,6.2701,0.7164,0.0,Weak Match - Review,Whether These Are In Accordance With The Books Of Accounts Maintained By The Company Explanatory,5.8468
Does the company have tailing management system after mining,Number Of Employees In The Company At The End Of The Financial Year,6.2701,0.6866,0.0,Weak Match - Review,Whether These Are In Accordance With The Books Of Accounts Maintained By The Company Explanatory,5.8468
"Does the company have a publicly available policy in place for mining from conflict affected and high risk areas. If yes, provide details",Details If Exemption Is Granted For Statement Under Section 129,8.1136,0.7928,0.002,Verified,Description Of Accounting Policy For Mining Rights Explanatory,7.7292
Does the company undertake intiatives or programs to raise awareness about sustainability challenges and opportunities in the natural rubber industry for suppliers,Whether Company Has Published Sustainability Report For The Financial Year,14.9583,0.725,0.0,Verified,Number Of Employees In The Company At The End Of The Financial Year,11.5878
What measures are in palce to ensure public sagety and security at facilities?,Description Of How Entity Establishes Hedge Ratio And What Sources Of Hedge Ineffectiveness Are,7.2492,0.6593,0.002,Verified,Safety Security Expenses,6.4723
How are potential security threats and emergencies addressed,Indication Of How Frequently Hedging Relationships Are Discontinued And Restarted,7.6339,0.6667,0.002,Verified,Safety Security Expenses,6.4723
Is the company using low carbon vehicle and equipments in its ports to carry out operations,Disclosure In Auditors Report Relating To Fraud By The Company Or On The Company By Its Officers Or Its Employees Reported During Period,9.8858,0.7027,0.0,Verified,Vehicle Running Expenses,9.7928
Are the ESG related factors being monitored in investee companies/lending processes,Whether These Are In Accordance With The Books Of Accounts Maintained By The Company Explanatory,6.9117,0.6813,0.002,Weak Match - Review,Whether There Are Changes In Acounting Estimates During The Year,6.7231
Does the company lend towards Electric Vehicles,Appropriation Towards Bonus Shares,7.195,0.6545,0.004,Verified,Efforts Made Towards Technology Absorption Explanatory,6.4526
Does the company have ESG related products/services?,Products And Services Domain,9.9967,0.6833,0.0,Verified,Disclosure Of Products And Services Explanatory,7.5413
Does the company integrate ESG aspects in its insurance underwriting process for non life non health insurance reinsurance,Non Controlling Interest,12.0261,0.8404,0.0,Verified,Insurance,9.8941
Does your company offer eSG based products within its non life non health insurance business segment,Non Controlling Interest,12.0261,0.8295,0.0,Verified,Whether There Are Non Adjusting Events After Reporting Period,8.0668
Does the company participate in the GRESB for real estate benchmark assessment,Number Of Employees In The Company At The End Of The Financial Year,11.5878,0.6933,0.0,Weak Match - Review,Whether These Are In Accordance With The Books Of Accounts Maintained By The Company Explanatory,10.6948
Is the company currently operating/deploying low carbon fleet (EVs or other vehicles) in its logistics business or do they have a plan to shift current feet to low carbon alternative fleet,Disclosure In Auditors Report Relating To Fraud By The Company Or On The Company By Its Officers Or Its Employees Reported During Period,13.3113,0.7518,0.0,Weak Match - Review,Shares In Company Held By Holding Company Or Ultimate Holding Company Or By Its Subsidiaries Or Associates,9.7596
Does the company have End of Life Vehicles management,Number Of Employees In The Company At The End Of The Financial Year,9.4241,0.6866,0.0,Weak Match - Review,Whether These Are In Accordance With The Books Of Accounts Maintained By The Company Explanatory,6.1965
What steps are taken by the company to mitigate any potential health impacts of tyre and rubber product manufacturing on local communities,Steps Taken By The Company For Utilising Alternate Sources Of Energy Explanatory,16.446,0.7429,0.0,Verified,Steps Taken Or Impact On Conservation Of Energy Explanatory,11.8723
"Does the company have a strategy or initiative in place to enourage small forest owners and timber suppliers to adopt best practices or sustainable management in order to obtain certification from recognized systems such as PEF, FSC or equivalent",Disclosure In Auditors Report Relating To Fraud By The Company Or On The Company By Its Officers Or Its Employees Reported During Period,12.7456,0.815,0.0,Weak Match - Review,Information About Ultimate Risk Management Strategy In Relation To Hedging Relationships That Entity Frequently Resets,12.0065
"Does the company have commitment in place integrating circular fashin into all its operations? If yes, provide details",Disclosure In Auditors Report Relating To Fraud By The Company Or On The Company By Its Officers Or Its Employees Reported During Period,9.0928,0.7207,0.0,Weak Match - Review,Details Of Material Changes And Commitment Occurred During Period Affecting Financial Position Of Company,8.2597
Does the company manufacture/sell sustainable apparel or garments,Disclosure In Auditors Report Relating To Fraud By The Company Or On The Company By Its Officers Or Its Employees Reported During Period,6.5103,0.7387,0.0,Verified,Number Of Employees In The Company At The End Of The Financial Year,6.2701
Is the company using sustainable material in its typre (also state the ttype of material used) or has committed to use sustainable material in typres,Material Cost Contract,15.6078,0.8763,0.0,Verified,Disclosure In Auditors Report Relating To Fraud By The Company Or On The Company By Its Officers Or Its Employees Reported During Period,14.8426
Is the company manufacturing sustainable/eco-friendly paint/coatings,Name Of Stock Exchange Where The Company Is Listed,8.1442,0.7429,0.0,Weak Match - Review,Whether Company Is Listed Company,7.0724
Is the company manufacturing any energy efficient products or is spending on R&D for manufacturing such products in near future?,Products And Services Domain,11.8729,0.8081,0.0,Verified,Steps Taken By The Company For Utilising Alternate Sources Of Energy Explanatory,10.7861
Is the company fulfilling International Maritime Organisation - MARPOL Air Pollution prevention guidelines,Name Of Stock Exchange Where The Company Is Listed,8.1442,0.7684,0.0,Verified,Whether Company Is Listed Company,7.0724
Whether an occupational health and safety management system is implemented by the entity,Whether Initial Application Of An Ind As Has An Effect On The Current Period Or Any Prior Period,9.4734,0.6667,0.0,Weak Match - Review,Safety Security Expenses,9.088
What are the processes used to identify work-related hazards and assess risks on a routine and non routine bassi by the entity,Whether These Are In Accordance With The Books Of Accounts Maintained By The Company Explanatory,11.6829,0.7216,0.0,Weak Match - Review,Description Of How Entity Establishes Hedge Ratio And What Sources Of Hedge Ineffectiveness Are,10.5659
Does the company have processes for workers to report the work related hazards and to remove themselves from such risks (Y/N),Whether Company Has Published Sustainability Report For The Financial Year,12.6591,0.7115,0.0,Verified,Disclosure In Auditors Report Relating To Fraud By The Company Or On The Company By Its Officers Or Its Employees Reported During Period,11.3747
Was there training given to workers on health and sagety measures in Current Year,Training Recruitment Expenses,9.7928,0.7808,0.02,Verified,Advances Given During Year Related Party Transactions,7.4394
Does the company mention that they have a safety committee/policy in place with respect to accidents or misfortune events,Disclosure Responsibility Statement Of CSR Committee That Implementation And Monitoring Of CSR Policy Is In Compliance With CSR Policy Of Company,9.6813,0.7168,0.0,Weak Match - Review,Safety Security Expenses,9.088
Does the entity have ISO 45001:2018 certification,Number Of Certified Emission Rights Under Certification,6.2681,0.7193,0.006,Weak Match - Review,Revenues From Transactions With Other Operating Segments Of The Same Entity,5.2093
Are the entity’s manufacturing facilties WRAP certified,Whether These Are In Accordance With The Books Of Accounts Maintained By The Company Explanatory,6.0578,0.7473,0.0,Verified,Number Of Certified Emission Rights Under Certification,5.8487
Does the company have a target to achieve gender diversity in the workforce,Number Of Employees In The Company At The End Of The Financial Year,11.5878,0.7042,0.0,Weak Match - Review,Whether These Are In Accordance With The Books Of Accounts Maintained By The Company Explanatory,10.6948
Does the company have a diversity equality and inclusion policy,Initially Applied Ind A Ss Domain,6.3442,0.7344,0.008,Verified,Number Of Employees In The Company At The End Of The Financial Year,6.2701
Does the company have policy for precention to prevent sexual harassment at workplace,Number Of Employees In The Company At The End Of The Financial Year,8.0209,0.7273,0.0,Weak Match - Review,Whether Company Has Published Sustainability Report For The Financial Year,6.7748
Are all complaints filed by the employees during current fiscal year closed,Whether There Are Changes In Acounting Estimates During The Year,10.2254,0.6901,0.0,Weak Match - Review,Number Of Employees In The Company At The End Of The Financial Year,9.1359
Does the company have a human rights policy established,Initially Applied Ind A Ss Domain,6.3442,0.6833,0.014,Verified,Number Of Employees In The Company At The End Of The Financial Year,6.2701
"Does the company provide medical assistance (Ambulance service, fixed medical checkups, to the employees)",Employee Medical Insurance Expenses,14.564,0.7391,0.0,Verified,Number Of Employees In The Company At The End Of The Financial Year,13.6061
"Does the company take measures for the well being of individuals other than permanent employees (which may include interns, contracts, etc.)",Number Of Employees In The Company At The End Of The Financial Year,14.1102,0.7699,0.0,Verified,Disclosure In Auditors Report Relating To Fraud By The Company Or On The Company By Its Officers Or Its Employees Reported During Period,10.3515
Does the organisation have opportunities for Paternal leavesWhat all initiatives does the organisation undertake for increase in the retention rate of employees,Number Of Employees In The Company At The End Of The Financial Year,17.6613,0.7727,0.0,Verified,Whether These Are In Accordance With The Books Of Accounts Maintained By The Company Explanatory,13.1859
Does the company have employe development programs that have been developed to upgrade and improve employee skills,Whether Equity Have Been Measured At Fair Value,10.1171,0.7442,0.0,Verified,Whether Liabilities Have Been Measured At Fair Value,10.115
Did the company face any strike in the current year,Number Of Employees In The Company At The End Of The Financial Year,13.3877,0.7015,0.0,Weak Match - Review,Whether Any Borrowing Costs Has Been Capitalised During The Year,11.6907
Does the company conduct an employee satisfaction survey,Whether Initial Application Of An Ind As Has An Effect On The Current Period Or Any Prior Period,7.8298,0.6782,0.0,Verified,Number Of Employees In The Company At The End Of The Financial Year,6.2701
Does the company have policy on offering stock options,Name Of Stock Exchange Where The Company Is Listed,9.1951,0.6552,0.0,Verified,Cost Reimbursed By Subsidiary Company For Issuing Options Or Shares Under Employee Stock Option Or Stock Purchase Scheme,7.2484
Does the company have mechanisms to receive and respond to consumer complaints and feedback,Geological And Geophysical Expenditure Pertaining To Exploration And Production Activities,6.8819,0.6341,0.0,Verified,Disclosure In Auditors Report Relating To Fraud By The Company Or On The Company By Its Officers Or Its Employees Reported During Period,6.78
"Did your entity carry out any survey with regard to consumer satisfaction relating to the major products/services of the entity, significant locations of operation of the entity or the entity as a whole",Revenues From Transactions With Other Operating Segments Of The Same Entity,24.2778,0.803,0.0,Verified,Number Of Employees In The Company At The End Of The Financial Year,19.5261
Steps taken to inform and educate consumers about safe and responsible usage of products and/or service,Steps Taken Or Impact On Conservation Of Energy Explanatory,11.6475,0.6977,0.0,Verified,Products And Services Domain,11.6039
ISO 9001:2015 certification,Number Of Certified Emission Rights Under Certification,6.2681,0.7091,0.006,Verified,ISO Country Code Of Place Of Maintenance Of Computer Servers Storing Accounting Data,8.7993
Does the entity display product information on the product over and above what is mandated as per local laws,Profit Loss For The Period As Per Ind As,10.7651,0.8506,0.0,Verified,Profit Loss For The Period As Per Indian Gaap,10.7376
"When the onboarding of new vendors takes place, does the company have their supplier code of conduct designed",Number Of Employees In The Company At The End Of The Financial Year,11.7818,0.7802,0.0,Weak Match - Review,Whether These Are In Accordance With The Books Of Accounts Maintained By The Company Explanatory,10.5403
Disclose any significant adverse impact on the environment arising from the value chain of the entity. Are there any mitigations or adaptiation measures taken by the entity in this context,Whether These Are In Accordance With The Books Of Accounts Maintained By The Company Explanatory,20.8746,0.7984,0.0,Weak Match - Review,Whether There Is Any Change In Functional Currency During The Year,20.2712
Provide details of any corrective actions taken or underway to adderss significant risks/concerns arising from asessment of health and safety practices practices and working conditions of value chain partners,Disclosure Of Nature And Extent Of Risks Arising From Insurance Contracts Explanatory,10.3183,0.7958,0.0,Verified,Disclosure Of Nature And Extent Of Risks Arising From Financial Instruments Explanatory,10.1508
Does the entity have procedures in place for sustainable sourcing strategy around sustainable/efficient/responsible supply chain,Principal Place Of Business Of Entity Whose Consolidated Financial Statements Have Been Produced For Public Use,8.0442,0.7273,0.0,Weak Match - Review,Information About Ultimate Risk Management Strategy In Relation To Hedging Relationships That Entity Frequently Resets,6.762
Is there a robust supplier assessment done by the company to avoid any conflicts with ESG requirements/sustainability/ESG assessment for suppliers,Whether Company Has Published Sustainability Report For The Financial Year,11.766,0.6786,0.0,Verified,Description Of Intangible Assets With Indefinite Useful Life Supporting Assessment Of Indefinite Useful Life,10.7227
Does the company have a documented CSR policy in place,Whether Company Has Written CSR Policy,18.5912,0.6066,0.0,Verified,Disclosure Responsibility Statement Of CSR Committee That Implementation And Monitoring Of CSR Policy Is In Compliance With CSR Policy Of Company,16.2454
Whether there are mechanisms to receive and redress grievances of the community,Whether There Are Reclassifications To Comparative Amounts,11.228,0.6528,0.0,Verified,Whether There Are Changes In Acounting Estimates During The Year,10.9572
Does the entity disclose the details of beneficiaries of CSR projects,Number Of Employees In The Company At The End Of The Financial Year,10.0151,0.6912,0.0,Weak Match - Review,Revenues From Transactions With Other Operating Segments Of The Same Entity,8.9483
"Does the company conduct impact assessments for CSR projects? If yes, provide details",Disclosure Of Reasons If Company Fails To Spend Prescribed Amount On CSR,16.3512,0.6145,0.0,Verified,Details If Exemption Is Granted For Statement Under Section 129,8.1136
Does the company conduct of assessment of negative impacts of its operation on the communities,Disclosure In Auditors Report Relating To Fraud By The Company Or On The Company By Its Officers Or Its Employees Reported During Period,12.4372,0.7027,0.0,Verified,Number Of Employees In The Company At The End Of The Financial Year,12.2859
Provide details of actions taken to mitigate any negative social impacts identified in the Social Impact Assessments,Details On Policy Development And Implementation By Company On Corporate Social Responsibility Initiatives Taken During Year Explanatory,11.1613,0.687,0.0,Weak Match - Review,Details On Policy Development And Implementation By Company On Corporate Social Responsibility Initiatives Taken During Year Text Block,10.9706
Does the entity have a framework/policy on cybersecurity and risks related to data privacy,Description Of Risks To Which Plan Exposes Entity,8.2732,0.7284,0.0,Verified,Transfers Of Research And Development To Entity Related Party Transactions,6.602
Does the company’s policy on cybersecurity and risks related to data privacy extend to its value chain partners,Disclosure In Auditors Report Relating To Fraud By The Company Or On The Company By Its Officers Or Its Employees Reported During Period,10.9945,0.7387,0.0,Weak Match - Review,Description Of Risks To Which Plan Exposes Entity,7.1378
Provide number of instances of data breaches along with their impact on the company,Number Of Employees In The Company At The End Of The Financial Year,8.8701,0.7123,0.0,Weak Match - Review,Whether These Are In Accordance With The Books Of Accounts Maintained By The Company Explanatory,8.5251
Does the company conduct cybersecurity assessment by a third party,Whether These Are In Accordance With The Books Of Accounts Maintained By The Company Explanatory,7.4778,0.6923,0.0,Verified,Steps Taken By The Company For Utilising Alternate Sources Of Energy Explanatory,7.3067
"Does the entity comply with ISO 27001:2013, ISO 22301:2019 OR PCI DSS standards to safeguard the customer data",ISO Country Code Of Place Of Maintenance Of Computer Servers Storing Accounting Data,24.0502,0.7228,0.0,Weak Match - Review,Revenues From Transactions With Other Operating Segments Of The Same Entity,10.4022
Does the organisation conduct training on data privacy and awareness programs for information security to its customers/employees,Disclosure In Auditors Report Relating To Fraud By The Company Or On The Company By Its Officers Or Its Employees Reported During Period,10.1649,0.7117,0.0,Weak Match - Review,Information About Major Customers,9.8159
Does the company have a communication plan for engaging with the communities affected with aircraft noise,Whether These Are In Accordance With The Books Of Accounts Maintained By The Company Explanatory,13.7987,0.6703,0.0,Weak Match - Review,Number Of Employees In The Company At The End Of The Financial Year,10.7736
Does the company comply with Maritime Labour Convention adopted by International Labour Organisation in 2006,Site Labour Supervision Cost Contracts,14.8101,0.7684,0.0,Verified,Whether These Are In Accordance With The Books Of Accounts Maintained By The Company Explanatory,10.3106
Is the company’s training centre for its seafarers certified or has got validated by any institution,Disclosure In Auditors Report Relating To Fraud By The Company Or On The Company By Its Officers Or Its Employees Reported During Period,11.7034,0.7207,0.0,Weak Match - Review,Training Recruitment Expenses,9.7928
Does the company have agreements which safeguard the wellbeing of farm workers through the Agricultural Labour Practices Code,Number Of Employees In The Company At The End Of The Financial Year,15.7811,0.7736,0.0,Verified,Whether These Are In Accordance With The Books Of Accounts Maintained By The Company Explanatory,14.1846
Does the company ensure its jewellery meet BIS hallmark standards for quality assurance,Disclosure In Auditors Report Relating To Fraud By The Company Or On The Company By Its Officers Or Its Employees Reported During Period,8.4809,0.7027,0.0,Verified,Whether Company Has Published Sustainability Report For The Financial Year,6.7748
Is the education institute providing placement assistance to its students,Disclosure In Auditors Report Relating To Fraud By The Company Or On The Company By Its Officers Or Its Employees Reported During Period,7.1084,0.7568,0.0,Verified,Education Cess Pertaining To Exploration And Production Activities,6.9466
Does the company have a editorial policy,Initially Applied Ind A Ss Domain,6.3442,0.6667,0.006,Verified,Number Of Employees In The Company At The End Of The Financial Year,6.2701
Does the company implement strategies to control and reduce the amount of construction and demolition waste from buildings that are constructed or are part of portfolio,Whether These Are In Accordance With The Books Of Accounts Maintained By The Company Explanatory,14.6677,0.7632,0.0,Weak Match - Review,Number Of Employees In The Company At The End Of The Financial Year,11.7818
Does the company have programs established to measure food loss and waste,Methods Used To Measure Risk,8.3853,0.7941,0.0,Verified,Changes In Methods Used To Measure Risk,6.8585
Does the company have any targets to reduce food waste,Number Of Employees In The Company At The End Of The Financial Year,6.2701,0.7015,0.0,Weak Match - Review,Whether Any Borrowing Costs Has Been Capitalised During The Year,5.9967
What initiatives are undertaken to mitigate the health risks of smoking and tobacco use,Description Of How Entity Establishes Hedge Ratio And What Sources Of Hedge Ineffectiveness Are,7.8211,0.7143,0.002,Weak Match - Review,Whether These Are In Accordance With The Books Of Accounts Maintained By The Company Explanatory,6.4075
Are any of its hospitals accredited with NABH or JIC? How many of its hospitals accredited with NABH or JIC?,Percentage Of Paid Up Capital Held By Foreign Holding Company And Or With Its Subsidiaries,11.5473,0.7126,0.0,Weak Match - Review,Value Of Paid Up Capital Held By Foreign Holding Company And Or With Its Subsidiaries,11.3526
Does the company have a program or is taking efforts to increase the availability and affordability of the medicines in low income/developing markets,Number Of Employees In The Company At The End Of The Financial Year,16.5954,0.8036,0.0,Verified,Name Of Stock Exchange Where The Company Is Listed,15.2467
Does the company have publicly available programs to improve the accessibility to healthcare,Number Of Employees In The Company At The End Of The Financial Year,10.7736,0.7342,0.0,Weak Match - Review,Whether These Are In Accordance With The Books Of Accounts Maintained By The Company Explanatory,9.8409
Are the production units and R&D centres certified to International Aerospace Standard AS9100D and other required aviation standards,Expenditure On Production Transportation And Other Expenditure Pertaining To Exploration And Production Activities,9.8885,0.6759,0.0,Weak Match - Review,Geological And Geophysical Expenditure Pertaining To Exploration And Production Activities,9.0865
"Has the company identified risk and threats it faces in ensuring the safet and security of its passengers, staff, and assets",Disclosure In Auditors Report Relating To Fraud By The Company Or On The Company By Its Officers Or Its Employees Reported During Period,12.1215,0.7387,0.0,Weak Match - Review,Number Of Employees In The Company At The End Of The Financial Year,12.0919
Does the company collaborate with external agencies to reduce the amount of food loss and waste,Whether These Are In Accordance With The Books Of Accounts Maintained By The Company Explanatory,12.1695,0.6703,0.0,Weak Match - Review,Number Of Employees In The Company At The End Of The Financial Year,11.2777
Is the company promoting local tourism,Name Of Stock Exchange Where The Company Is Listed,8.1442,0.6897,0.0,Verified,Whether Company Is Listed Company,7.0724
"Does the company actively engage in the research collaborations with the universities, research institutions and other companies",Whether These Are In Accordance With The Books Of Accounts Maintained By The Company Explanatory,16.6678,0.6737,0.0,Verified,Number Of Employees In The Company At The End Of The Financial Year,16.0913
"Provide details on development of clinical technology, clinical capabilites and programmes",Details Regarding Technology Absorption,10.9161,0.7342,0.0,Verified,Expenditure Incurred On Research And Development,7.819
"Does the entity have system/mechanism in place to address issues (congestion, indoor coverage, call drops, modernisation and upgrade of data speeds, among others)",Complete Postal Address Of Place Of Maintenance Of Computer Servers Storing Accounting Data,10.8606,0.7823,0.0,Weak Match - Review,Principal Place Of Business Of Entity Whose Consolidated Financial Statements Have Been Produced For Public Use,7.5649
"Does the company have digital/smart substations or plans to have it in future? (If yes, provide the number of substation)",Number Of Employees In The Company At The End Of The Financial Year,13.6837,0.7476,0.0,Verified,Whether These Are In Accordance With The Books Of Accounts Maintained By The Company Explanatory,11.0445
Does the company use smart metters in its distribution grid,Disclosure In Auditors Report Relating To Fraud By The Company Or On The Company By Its Officers Or Its Employees Reported During Period,9.0928,0.7297,0.0,Verified,Transportation Distribution Expenses,7.6791
Does the company have inhouse research and development facilities/centres and team,Research And Development Expense,13.9443,0.6842,0.0,Verified,Research Development Expenditure,12.505
Is the company offering e-learning courses/certifications to its students,Disclosure In Auditors Report Relating To Fraud By The Company Or On The Company By Its Officers Or Its Employees Reported During Period,9.2738,0.7207,0.0,Verified,Name Of Stock Exchange Where The Company Is Listed,8.1442
ISO 22000 FSSC,ISO Country Code Of Place Of Maintenance Of Computer Servers Storing Accounting Data,8.7993,0.8734,0.01,Verified,Accounting Estimates Domain,0.0
Does the company confirm on its commitments to follow guidelines provided by FSSAI and NIN,Disclosure In Auditors Report Relating To Fraud By The Company Or On The Company By Its Officers Or Its Employees Reported During Period,12.1079,0.6757,0.0,Verified,Shares In Company Held By Subsidiaries Of Its Holding Company,7.794
Does the company conduct food safety audits,Safety Security Expenses,9.088,0.7755,0.002,Weak Match - Review,Number Of Employees In The Company At The End Of The Financial Year,6.2701
Does the company mention use of natural ingredients in their products and are they approved by government norms,Whether These Are In Accordance With The Books Of Accounts Maintained By The Company Explanatory,10.7451,0.6703,0.0,Verified,Products And Services Domain,7.8256
does the company have a policy on ingredient safety? is there any mention of use of paraben in the products,Whether There Is Any Change In Functional Currency During The Year,14.1483,0.7011,0.0,Verified,Number Of Employees In The Company At The End Of The Financial Year,12.596
ISO 13485,ISO Country Code Of Place Of Maintenance Of Computer Servers Storing Accounting Data,8.7993,0.8734,0.002,Verified,Accounting Estimates Domain,0.0
Does the company have a policy for ensuring quality and patient safety during clinical trials,Safety Security Expenses,9.088,0.8272,0.002,Verified,Whether Company Has Published Sustainability Report For The Financial Year,6.7748
Does the entity display relevant information on the product labels as per the requirements of national and international drug regulatory bodies,Number Of Employees In The Company At The End Of The Financial Year,14.0145,0.8037,0.0,Verified,Profit Loss For The Period As Per Indian Gaap,13.8956
How many labs are NABL accredited,Indication Of How Frequently Hedging Relationships Are Discontinued And Restarted,6.1765,0.7531,0.0,Verified,Description Of How Entity Establishes Hedge Ratio And What Sources Of Hedge Ineffectiveness Are,5.0096
How did the entity handle aliquots and provide details on reducing aliquots,Description Of How Entity Determined Maximum Economic Benefit Available,6.2366,0.6486,0.0,Verified,Description Of How Entity Establishes Hedge Ratio And What Sources Of Hedge Ineffectiveness Are,6.1163
Does the company have a dedicated ethics committee to oversee all the clinical trials,Number Of Employees In The Company At The End Of The Financial Year,10.7736,0.6933,0.0,Weak Match - Review,Whether These Are In Accordance With The Books Of Accounts Maintained By The Company Explanatory,9.8409
Does the company have a public policy committing it and/or its suppliers to animal welfare principles,Disclosure In Auditors Report Relating To Fraud By The Company Or On The Company By Its Officers Or Its Employees Reported During Period,10.5901,0.6937,0.0,Verified,Staff Welfare Expense,9.4801
Does the company meet priority sector lending requirements as per RBI,Profit Loss For The Period As Per Ind As,7.8171,0.8,0.0,Weak Match - Review,Profit Loss For The Period As Per Indian Gaap,7.5797
"Does the entity have a plan to lend to MSME? If yes, provide details",Description Of Risks To Which Plan Exposes Entity,8.4422,0.6986,0.0,Verified,Description Of Nature Of Necessary Adjustment To Provide Comparative Information,7.4568
Does the company have a policy or commitment on financial inclusion,Number Of Employees In The Company At The End Of The Financial Year,7.7264,0.6567,0.0,Weak Match - Review,Details Of Material Changes And Commitment Occurred During Period Affecting Financial Position Of Company,7.5142
Does the company have programmes for listing designed to promote small businesses (MSME) and community development,Micro Small Medium Enterprises Domain,7.1668,0.7576,0.028,Verified,Whether Company Has Published Sustainability Report For The Financial Year,6.7748
Does the company index for social enterprises that target underserved or less privileged population segments,Whether Company Has Published Sustainability Report For The Financial Year,6.7748,0.6818,0.0,Verified,Micro Small Medium Enterprises Domain,6.6895
Does the company have its products in compliance with BIS standards,Disclosure In Auditors Report Relating To Fraud By The Company Or On The Company By Its Officers Or Its Employees Reported During Period,9.0928,0.6937,0.0,Verified,Whether These Are In Accordance With The Books Of Accounts Maintained By The Company Explanatory,8.6796
Is the company adhering to Food Safety Standards and Processes,Safety Security Expenses,9.088,0.7463,0.006,Verified,Name Of Stock Exchange Where The Company Is Listed,8.1442
Description of actions and initiatives to promote access to healthcare products for priority diseases,Products And Services Domain,7.8256,0.7952,0.0,Verified,Disclosure Of Products And Services Explanatory,6.3549
Does the company focus on providing healthcare facilities to vulnerable portions of the population,Number Of Employees In The Company At The End Of The Financial Year,11.2777,0.7381,0.0,Weak Match - Review,Whether These Are In Accordance With The Books Of Accounts Maintained By The Company Explanatory,10.1906
N-CAP Rating of 4 or 5 star?,Disclosure As Per Sub Rule 5 Of Rule 8 Of Companies Accounts Rules 2014 Explanatory,4.4656,0.8642,0.004,Verified,Statement Showing Details Of Employees Of Company Under Sub Rule 2 And 3 Of Rule 5 Of Companies Appointment And Remuneration Of Managerial Personnels Rules 2014 Explanatory,3.1574
"Is the company sourcing raw materials from the certified sustainable sources (such as global GAP, RSPO, Rainforest, FSC)",Raw Materials Consumed,18.5305,0.8257,0.0,Verified,Steps Taken By The Company For Utilising Alternate Sources Of Energy Explanatory,13.0086
Do the farmers have access to PPE kits to prevent themselves from exposure to pesticides while handling wet green tobacco leaves which could lead to Green Tobacco Sickness,Changes In Exposure To Risk,11.1794,0.8504,0.0,Verified,Additional Information About Entity Exposure To Risk,11.1418
Does the company have any standards or programmes related to sustainable tobacco during their supply chain process,Disclosure In Auditors Report Relating To Fraud By The Company Or On The Company By Its Officers Or Its Employees Reported During Period,8.6191,0.6937,0.0,Weak Match - Review,Whether Any Borrowing Costs Has Been Capitalised During The Year,8.331
Are there any technicians appointed during the supply chain process to detect or monitor the agriculture or crop management process,Whether There Are Changes In Acounting Estimates During The Year,14.0569,0.7677,0.0,Verified,Whether There Is Any Change In Functional Currency During The Year,13.1096
Existence of management process for ensuring quality and patient safety during clinical trials,Safety Security Expenses,9.088,0.8025,0.006,Verified,Description Of Nature Of Regulatory Ratesetting Process,6.0726
Provide information on project(s) for which ongoing Rehabilitation and Resettlements is being undertaken by the company,Sector In Which Project Is Covered,12.0309,0.802,0.0,Verified,Other Money For Which Company Is Contingently Liable,9.1231
How many patents were filed and granted during the current year,Information Whether And How Other Features Were Incorporated Into Measurement Of Fair Value Share Options Granted,8.5496,0.71,0.0,Verified,Whether Any Borrowing Costs Has Been Capitalised During The Year,8.0282
Does the company have due diligence process for sourcing minerals as raw materials,Raw Materials Consumed,18.5305,0.7867,0.0,Verified,Description Of Raw Materials Category,12.2366
Has the entity performed audit by DoT and maintain compliance with EMF radiation levels set by local regulations and ICNIRP,Cost Taxes Other Levies By Government Local Authorities,10.1663,0.7664,0.004,Verified,Cash And Cash Equivalents Held By Entity Unavailable For Use By Group,9.7754
Does the organisation have Board Diversity Policy,Directors Signing Board Report Domain,5.136,0.5965,0.004,Verified,Date Of Signing Board Report,4.712
Presence of policy on appointment and reappointment of board of directors,Reappointment Of Independent Directors As Per Section 14910 Explanatory,9.7843,0.6216,0.0,Verified,Directors Signing Board Report Domain,9.031
Is the chairperson of the board an independent director?,Whether Initial Application Of An Ind As Has An Effect On The Current Period Or Any Prior Period,10.3908,0.7011,0.0,Verified,Name Of Stock Exchange Where The Company Is Listed,9.5413
Does the company have separate roles for Chairman and CEO,Whether Company Has Published Sustainability Report For The Financial Year,6.7748,0.6282,0.0,Verified,Steps Taken By The Company For Utilising Alternate Sources Of Energy Explanatory,6.6144
Does the company have lead independent director on the board,Number Of Employees In The Company At The End Of The Financial Year,10.7736,0.6716,0.0,Weak Match - Review,Whether These Are In Accordance With The Books Of Accounts Maintained By The Company Explanatory,9.8409
Does the company ensure effectiveness of the board through internal or external evaluation or assessment,Number Of Employees In The Company At The End Of The Financial Year,11.2777,0.7412,0.0,Weak Match - Review,Disclosure In Auditors Report Relating To Fraud By The Company Or On The Company By Its Officers Or Its Employees Reported During Period,10.8552
Does the company have processes in place to avoid/manage conflicts of interest involving members of the Board,Number Of Employees In The Company At The End Of The Financial Year,12.596,0.7609,0.0,Weak Match - Review,Whether These Are In Accordance With The Books Of Accounts Maintained By The Company Explanatory,11.3942
Does the company conduct training and awareness programmes on any of the NGBRC principles for BOD,Number Of Employees In The Company At The End Of The Financial Year,11.2777,0.7191,0.0,Weak Match - Review,Whether These Are In Accordance With The Books Of Accounts Maintained By The Company Explanatory,10.1906
Independence of Chairperson of committee (risk management),Explanation Of Risk Management Strategy Related To Hedge Accounting Explanatory,6.6318,0.6582,0.0,Verified,Disclosure Of Risk Management Strategy Related To Hedge Accounting Explanatory,6.4634
Independence of Chairperson of committee (NRC),Disclosure Of Composition Of Audit Committee And Non Acceptance Of Any Recommendation Of Audit Committee Along With Reasons Explanatory,5.7679,0.802,0.0,Verified,Disclosure Of Composition Of CSR Committee Text Block,5.5833
Independence of Chairperson of committee (Audit),Disclosure Of Composition Of Audit Committee And Non Acceptance Of Any Recommendation Of Audit Committee Along With Reasons Explanatory,9.2306,0.7624,0.0,Verified,Disclosure Of Composition Of CSR Committee Text Block,5.5833
Is there a claw back mechanism/policy for senior management/KMP,Whether There Is Any Voluntary Change In Accounting Policy,7.2755,0.6812,0.0,Weak Match - Review,Whether There Is Any Business Combination,6.5051
Is the independent director paid commissions/incentives other than the board sitting fees,Directors Sitting Fees,16.0841,0.7692,0.0,Verified,Sitting Fees Key Managerial Personnel Or Director,14.1123
Is the variable pay of executives linked to sustainability or ESG parameters,Whether Company Has Published Sustainability Report For The Financial Year,8.1835,0.5769,0.0,Verified,Name Of Stock Exchange Where The Company Is Listed,6.2146
Does the company have a policy for appointment or reappointment o auditors,Disclosure In Auditors Report Relating To Fraud By The Company Or On The Company By Its Officers Or Its Employees Reported During Period,8.244,0.6847,0.0,Verified,Whether Company Has Published Sustainability Report For The Financial Year,6.7748
Discontinuation of auditors before end of term,Short Term Borrowings,5.8891,0.75,0.012,Verified,Short Term Provisions,5.6589
Does the entity have a whistleblower policy,Initially Applied Ind A Ss Domain,6.3442,0.6667,0.002,Verified,Revenues From Transactions With Other Operating Segments Of The Same Entity,5.2093
Is the whistleblower policy applicable to value chain,Whether Secretarial Audit Report Is Applicable On Company,6.6065,0.5692,0.0,Verified,Whether Cash Flow Statement Is Applicable On Company,6.5789
Does the entity have an anti corruption or anti bribery policy,Whether Initial Application Of An Ind As Has An Effect On The Current Period Or Any Prior Period,8.8104,0.6897,0.0,Verified,Revenues From Transactions With Other Operating Segments Of The Same Entity,5.2093
Does the company have code of conduct policy,Number Of Employees In The Company At The End Of The Financial Year,6.7742,0.7313,0.0,Weak Match - Review,Whether These Are In Accordance With The Books Of Accounts Maintained By The Company Explanatory,6.1965
Does the company have a policy on anti-money laundering and/or insider trading/dealing,Disclosure In Auditors Report Relating To Fraud By The Company Or On The Company By Its Officers Or Its Employees Reported During Period,7.438,0.7297,0.0,Verified,Initially Applied Ind A Ss Domain,6.3442
"Does the company provide training on code of conduct, anti corruption, and anti bribery policies to the employee",Number Of Employees In The Company At The End Of The Financial Year,11.2777,0.7253,0.0,Verified,Whether These Are In Accordance With The Books Of Accounts Maintained By The Company Explanatory,10.1906
How does the company ensure that the minority shareholders effectively protect their interest and rights within company,Number Of Employees In The Company At The End Of The Financial Year,12.5402,0.7766,0.0,Weak Match - Review,Whether These Are In Accordance With The Books Of Accounts Maintained By The Company Explanatory,11.6936
Has the company undergone any fines/penalties/punishments/award/compunding fees/settlement amount paid in proceedings with regulators/law enforcement agencies/judicial institution during the financial year,Whether Any Borrowing Costs Has Been Capitalised During The Year,17.08,0.8227,0.0,Verified,Whether Company Has Published Sustainability Report For The Financial Year,15.834
Does the company implement a comprehensive framework or Enterprise Risk Management framework,Description Of Regulatory Framework In Which Plan Operates,9.7226,0.625,0.0,Verified,Description Of Effect Of Regulatory Framework On Plan,8.8251
"Has the company taken any corrective action or underway on any issues related to anti competitive model, based on adverse orders from regulatory authorities? If yes, provide details",Whether Auditors Report Has Been Qualified Or Has Any Reservations Or Contains Adverse Remarks,14.208,0.7939,0.0,Weak Match - Review,Whether Company Has Entered Into Any Lease Agreement,12.5041
Does the entity have a business continuity and disaster management plan,Amount Incurred By Entity For Provision Of Key Management Personnel Services Provided By Separate Management Entity,6.6791,0.6702,0.0,Verified,Initially Applied Ind A Ss Domain,6.3442
Does the company have ESG or Sustainability or BRSR policy,Whether Company Has Published Sustainability Report For The Financial Year,10.4659,0.5769,0.0,Verified,Disclosure In Auditors Report Relating To Fraud By The Company Or On The Company By Its Officers Or Its Employees Reported During Period,7.8266
Does the company perform materiality assessment and identify material ESG issues,Number Of Employees In The Company At The End Of The Financial Year,6.2701,0.68,0.0,Weak Match - Review,Whether These Are In Accordance With The Books Of Accounts Maintained By The Company Explanatory,5.8468
Does the company conduct assurance for its ESG or sustainability data through a third party or external agency,Whether Company Has Published Sustainability Report For The Financial Year,11.766,0.625,0.0,Verified,Disclosure In Auditors Report Relating To Fraud By The Company Or On The Company By Its Officers Or Its Employees Reported During Period,11.1134
Does the company conduct assurance for its suppliers’ ESG or sustainability data through a third party or external agency,Whether Company Has Published Sustainability Report For The Financial Year,11.766,0.6697,0.0,Verified,Disclosure In Auditors Report Relating To Fraud By The Company Or On The Company By Its Officers Or Its Employees Reported During Period,11.1134
Does the company have a highest authority responsible for implementation and oversight of the Business Responsibility(ies) and ESG policy,Number Of Employees In The Company At The End Of The Financial Year,11.2777,0.7818,0.0,Verified,Details On Policy Development And Implementation By Company On Corporate Social Responsibility Initiatives Taken During Year Explanatory,11.1628
Does the company have a specified committee of the board/director responsible for decision making on sustainability related issues (Y/N),Whether Company Has Published Sustainability Report For The Financial Year,14.9583,0.693,0.0,Verified,Number Of Employees In The Company At The End Of The Financial Year,11.2777
Were there any promotor sponsored resolutoins that were defeated during the current FY,Whether There Is Any Change In Functional Currency During The Year,10.1761,0.6329,0.0,Verified,Date Of Board Meeting When Final Accounts Were Approved,9.3057
Does the company follow GRI standards,Number Of Employees In The Company At The End Of The Financial Year,6.2701,0.7612,0.0,Verified,Whether These Are In Accordance With The Books Of Accounts Maintained By The Company Explanatory,5.8468
Is the company aligned with SDGs? Does the company set targets according  to SDGs,Name Of Stock Exchange Where The Company Is Listed,13.8495,0.6849,0.0,Verified,Whether These Are In Accordance With The Books Of Accounts Maintained By The Company Explanatory,13.6725
Is your company a signatory/participant of the United Nations Global Compact,Name Of Stock Exchange Where The Company Is Listed,8.5932,0.6835,0.002,Verified,Whether Company Is Listed Company,7.0724
Does the company have affiliatoins with trade and indsutry chambers/associations,Whether These Are In Accordance With The Books Of Accounts Maintained By The Company Explanatory,7.8257,0.7033,0.0,Weak Match - Review,Number Of Employees In The Company At The End Of The Financial Year,6.2701
"Has the company advocated any public policy positions? If yes, provide details",Whether Company Has Entered Into Any Lease Agreement,9.3797,0.6974,0.0,Verified,Whether Any Borrowing Costs Has Been Capitalised During The Year,9.0518
Does the company disclose ESG engagement with investee company,Whether These Are In Accordance With The Books Of Accounts Maintained By The Company Explanatory,9.6784,0.6923,0.0,Verified,Name Of Stock Exchange Where The Company Is Listed,8.0839
Does the entity have stewardship code,Product Or Service Category ITC4 Digit Code,5.4216,0.7059,0.018,Weak Match - Review,Revenues From Transactions With Other Operating Segments Of The Same Entity,5.2093
Is there a policy on related party transactions,Whether There Are Any Related Party Transactions During Year,10.1461,0.5469,0.0,Verified,Amounts Receivable Related Party Transactions,9.7248
Disclosure of transactions with related parties during the year which are more than 10% of the revenue,Whether There Are Changes In Acounting Estimates During The Year,13.3878,0.7253,0.0,Verified,Whether These Are In Accordance With The Books Of Accounts Maintained By The Company Explanatory,12.7302
