question_id,question_text,data_type,primary_source,extraction_target,verification_status,final_bm25_score
Q_TURNOVER,Turnover,numeric,BRSR,No Match Found,Unverified - Needs Manual Review,0.0
Q_NET_WORTH,Net Worth,numeric,BRSR,No Match Found,Unverified - Needs Manual Review,0.0
Q_RND_PCT,Percentage Of RAnd D,numeric,BRSR,No Match Found,Unverified - Needs Manual Review,0.0
Q_ANTI_CORRUPTION,Does The Entity Have An Anti Corruption Or Anti Bribery Policy,boolean,BRSR,No Match Found,Unverified - Needs Manual Review,0.0
Q1,What is the scope 1 and scope 2 emissions intensity for the current year?,numeric,BRSR,Total Scope1 And Scope2 Emissions Intensity The Relevant Metric May Be Selected By The Entity,Locked (BRSR: High Confidence),27.6076
Q2,What is the scope 3 emissions intensity for the current year?,numeric,BRSR,Whether Total Scope3 Emissions And Its Intensity Is Applicable To The Company,Locked (BRSR: High Confidence),22.1995
Q3,What was the Total Scope 1 and 2 intensity (Current Year) (Unit: Metric Tonne) - Physical Output?,numeric,BRSR,Total Scope1 And Scope2 Emissions Intensity In Term Of Physical Output,Locked (BRSR: High Confidence),38.1727
Q4,What is the scope 1 and scope 2 emissions intensity in terms of purchasing power parity for the current year?,numeric,BRSR,Total Scope1 And Scope2 Emissions Intensity Per Rupee Of Turnover Adjusted For Purchasing Power Parity,Locked (BRSR: High Confidence),42.9276
Q5,What are the total PM emissions for the Current Year (Unit: Metric Tonne)?,numeric,BRSR,Total Scope3 Emission Intensity The Relevant Metric May Be Selected By The Entity,Locked (BRSR: High Confidence),19.5989
Q6,What are the total SOx emissions for the Current Year (Unit: Metric Tonne)?,numeric,BRSR,SOx,Locked (BRSR: High Confidence),24.8055
Q7,What are the total NOx emissions for the Current Year (Unit: Metric Tonne)?,numeric,BRSR,NOx,Locked (BRSR: High Confidence),25.3542
Q8,What is the water intensity per rupee of turnover in crores for the Current Year? (in kilolitres),numeric,BRSR,Water Intensity Per Rupee Of Turnover,Locked (BRSR: High Confidence),27.1056
Q9,What is the % of untreated water discharge?,numeric,BRSR,Whether Water Withdrawal Or Consumption And Discharge In Areas Of Water Stress In Kilolitres Is Assured By Assurer,Locked (BRSR: High Confidence),18.0904
Q10,What is the total volume of fresh water withdrawal (in kilolitres) for the Current Year?,numeric,BRSR,Total Volume Of Water Withdrawal,Locked (BRSR: Ambiguous),22.6962
Q11,What is the total volume of fresh water discharge (in kilolitres) for the Current Year?,numeric,BRSR,Total Volume Of Water Consumption,Locked (BRSR: Ambiguous),23.5472
Q12,What is the total volume of water consumed (in kilolitres) in areas of water stress for the Current Year?,numeric,BRSR,Assurance Sub Type For Water Withdrawal Or Consumption And Discharge In Areas Of Water Stress In Kilolitres,Locked (BRSR: Ambiguous),29.2332
Q13,What is the total effluent discharge in the Current Year?,numeric,BRSR,It Is Planned To Be Done In The Next Financial Year - Principle7 Member,Unverified - Needs Manual Review,13.3011
Q14,How much was the Water intensity in Current Year (in kilolitres) for physical output?,numeric,BRSR,Water Intensity In Term Of Physical Output,Locked (BRSR: High Confidence),31.0295
Q15,What is the water intensity per rupee of turnover adjusted for Purchasing Power Parity in crores Current Year (in kilolitres) - PPP?,numeric,BRSR,Water Intensity Per Rupee Of Turnover Adjusting For Purchasing Power Parity,Locked (BRSR: High Confidence),46.6543
Q16,What is the energy intensity turnover for the current year?,numeric,BRSR,Energy Intensity The Relevant Metric May Be Selected By The Entity,Locked (BRSR: High Confidence),17.8605
Q17,Percentage of energy consumed from renewable sources?,numeric,BRSR,Total Energy Consumed From Renewable Sources,Locked (BRSR: High Confidence),32.9606
Q18,What is the energy intensity in terms of physical output?,numeric,BRSR,Energy Intensity In Term Of Physical Output,Locked (BRSR: High Confidence),42.9809
Q19,What is the energy intensity adjusted for Purchasing Power Parity for Current Year?,numeric,BRSR,Energy Intensity Per Rupee Of Turnover Adjusting For Purchasing Power Parity,Locked (BRSR: High Confidence),34.8178
Q20,What is the waste intensity adjusted for Purchasing Power Parity for Current Year?,numeric,BRSR,Waste Intensity Per Rupee Of Turnover Adjusting For Purchasing Power Parity,Locked (BRSR: High Confidence),33.8807
Q21,How much was the hazardous waste for the current year (in metric tonnes)?,numeric,BRSR,Total Waste Recovered,Locked (BRSR: High Confidence),16.9181
Q22,What is the waste recycled/recovered intensity for the current year?,numeric,BRSR,Waste Recovered Through Recycled,Locked (BRSR: High Confidence),23.3311
Q23,Percentage of recycled or reused input material used in production (for manufacturing industry) or providing services (for service industry),numeric,BRSR,Remarks For Assurance Of Details Of Percentage Of Recycled Or Reused Input Material To Total Material By Value Used In Production Or Providing Services,Locked (BRSR: Ambiguous),39.1277
Q24,What was the total waste intensity (current year) (Unit: Metric Tonne) - Physical Output?,numeric,BRSR,Waste Intensity In Term Of Physical Output,Locked (BRSR: High Confidence),30.8291
Q25,What is the waste intensity adjusted for Purchasing Power Parity for the current year?,numeric,BRSR,Waste Intensity The Relevant Metric May Be Selected By The Entity,Locked (BRSR: High Confidence),16.9233
Q26,Turnover of products and/or services as a percentage of turnover from all products/service that carry information about the safe and responsible usage?,numeric,BRSR,Remarks For Assurance Of Turnover Of Products And Or Services As APercentage Of Turnover From All Products Or Service That Carry Information About As APercentage To Total Turnover,Locked (BRSR: Ambiguous),45.7362
Q27,What is the clinker factor ratio?,numeric,Annual_Report,Description Of How Entity Establishes Hedge Ratio And What Sources Of Hedge Ineffectiveness Are,Verified (Annual Report Fallback),7.9057
Q28,What is fly ash % utilisation in current year?,numeric,BRSR,It Is Planned To Be Done In The Next Financial Year - Principle2 Member,Unverified - Needs Manual Review,12.2885
Q29,Is the company investing in new generation aircraft fleet? Has the number increased as compared to previous year?,numeric,BRSR,Percentage Of Investments In Related Parties In Total Investments - Previous Year,Locked (BRSR: High Confidence),17.2139
Q30,"What percentage of the total virgin raw material does the company produced and/or purchased covered by FSC, PEFC and/or SFI certification?",numeric,BRSR,What Percentage Of Total Procurement By Value Does It Constitute,Locked (BRSR: High Confidence),20.3383
Q31,Total Lost time incident rate (LTIR)_Workers?,numeric,BRSR,Lost Time Injury Frequency Rate Per One Million Person Hours Worked - Workers Member,Locked (BRSR: High Confidence),25.8837
Q32,Total Lost time incident rate (LTIR)_Employees?,numeric,BRSR,Lost Time Injury Frequency Rate Per One Million Person Hours Worked - Employees Member,Locked (BRSR: High Confidence),25.855
Q33,Total recordable work related injuries for employees as a % of the total employees in the company,numeric,BRSR,Total Recordable Work Related Injuries - Employees Member,Locked (BRSR: High Confidence),35.582
Q34,Total recordable work related injuries for workers as a % of the total workers in the company,numeric,BRSR,Total Recordable Work Related Injuries - Workers Member,Locked (BRSR: High Confidence),35.6178
Q35,Fatalities of employees,numeric,BRSR,Number Of Fatalities - Employees Member,Locked (BRSR: High Confidence),14.5458
Q36,Fatalities of workers,numeric,BRSR,Number Of Fatalities - Workers Member,Locked (BRSR: High Confidence),14.5849
Q37,Count of high consquence work related injury or ill health of employees (excluding fatalities),numeric,BRSR,High Consequence Work Related Injury Or Ill Health Excluding Fatalities - Employees Member,Locked (BRSR: High Confidence),54.0174
Q38,Count of high consquence work related injury or ill health of (excluding fatalities),numeric,BRSR,High Consequence Work Related Injury Or Ill Health Excluding Fatalities - Workers Member,Locked (BRSR: Ambiguous),51.6084
Q39,Percentage of plants and offices that were assessed (by entity or statutory authorities or third parties) with respect to health and safety practices?,numeric,BRSR,Percentage Of Health And Safety Practices Of Your Plants And Offices That Were Assessed P3,Locked (BRSR: High Confidence),42.2978
Q40,Provide percentage of total employees covered under health and safety measures training,numeric,BRSR,Percentage Of Trained Employees Or Workers - Male Member - On Health And Safety Measures Member - Employees Member,Locked (BRSR: Ambiguous),20.552
Q41,Percentage of total permanent employees covered by health insurance,numeric,BRSR,Percentage Of Well Being Of Employees Or Workers - Male Member - Health Insurance Member - Permanent Employees Member,Locked (BRSR: Ambiguous),18.2135
Q42,Percentage of total other than permanent employees covered by health insurance,numeric,BRSR,Percentage Of Well Being Of Employees Or Workers - Other Gender Member - Health Insurance Member - Other Than Permanent Employees Member,Locked (BRSR: Ambiguous),22.7048
Q43,Percentage of total permanent workers covered by health insurance,numeric,Annual_Report,Percentage Of Shares Held By Insurance Companies,Verified (Annual Report Fallback),8.3054
Q44,Percentage of total other than permanent workers covered by health insurance,numeric,Annual_Report,Percentage Of Shares Held By Insurance Companies,Verified (Annual Report Fallback),8.3054
Q45,Percentage of total permanent employees covered by accident insurance,numeric,BRSR,Percentage Of Well Being Of Employees Or Workers - Male Member - Accident Insurance Member - Permanent Employees Member,Locked (BRSR: Ambiguous),19.1348
Q46,What is the percentage of female employees in the workforce,numeric,BRSR,Return To Work Rate Permanent Employees That Took Parental Leave - Female Member,Unverified - Needs Manual Review,12.2362
Q47,What is the turnover rate for permanent female employees in the Current Year,numeric,BRSR,Retention Rates Permanent Employees That Took Parental Leave - Female Member,Locked (BRSR: Ambiguous),23.4421
Q48,What is the turnover rate for permanent female worker in the Current Year,numeric,BRSR,Retention Rates Permanent Workers That Took Parental Leave - Female Member,Locked (BRSR: Ambiguous),23.474
Q49,Pay parity between male and female employees,numeric,Annual_Report,Commission Employees,Verified (Annual Report Fallback),6.9484
Q50,Number of complaints on PSH as a % of female employees/workers for current year,numeric,BRSR,Average Number Of Female Employees Or Workers At The Beginning Of The Year And As At End Of The Year,Locked (BRSR: Ambiguous),16.6422
Q51,What is the gross wages paid to females as percentage of wages paid,numeric,BRSR,Percentage Of Gross Wages Paid To Female To Total Wages Paid,Locked (BRSR: High Confidence),31.9788
Q52,How many complaints were filed on discrimination at workplace in current year?,numeric,BRSR,Number Of Complaints Filed During The Year - Discrimination At Work Place Member,Locked (BRSR: High Confidence),31.1603
Q53,How many complaints were filed by employees and workers or employees as a % of number of employees in the current year,numeric,BRSR,Number Of Complaints Filed From Stake Holder Group During The Year - Complaint Received From Employees And Workers Member,Locked (BRSR: High Confidence),19.7927
Q54,What is the number of pending/unresolved employees and workers grievances as % of total complaints filed in the current year,numeric,BRSR,Number Of Complaints Pending From Stake Holder Group Resolution At The End Of Year - Complaint Received From Employees And Workers Member,Locked (BRSR: High Confidence),18.7871
Q55,How many complaints were filed on wages in the current year,numeric,BRSR,Number Of Complaints Filed During The Year - Wages Member,Locked (BRSR: High Confidence),18.3034
Q56,Pending resolution of complaints as a % of total complaints filed by employees and workers pertaining to working conditions,numeric,BRSR,Number Of Complaints Pending Resolution At The End Of Year - Working Conditions Complaints Member,Locked (BRSR: High Confidence),27.7168
Q57,What is the turnover rate for permanent workers for the Current Year,numeric,BRSR,Retention Rates Permanent Workers That Took Parental Leave - Male Member,Locked (BRSR: Ambiguous),19.1079
Q58,What is the turnover rate for permanent employees for the Current Year,numeric,BRSR,Retention Rates Permanent Employees That Took Parental Leave - Male Member,Locked (BRSR: Ambiguous),19.076
Q59,What is the percentage of cost incurred as a % of total revenue of the company with regards to spending on measures towards wellbeing of employees and workers?,numeric,BRSR,Percentage Of Cost Incurred On Well Being Measures With Respect To Total Revenue Of The Company,Locked (BRSR: High Confidence),55.3509
Q60,Percentage of workers or employees in association(s) or unions recognised by the listed entity,numeric,BRSR,Remarks For Assurance Of Membership Of Employees And Worker In Associations Or Unions Recognised By The Listed Entity,Locked (BRSR: Ambiguous),30.1769
Q61,What is the number of complaints filed by the customers as a % of revenue in Current Year?,numeric,BRSR,Number Of Complaints Filed From Stake Holder Group During The Year - Complaint Received From Customers Member,Locked (BRSR: High Confidence),21.9063
Q62,Total instances of product recalls,numeric,BRSR,Remarks For Assurance Of Details Of Instances Of Product Recalls On Account Of Safety Issues,Locked (BRSR: Ambiguous),18.6717
Q63,% of value chain partners (by value of business done with such partners) that were assessed for Health and Safety practices?,numeric,BRSR,Percentage Of Value Chain Partners By Value Of Business Done With Such Partners That Were Assessed For Environmental Impacts,Locked (BRSR: High Confidence),47.4899
Q64,What is the purchases from trading houses % of total purchases,numeric,BRSR,Percentage Of Purchases From Top Ten Trading Houses In Total Purchases From Trading Houses - Previous Year,Locked (BRSR: High Confidence),31.3332
Q65,What is purchases from top 10 trading houses as % of total purchases from trading houses,numeric,BRSR,Percentage Of Purchases From Top Ten Trading Houses In Total Purchases From Trading Houses,Locked (BRSR: High Confidence),45.8334
Q66,Number of complaints filed by community stakeholders,numeric,BRSR,Number Of Complaints Filed From Stake Holder Group During The Year - Complaint Received From Communities Member,Locked (BRSR: High Confidence),19.0975
Q67,Count of pending/unresolved communities grievances,numeric,BRSR,Remarks For Assurance Of Describe The Mechanisms To Receive And Redress Grievances Of The Community,Unverified - Needs Manual Review,12.8452
Q68,Percentage of CSR obligation spent (CSR spent/CSR obligation),numeric,BRSR,Percentage Of Total Turnover For Business Activities - Details Of Business Activities Accounting For Ninety Percent Of The Turnover Domain1,Unverified - Needs Manual Review,7.381
Q69,What is the input material directly sourced from MSMEs/small producers (in % terms - As % of total purchases by value),numeric,BRSR,Percentage Of Directly Sourced From MSMEs Or Small Producers,Locked (BRSR: High Confidence),54.1274
Q70,Percentage of capital expenditure investments in specific technologies to improve the environmental and social impacts of products and processes to total capex,numeric,BRSR,Remarks For Assurance Of Percentage Of RAnd DAnd Capital Expenditure Investments In Specific Technologies,Locked (BRSR: Ambiguous),37.508
Q71,What is the input material sourced directly from within India as % of total purchases,numeric,BRSR,Percentage Of Sourced Directly From Within The District And Neighbouring Districts,Locked (BRSR: High Confidence),29.9092
Q72,What is the % of job creation in smaller towns - wages paid to persons employed in smaller towns (permanent or non-permanent / on contract) as % of total wage cost,numeric,BRSR,Whether Job Creation In Smaller Towns Disclose Wages Paid To Persons Employed Including Employees Or Workers Employed On APermanent Or Non Permanent Or On Contract Basis Is Assured By Assurer,Locked (BRSR: Ambiguous),54.0281
Q73,What are the number of days of account payable?,numeric,BRSR,Number Of Days Of Accounts Payable,Locked (BRSR: High Confidence),30.9792
Q74,What is the sales to dealers/distributors as % of total sales,numeric,BRSR,Percentage Of Sales To Dealers Or Distributors In Total Sales,Locked (BRSR: High Confidence),31.1434
Q75,What is the sales to top 10 dealers/distributors as % of total sales to dealers/distributors,numeric,BRSR,Percentage Of Sales To Top Ten Dealers Or Distributors In Total Sales To Dealers Or Distributors,Locked (BRSR: High Confidence),44.4805
Q76,% of data breaches involving PII data of customers,numeric,BRSR,Percentage Of Data Breaches Involving Personally Identifiable Information Of Customers,Locked (BRSR: High Confidence),38.0343
Q77,Share of buildings that are certified according to international building standards/GRESB/IGBC,numeric,Annual_Report,Repairs To Building,Verified (Annual Report Fallback),10.9139
Q78,Percentage of independent directors on the board,numeric,BRSR,Percentage Of Female Board Of Directors,Locked (BRSR: Ambiguous),18.661
Q79,Number of independent women directors on the board,numeric,BRSR,Number Of Female Board Of Directors,Locked (BRSR: High Confidence),23.9875
Q80,Number of women directors on the board,numeric,BRSR,Number Of Board Of Directors For Remuneration Or Salary Or Wages - Female Member,Locked (BRSR: High Confidence),18.6361
Q81,Average attendance for board meeting in the current FY,numeric,BRSR,Assurance Sub Type For Whether The Entity Have ASpecified Committee Of The Board Or Director Responsible For Decision Making On Sustainability Related Issues,Locked (BRSR: Ambiguous),14.7723
Q82,Number of directorships of all board members,numeric,BRSR,Total Number Of Training And Awareness Programs Held - Board Of Directors Segment Member,Locked (BRSR: Ambiguous),16.5126
Q83,Number of directors against whom disciplinary action was taken by any law enforcement agency for the charges of bribery/corruption,numeric,BRSR,Remarks For Assurance Of Number Of Directors Or KMPs Or Employees Or Workers Against Whom Disciplinary Action Was Taken By Any Law Enforcement Agency For The Charges Of Bribery Or Corruption,Locked (BRSR: Ambiguous),51.8548
Q84,Number of complaints received in relation to issues of conflict of interest of the directors/KMPs,numeric,BRSR,Number Of Complaints Received In Relation To Issues Of Conflict Of Interest Of The KMPs,Locked (BRSR: High Confidence),49.8668
Q85,Percentage of independent directors in nomination and remuneration committee,numeric,BRSR,Median Of Remuneration Or Salary Or Wages Of Board Of Directors - Male Member,Locked (BRSR: Ambiguous),17.9563
Q86,Percentage of independent directors in audit committee,numeric,Annual_Report,Disclosure Of Composition Of Audit Committee And Non Acceptance Of Any Recommendation Of Audit Committee Along With Reasons Explanatory,Verified (Annual Report Fallback),8.5732
Q87,Number of independent directors in risk management committee,numeric,Annual_Report,Reappointment Of Independent Directors As Per Section 14910 Explanatory,Verified (Annual Report Fallback),7.9453
Q88,Number of independent directors in CSR committee,numeric,Annual_Report,Disclosure Of Composition Of CSR Committee Text Block,Verified (Annual Report Fallback),16.6008
Q89,Percentage of subject matter experts appointed in the Audit Committee,numeric,Annual_Report,Disclosure Of Composition Of Audit Committee And Non Acceptance Of Any Recommendation Of Audit Committee Along With Reasons Explanatory,Verified (Annual Report Fallback),8.5732
Q90,Ratio of remuneration of MD/CEO to median remuneration of employees,numeric,BRSR,Remarks For Assurance Of Details Of Median Of Remuneration Or Salary Or Wages And Wages Paid To Female,Locked (BRSR: Ambiguous),19.4455
Q91,Percentage of non audit fees as compared to total audit fees,numeric,Annual_Report,Custodial Fees,Verified (Annual Report Fallback),18.1946
Q92,Number of whistle blower complaints filed in the current year,numeric,BRSR,Number Of Complaints Filed During The Year - Working Conditions Complaints Member,Locked (BRSR: Ambiguous),18.4837
Q93,Number of pending consumer compliant on unfair trade practices,numeric,BRSR,Consumer Complaints Pending Resolution At End Of Year - Unfair Trade Practices Member,Locked (BRSR: High Confidence),31.9825
Q94,Number of employees against whom disciplinary action was taken by any law enforcement agency for the charges of bribery/corruption,numeric,BRSR,Assurance Sub Type For Number Of Directors Or KMPs Or Employees Or Workers Against Whom Disciplinary Action Was Taken By Any Law Enforcement Agency For The Charges Of Bribery Or Corruption,Locked (BRSR: Ambiguous),49.3485
Q95,Number of workers against whom disciplinary action was taken by any law enforcement agency for the charges of bribery/corruption,numeric,BRSR,Number Of Workers Against Whom Disciplinary Action Was Taken,Locked (BRSR: High Confidence),41.0761
Q96,What is the share of RPTs (as respective %age) in purchases,numeric,BRSR,Percentage Of Purchases From Related Parties In Total Purchases For Share Of Related Party Transactions - Previous Year,Locked (BRSR: Ambiguous),14.0331
Q97,What is the share of RPTs (as respective %age) in sales,numeric,BRSR,Percentage Of Sales To Related Parties In Total Sales For Share Of Related Party Transactions,Locked (BRSR: Ambiguous),14.9543
Q98,What is the share of RPTs (as respective %age) in loans and advances,numeric,BRSR,Percentage Of Loans And Advances Given To Related Parties In Total Loans And Advances,Locked (BRSR: High Confidence),23.6224
Q99,What is the share of RPTs (as respective %age) in investments,numeric,BRSR,Number Of Employees Covered As Percentage Of Total Employees - Provident Fund Member,Locked (BRSR: Ambiguous),13.8572
Q100,Are there any initiatives towards reduction in GHG emissions,numeric,BRSR,Total Scope2 Emissions,Locked (BRSR: Ambiguous),18.5143
Q101,What are the VOC/POP/HAP emissions for the current year (Unit: Metric Tonne),numeric,BRSR,Water Intensity The Relevant Metric May Be Selected By The Entity,Locked (BRSR: High Confidence),13.5643
Q102,"What are the initiatives taken to reduce the NOx, SOx, PM, VOC, HAP and POP air emissions",numeric,BRSR,NOx - Previous Year,Locked (BRSR: Ambiguous),22.9793
Q103,Does the company have facilities/operations in water stress regions,numeric,BRSR,Remarks For Assurance Of Water Withdrawal Or Consumption And Discharge In Areas Of Water Stress In Kilolitres,Locked (BRSR: Ambiguous),23.385
Q104,Has the entity implemented mechanism for Zero Liquid Discharge,numeric,BRSR,Has The Entity Implemented AMechanism For Zero Liquid Discharge,Locked (BRSR: High Confidence),42.7792
Q105,Does the company monitor Chemical Oxygen Demand during water discharge,numeric,Annual_Report,Cost Water Charges,Verified (Annual Report Fallback),8.9314
Q106,Third party verification of water data,numeric,BRSR,Water Withdrawal By Third Party Water,Locked (BRSR: High Confidence),21.6985
Q107,What are the goals/targets/commitments towards Energy consumption,numeric,BRSR,Total Electricity Consumption From Renewable Sources,Locked (BRSR: Ambiguous),23.1931
Q108,"Does the entity have any sites/facilities identified as designated consumers under the Performance, Achieve and Tade Scheme of the Government of India? (Y/N) If yes, disclose whether targets set under the PAT scheme have been achieved in case targets have not been achieved, provide the remedial action taken, if any",numeric,BRSR,Disclose Whether Targets Set Under The Pat Scheme Have Been Achieved In Case Targets Have Not Been Achieved Then Provide The Remedial Action Taken Explanatory Text Block,Locked (BRSR: High Confidence),74.9652
Q109,Is there a disclosure regarding the energy management system? ISO 50001 Certification,numeric,BRSR,Disclosure Web Link Of Entity At Which Business Continuity And Disaster Management Plan Is Placed,Locked (BRSR: High Confidence),20.4687
Q110,Waste management practices and strategies to reduce usage of hazardous and toxic chemicals from the products and processes,numeric,BRSR,Details Of Waste Management Practices Adopted In Your Establishments And The Strategy Adopted By Company To Reduce Usage Of Hazardous And Toxic Chemicals Explanatory Text Block,Locked (BRSR: Ambiguous),46.8397
Q111,"What are the processes to safely reclaim the products for reusing, recycling and disposing at the end of life for, (a) Plastics (including packaging) (b)e-waste (c) hazardous waste and (d) other waste?",numeric,BRSR,Remarks For Assurance Of Describe The Processes In Place To Safely Reclaim Your Products For Reusing Recycling And Disposing At The End Of Life For Plastics Including Packaging EWaste Hazardous Waste And Other Waste,Locked (BRSR: Ambiguous),62.4718
Q112,"Whether Extended Producer Responsibility (EPR) is applicable to entity’s activities (Y/N). If yes, whether the waste collection plan is in line with the Extended Producer Responsibility plan submitteed to Pollution Control Boards",numeric,BRSR,Whether The Waste Collection Plan Is In Line With The Extended Producer Responsibility Plan Submitted To Pollution Control Boards,Locked (BRSR: High Confidence),66.4949
Q113,Third party verification of waste data,numeric,BRSR,Waste Recovered Through Recycled - Previous Year,Locked (BRSR: High Confidence),21.3328
Q114,Is there presence of offices/manufacturing facilities in ecologically sensitive areas,numeric,BRSR,Whether Details Of Operations Or Offices In Or Around Ecologically Sensitive Areas Where Environmental Approvals Or Clearances Are Required Is Assured By Assurer,Locked (BRSR: High Confidence),22.0629
Q115,Provide details of significant direct and indirect impact of the entity on biodiversity in ecological sensitive areas along with prevention and remediation activities,numeric,BRSR,Details Of Significant Direct And Indirect Impact Of The Entity On Biodiversity In Such Areas Along With Prevention And Remediation Activities Explanatory Text Block,Locked (BRSR: Ambiguous),58.8265
Q116,Does the company have an Environment or a Biodiversity policy,numeric,BRSR,Does The Entity Have An Equal Opportunity Policy As Per The Rights Of Persons With Disabilities Act2016,Locked (BRSR: High Confidence),22.3129
Q117,Does the company’s policy on Biodiversity extend to its value chain partners (Y/N),numeric,BRSR,Do The Enlisted Policies Extend To Your Value Chain Partners - Principle7 Member,Locked (BRSR: High Confidence),28.9489
Q118,Does the company take initiatives with regards to its Biodiversity conservation/land rehabilitation and biodiversity restoration,numeric,BRSR,Percentage Of Cost Incurred On Well Being Measures With Respect To Total Revenue Of The Company - Previous Year,Locked (BRSR: Ambiguous),15.4837
Q119,Are there any goals/targets/commitments set towards carbon neutrality/ Net Zero,numeric,BRSR,Specific Commitments Goals And Targets Set By The Entity With Defined Timelines Explanatory Text Block - Principle6 Member,Locked (BRSR: High Confidence),24.2931
Q120,Does the organisation report on CDP Disclosure as per Climate Change Module,numeric,BRSR,Type Of Assurance For Section AGeneral Disclosures,Locked (BRSR: High Confidence),14.3782
Q121,"Does the company perform climate related scenario analysis (based on TCFD framework); Based on the climate risk assessment, has the company set up a plan to adapt to the identified physical climate risks",numeric,BRSR,Assurer Has Assured Whether The Entity Have AFramework Or Policy On Cyber Security And Risks Related To Data Privacy,Locked (BRSR: Ambiguous),23.6786
Q122,Presence of ISO 14001:2015 certifications,numeric,Annual_Report,ISO Country Code Of Place Of Maintenance Of Computer Servers Storing Accounting Data,Verified (Annual Report Fallback),10.1836
Q123,Does the entity implement carbon pricing mechanism/model?,numeric,Annual_Report,Description Of Other Inputs To Options Pricing Model Share Options Granted,Verified (Annual Report Fallback),8.0775
Q124,Does the company have a policy on environmental management and is it available publicly,numeric,BRSR,Whether Information Available In Public Domain - Public Policy1,Locked (BRSR: Ambiguous),22.8163
Q125,"Is the entity compliant with the appliacble environmental law/regulations/guidelines for India; such as the Water (Prevention and Control of Pollution) Act, AIr (Prevention and Control of Pollution) Act, Environmental protection act and rules thereunder (Y/N). If not, provide details of all such non compliances",numeric,BRSR,Provide Details Of The Non Compliance - Law Or Regulation Or Guidelines7,Locked (BRSR: High Confidence),41.0119
Q126,Does the company have a strategy for climate change adaptation and mitigation,numeric,BRSR,Remarks For Assurance Of Disclose Any Significant Adverse Impact To The Environment Arising From The Value Chain Of The Entity What Mitigation Or Adaptation Measures Have Been Taken By The Entity In This Regard,Locked (BRSR: High Confidence),15.8428
Q127,Discussion of the integration of environmental considerations into strategic planning for data centre needs,numeric,BRSR,Assurance Sub Type For Data Breaches Information Like Number Of Instances Of Data Breaches Along With Impact And Percentage Of Data Breaches Involving Personally Identifiable Information Of Customers,Locked (BRSR: Ambiguous),16.5034
Q128,"Are there any social or environmental concerns and/or risks arising from production or disposal of products, as identified in the Life Cycle Perspective/Assessments",numeric,BRSR,Remarks For Assurance Of Details Of Significant Social Or Environmental Concerns From Production Or Disposal Of Product Or Service With Action Taken To Mitigate The Same,Locked (BRSR: Ambiguous),25.4521
Q129,"Has the company taken initiatives to use reusable, recyclable or compostable packagin",numeric,BRSR,Assurance Sub Type For Steps Taken To Inform And Educate Consumers About Safe And Responsible Usage Of Products And Or Services,Unverified - Needs Manual Review,10.3517
Q130,What are the intiatives taken to reduce plastic packaging,numeric,BRSR,Amount Of Recycled - Plastics Including Packaging Member,Locked (BRSR: Ambiguous),15.4957
Q131,Turnover of products and/or services as a percentage of turover from all products/service that carry information about the recycling and/or safe disposal,numeric,BRSR,Assurance Sub Type For Turnover Of Products And Or Services As APercentage Of Turnover From All Products Or Service That Carry Information About As APercentage To Total Turnover,Locked (BRSR: Ambiguous),44.4692
Q132,Does your company have a publicly available no deforestation policy or commitment that applies to your company’s operational practices,numeric,BRSR,Whether Information Available In Public Domain - Public Policy2,Locked (BRSR: Ambiguous),16.8742
Q133,Does the company owns/lease/manages forest land for its operations,numeric,Annual_Report,Disclosure In Auditors Report Relating To Fraud By The Company Or On The Company By Its Officers Or Its Employees Reported During Period,Verified (Annual Report Fallback),8.4809
Q134,Are there any intiatives taken with respect to sustainable agriclutire by the company,numeric,BRSR,Whether Disclose Any Significant Adverse Impact To The Environment Arising From The Value Chain Of The Entity What Mitigation Or Adaptation Measures Have Been Taken By The Entity In This Regard Is Assured By Assurer,Locked (BRSR: High Confidence),13.8904
Q135,Is the manufacturing smart farm equipments/machinery,numeric,Annual_Report,Repairs To Machinery,Verified (Annual Report Fallback),8.5726
Q136,"Is the company exposed to animal products and are these certified or accredited by one or more independent third party? If yes, does the company demand or monitor such certification or accreditation from its suppliers?",numeric,BRSR,Whether APreferential Procurement Policy Where Preference To Purchase From Suppliers Comprising Marginalized Or Vulnerable Groups And Its Percentage Of Total Procurement By Value Does It Constitute Is Assured By Assurer,Locked (BRSR: Ambiguous),19.7211
Q137,What are the initiatives taken with respect to Chemical Sagety management,numeric,BRSR,Assurance Sub Type For Disclose Any Significant Adverse Impact To The Environment Arising From The Value Chain Of The Entity What Mitigation Or Adaptation Measures Have Been Taken By The Entity In This Regard,Unverified - Needs Manual Review,12.9763
Q138,Does the company have waste heat recovery systems for enchancing energy efficiency (Cement),numeric,BRSR,Waste Recovered Through Other Recovery Operations,Locked (BRSR: High Confidence),25.6475
Q139,"Is the forestland certified as per international sustainable forest management standards such as FSC, PEFC, SFI",numeric,Annual_Report,Profit Loss For The Period As Per Ind As,Verified (Annual Report Fallback),10.246
Q140,What measures are taken to reduce marine pollution and manage ballast water,numeric,Annual_Report,Cost Water Charges,Verified (Annual Report Fallback),8.9314
Q141,Does the company comply with new regilation of Energy Efficiency Existing Ship (require al ships above 400GT),numeric,BRSR,Remarks For Assurance Of Performance Against Above Policies And Follow Up Action,Locked (BRSR: Ambiguous),18.4373
Q142,Are there any initiatives to promot sustainable shipping practices or reduce the carbon footprint of port operations,numeric,BRSR,Remarks For Assurance Of Details Of Number Of Locations Where Plants And Or Operations Or Offices Of The Entity Are Situated,Locked (BRSR: Ambiguous),16.4005
Q143,Does the copmany manufacture electric or alternate fuel bsaed vessel/ships or related components for the same?,numeric,BRSR,Remarks For Assurance Of Details Of Total Energy Consumption In Joules Or Multiples And Energy Intensity,Unverified - Needs Manual Review,12.2484
Q144,Is company using sustainable alternative fuels liek SAF in its fleet,numeric,BRSR,It Is Planned To Be Done In The Next Financial Year - Principle9 Member,Locked (BRSR: Ambiguous),14.6324
Q145,Is there any commitment or plan to shift to alternate fuels such as SAF,numeric,BRSR,Is There AMechanism Available To Receive And Redress Grievances For Permanent Workers,Locked (BRSR: Ambiguous),16.3526
Q146,Has the company partnered with airframe and tehnology manufacturesre to increase fuel efficiency and reduce environmental impact,numeric,Annual_Report,Power And Fuel,Verified (Annual Report Fallback),13.1582
Q147,"Does the company measure or track the age of aircrafts? If yes, the what is the average of company’s air fleet",numeric,BRSR,Whether Extended Producer Responsibility Is Applicable To The Entity SActivities,Unverified - Needs Manual Review,13.3455
Q148,Does the company monitor and measure noise levels? Are they compliant with noise regulations,numeric,BRSR,Is The Entity Compliant With The Applicable Environmental Law,Locked (BRSR: Ambiguous),14.201
Q149,Does the company’s policy and measures align with International Civil Aviation Organisation’s Balance Approach,numeric,BRSR,Assurer Has Assured Whether The Waste Collection Plan Is In Line With The Extended Producer Responsibility Plan Submitted To Pollution Control Boards And Steps Taken To Address The Waste Collection Plan If Not Submitted,Locked (BRSR: Ambiguous),20.2033
Q150,Does the company have oil spill/gas leak action plan,numeric,BRSR,Does The Entity Have Any Project Related To Reducing Green House Gas Emission,Locked (BRSR: High Confidence),15.9001
Q151,Did the company experience any spills for the current and previous years,numeric,Annual_Report,Current Tax Pertaining To Previous Years,Verified (Annual Report Fallback),12.7412
Q152,Does the entity have a system to finance sustainable projects,numeric,BRSR,The Entity Does Not Have The Financial Or Human And Technical Resources Available For The Task - Principle7 Member,Locked (BRSR: High Confidence),15.5621
Q153,Are ESG factors incorporated in the lending and investment decisions,numeric,Annual_Report,Whether These Are In Accordance With The Books Of Accounts Maintained By The Company Explanatory,Verified (Annual Report Fallback),6.9117
Q154,Does the company follow sustainable mining practices,numeric,BRSR,Percentage Of Health And Safety Practices Of Value Chain Partners P3,Unverified - Needs Manual Review,9.0937
Q155,Does the company have tailing management system after mining,numeric,BRSR,Remarks For Assurance Of Health And Safety Management System,Locked (BRSR: Ambiguous),16.7852
Q156,"Does the company have a publicly available policy in place for mining from conflict affected and high risk areas. If yes, provide details",numeric,BRSR,Details Of The Entity Have Processes In Place To Avoid Or Manage Conflict Of Interests Involving Members Of The Board Explanatory Text Block,Locked (BRSR: High Confidence),18.7673
Q157,Does the company undertake intiatives or programs to raise awareness about sustainability challenges and opportunities in the natural rubber industry for suppliers,numeric,BRSR,Total Number Of Awareness Programmes Held - Awareness Programmes Conducted For Value Chain Partners Domain1,Locked (BRSR: Ambiguous),17.3699
Q158,What measures are in palce to ensure public sagety and security at facilities?,numeric,Annual_Report,Description Of How Entity Establishes Hedge Ratio And What Sources Of Hedge Ineffectiveness Are,Verified (Annual Report Fallback),7.2492
Q159,How are potential security threats and emergencies addressed,numeric,Annual_Report,Indication Of How Frequently Hedging Relationships Are Discontinued And Restarted,Verified (Annual Report Fallback),7.6339
Q160,Is the company using low carbon vehicle and equipments in its ports to carry out operations,numeric,BRSR,It Is Planned To Be Done In The Next Financial Year - Principle6 Member,Locked (BRSR: High Confidence),21.3344
Q161,Are the ESG related factors being monitored in investee companies/lending processes,numeric,BRSR,Statement By Director Responsible For The Business Responsibility Report Highlighting ESGRelated Challenges Targets And Achievements Explanatory Text Block,Unverified - Needs Manual Review,10.2497
Q162,Does the company lend towards Electric Vehicles,numeric,Annual_Report,Appropriation Towards Bonus Shares,Verified (Annual Report Fallback),7.195
Q163,Does the company have ESG related products/services?,numeric,Annual_Report,Products And Services Domain,Verified (Annual Report Fallback),9.9967
Q164,Does the company integrate ESG aspects in its insurance underwriting process for non life non health insurance reinsurance,numeric,BRSR,The Entity Has Not Applicable Conducted Life Cycle Perspective Or Assessments For Any Of Its Products Or For Its Services Explanatory Text Block,Locked (BRSR: Ambiguous),14.5776
Q165,Does your company offer eSG based products within its non life non health insurance business segment,numeric,BRSR,Details Of Your Entitys Policy Or Policies Has Not Applicable Each Principle And Its Core Elements Of The NGRBCs Explanatory Text Block - Principle2 Member,Locked (BRSR: Ambiguous),18.346
Q166,Does the company participate in the GRESB for real estate benchmark assessment,numeric,BRSR,Does Company Participate In The Business Responsibility Initiatives Of The Listed Entity - Holding Subsidiary Associate Companies And Joint Ventures Domain1,Unverified - Needs Manual Review,11.0687
Q167,Is the company currently operating/deploying low carbon fleet (EVs or other vehicles) in its logistics business or do they have a plan to shift current feet to low carbon alternative fleet,numeric,BRSR,Do You Have AFocal Point Responsible For Addressing Human Rights Impacts Or Issues Caused Or Contributed To By The Business,Locked (BRSR: Ambiguous),20.764
Q168,Does the company have End of Life Vehicles management,numeric,BRSR,Remarks For Assurance Of Whether The Entity Provide Transition Assistance Programs To Facilitate Continued Employability And The Management Of Career Endings Resulting From Retirement Or Termination Of Employment,Unverified - Needs Manual Review,11.9462
Q169,What steps are taken by the company to mitigate any potential health impacts of tyre and rubber product manufacturing on local communities,numeric,BRSR,Details Of Product Information On The Product Over And Above What Is Mandated As Per Local Laws Explanatory Text Block,Locked (BRSR: Ambiguous),21.2672
Q170,"Does the company have a strategy or initiative in place to enourage small forest owners and timber suppliers to adopt best practices or sustainable management in order to obtain certification from recognized systems such as PEF, FSC or equivalent",numeric,BRSR,Remarks For Assurance Of Details Of Waste Management Practices Adopted In Your Establishments And The Strategy Adopted By Company To Reduce Usage Of Hazardous And Toxic Chemicals,Locked (BRSR: High Confidence),20.8375
Q171,"Does the company have commitment in place integrating circular fashin into all its operations? If yes, provide details",numeric,BRSR,Details Of The Entity Have Not Applicable Processes In Place To Avoid Or Manage Conflict Of Interests Involving Members Of The Board Explanatory Text Block,Locked (BRSR: High Confidence),13.5258
Q172,Does the company manufacture/sell sustainable apparel or garments,numeric,BRSR,Name Of The Trade And Industry Chambers Or Associations - Industry Chambers Or Associations1 Member,Locked (BRSR: Ambiguous),16.5687
Q173,Is the company using sustainable material in its typre (also state the ttype of material used) or has committed to use sustainable material in typres,numeric,BRSR,Remarks For Assurance Of The Entity Has Undertaken Any Specific Initiatives Or Used Innovative Technology Or Solutions To Improve Resource Efficiency,Locked (BRSR: Ambiguous),17.4725
Q174,Is the company manufacturing sustainable/eco-friendly paint/coatings,numeric,BRSR,Whether The Processes For Identifying Key Stakeholder Groups Of The Entity Is Assured By Assurer,Unverified - Needs Manual Review,9.34
Q175,Is the company manufacturing any energy efficient products or is spending on R&D for manufacturing such products in near future?,numeric,BRSR,Percentage Of RAnd D,Locked (BRSR: High Confidence),19.5463
Q176,Is the company fulfilling International Maritime Organisation - MARPOL Air Pollution prevention guidelines,numeric,Annual_Report,Name Of Stock Exchange Where The Company Is Listed,Verified (Annual Report Fallback),8.1442
Q177,Whether an occupational health and safety management system is implemented by the entity,numeric,BRSR,Whether An Occupational Health And Safety Management System Has Been Implemented By The Entity,Locked (BRSR: High Confidence),48.8989
Q178,What are the processes used to identify work-related hazards and assess risks on a routine and non routine bassi by the entity,numeric,BRSR,Desclosure Of The Processes Used To Identify Work Related Hazards And Assess Risks On ARoutine And Non Routine Basis By The Entity Explanatory Text Block,Locked (BRSR: High Confidence),59.3946
Q179,Does the company have processes for workers to report the work related hazards and to remove themselves from such risks (Y/N),numeric,BRSR,Whether You Have Processes For Workers To Report The Work Related Hazards And To Remove Themselves From Such Risks,Locked (BRSR: High Confidence),58.9874
Q180,Was there training given to workers on health and sagety measures in Current Year,numeric,Annual_Report,Training Recruitment Expenses,Verified (Annual Report Fallback),9.7928
Q181,Does the company mention that they have a safety committee/policy in place with respect to accidents or misfortune events,numeric,BRSR,Does The Entity Extend Any Life Insurance Or Any Compensatory Package In The Event Of Death Of Employees,Locked (BRSR: High Confidence),18.8543
Q182,Does the entity have ISO 45001:2018 certification,numeric,BRSR,The Entity Does Not Have The Financial Or Human And Technical Resources Available For The Task - Principle2 Member,Unverified - Needs Manual Review,9.621
Q183,Are the entity’s manufacturing facilties WRAP certified,numeric,Annual_Report,Whether These Are In Accordance With The Books Of Accounts Maintained By The Company Explanatory,Verified (Annual Report Fallback),6.0578
Q184,Does the company have a target to achieve gender diversity in the workforce,numeric,BRSR,Does The Entity Have Any Sites Or Facilities Identified As Designated Consumers Under The Performance Achieve And Trade Scheme Of The Government Of India,Locked (BRSR: High Confidence),17.6769
Q185,Does the company have a diversity equality and inclusion policy,numeric,Annual_Report,Initially Applied Ind A Ss Domain,Verified (Annual Report Fallback),6.3442
Q186,Does the company have policy for precention to prevent sexual harassment at workplace,numeric,BRSR,Total Complaints Reported Under Sexual Harassment Of Women At Workplace,Locked (BRSR: Ambiguous),29.707
Q187,Are all complaints filed by the employees during current fiscal year closed,numeric,BRSR,Number Of Complaints Filed During The Year - Health Safety Complaints Member,Locked (BRSR: Ambiguous),19.3537
Q188,Does the company have a human rights policy established,numeric,BRSR,Remarks For Assurance Of Employees And Workers Who Have Been Provided Training On Human Rights Issues And Policies Of The Entity,Locked (BRSR: High Confidence),16.8033
Q189,"Does the company have provide medical assistance (Ambulance service, fixed medical checkups, to the employees)",numeric,BRSR,No Match Found,Unverified - Needs Manual Review,0.0
Q190,"Does the company take measures for the well being of individuals other than permanent employees (which may include interns, contracts, etc.)",numeric,BRSR,Number Of Well Being Of Employees Or Workers - Other Gender Member - Total Employee Benefits Member - Other Than Permanent Employees Member,Locked (BRSR: Ambiguous),19.533
Q191,Does the organisation have opportunities for Paternal leavesWhat all initiatives does the organisation undertake for increase in the retention rate of employees,numeric,BRSR,Retention Rates Permanent Employees That Took Parental Leave - Gender Member,Locked (BRSR: Ambiguous),22.9031
Q192,Does the company have employe development programs that have been developed to upgrade and improve employee skills,numeric,BRSR,Remarks For Assurance Of Details Of Measures Undertaken By The Entity To Ensure That Statutory Dues Have Been Deducted And Deposited By The Value Chain Partners,Locked (BRSR: High Confidence),15.1444
Q193,Did the company face any strike in the current year,numeric,BRSR,Do Human Rights Requirements Form Part Of Your Business Agreements And Contracts,Unverified - Needs Manual Review,11.2402
Q194,Does the company conduct an employee satisfaction survey,numeric,BRSR,The Entity Has Not Applicable Carry Out Any Survey With Regard To Consumer Satisfaction Relating To The Major Products Or Services Explanatory Text Block,Locked (BRSR: Ambiguous),13.4904
Q195,Does the company have policy on offering stock options,numeric,BRSR,Name Of Stock Exchange Where The Company Is Listed - Stock Exchange1,Locked (BRSR: High Confidence),14.0505
Q196,Does the company have mechanisms to receive and respond to consumer complaints and feedback,numeric,BRSR,Remarks For Assurance Of The Mechanisms In Place To Receive And Respond To Consumer Complaints And Feedback,Locked (BRSR: High Confidence),36.6457
Q197,"Did your entity carry out any survey with regard to consumer satisfaction relating to the major products/services of the entity, significant locations of operation of the entity or the entity as a whole",numeric,BRSR,Did Your Entity Carry Out Any Survey With Regard To Consumer Satisfaction Relating To The Major Products Or Services Of The Entity Significant Locations Of Operation Of The Entity Or The Entity As AWhole,Locked (BRSR: High Confidence),74.2542
Q198,Steps taken to inform and educate consumers about safe and responsible usage of products and/or service,numeric,BRSR,Remarks For Assurance Of Steps Taken To Inform And Educate Consumers About Safe And Responsible Usage Of Products And Or Services,Locked (BRSR: Ambiguous),55.0085
Q199,ISO 9001:2015 certification,numeric,Annual_Report,Number Of Certified Emission Rights Under Certification,Verified (Annual Report Fallback),6.2681
Q200,Does the entity display product information on the product over and above what is mandated as per local laws,numeric,BRSR,Does The Entity Display Product Information On The Product Over And Above What Is Mandated As Per Local Laws,Locked (BRSR: High Confidence),64.7158
Q201,"When the onboarding of new vendors takes place, does the company have their supplier code of conduct designed",numeric,BRSR,Name Of The Company Or LLPOr Firm Of Assurance Provider - Assurance Provider Domain1,Unverified - Needs Manual Review,12.2879
Q202,Disclose any significant adverse impact on the environment arising from the value chain of the entity. Are there any mitigations or adaptiation measures taken by the entity in this context,numeric,BRSR,Disclose Any Significant Adverse Impact To The Environment Arising From The Value Chain Of The Entity What Mitigation Or Adaptation Measures Have Been Taken By The Entity In This Regard Explanatory Text Block,Locked (BRSR: Ambiguous),52.0752
Q203,Provide details of any corrective actions taken or underway to adderss significant risks/concerns arising from asessment of health and safety practices practices and working conditions of value chain partners,numeric,BRSR,Details Of Any Corrective Actions Taken Or Underway To Address Significant Risks Or Concerns Arising From The Assessments Of Value Chain Partner Explanatory Text Block,Locked (BRSR: Ambiguous),47.8666
Q204,Does the entity have procedures in place for sustainable sourcing strategy around sustainable/efficient/responsible supply chain,numeric,BRSR,Does The Entity Have Procedures In Place For Sustainable Sourcing,Locked (BRSR: High Confidence),44.5975
Q205,Is there a robust supplier assessment done by the company to avoid any conflicts with ESG requirements/sustainability/ESG assessment for suppliers,numeric,BRSR,Whether The Entity Have Processes In Place To Avoid Or Manage Conflict Of Interests Involving Members Of The Board Is Assured By Assurer,Locked (BRSR: High Confidence),21.8436
Q206,Does the company have a documented CSR policy in place,numeric,Annual_Report,Whether Company Has Written CSR Policy,Verified (Annual Report Fallback),18.5912
Q207,Whether there are mechanisms to receive and redress grievances of the community,numeric,BRSR,Whether Describe The Mechanisms To Receive And Redress Grievances Of The Community Is Assured By Assurer,Locked (BRSR: Ambiguous),33.5121
Q208,Does the entity disclose the details of beneficiaries of CSR projects,numeric,BRSR,Remarks For Assurance Of Details Of Beneficiaries Of CSRProjects,Unverified - Needs Manual Review,12.9197
Q209,"Does the company conduct impact assessments for CSR projects? If yes, provide details",numeric,Annual_Report,Disclosure Of Reasons If Company Fails To Spend Prescribed Amount On CSR,Verified (Annual Report Fallback),16.3512
Q210,Does the company conduct of assessment of negative impacts of its operation on the communities,numeric,BRSR,Details Of Negative Social Impact Identified - Negative Social Impact Identified1,Locked (BRSR: Ambiguous),17.2261
Q211,Provide details of actions taken to mitigate any negative social impacts identified in the Social Impact Assessments,numeric,BRSR,Remarks For Assurance Of Details Of Actions Taken To Mitigate Any Negative Social Impacts Identified In The Social Impact Assessments,Locked (BRSR: Ambiguous),42.7651
Q212,Does the entity have a framework/policy on cybersecurity and risks related to data privacy,numeric,BRSR,Does The Entity Have AFramework Or Policy On Cyber Security And Risks Related To Data Privacy,Locked (BRSR: High Confidence),45.1078
Q213,Does the company’s policy on cybersecurity and risks related to data privacy extend to its value chain partners,numeric,BRSR,Web Link Of The Policy On Cyber Security And Risks Related To Data Privacy,Locked (BRSR: High Confidence),30.5925
Q214,Provide number of instances of data breaches along with their impact on the company,numeric,BRSR,Number Of Instances Of Data Breaches Along With Impact,Locked (BRSR: High Confidence),42.73
Q215,Does the company conduct cybersecurity assessment by a third party,numeric,BRSR,Water Discharge By Sent To Third Parties,Locked (BRSR: Ambiguous),13.6959
Q216,"Does the entity comply with ISO 27001:2013, ISO 22301:2019 OR PCI DSS standards to safeguard the customer data",numeric,BRSR,Whether Data Breaches Information Like Number Of Instances Of Data Breaches Along With Impact And Percentage Of Data Breaches Involving Personally Identifiable Information Of Customers Is Assured By Assurer,Locked (BRSR: Ambiguous),22.9404
Q217,Does the organisation conduct training on data privacy and awareness programs for information security to its customers/employees,numeric,BRSR,Remarks For Assurance Of Data Breaches Information Like Number Of Instances Of Data Breaches Along With Impact And Percentage Of Data Breaches Involving Personally Identifiable Information Of Customers,Locked (BRSR: Ambiguous),25.6587
Q218,Does the company have a communication plan for engaging with the communities affected with aircraft noise,numeric,BRSR,Remarks For Assurance Of Whether The Entity Have ABusiness Continuity And Disaster Management Plan,Locked (BRSR: High Confidence),18.3182
Q219,Does the company comply with Maritime Labour Convention adopted by International Labour Organisation in 2006,numeric,Annual_Report,Site Labour Supervision Cost Contracts,Verified (Annual Report Fallback),14.8101
Q220,Is the company’s training centre for its seafarers certified or has got validated by any institution,numeric,BRSR,Whether The Entity Has Undertaken Any Specific Initiatives Or Used Innovative Technology Or Solutions To Improve Resource Efficiency Is Assured By Assurer,Locked (BRSR: High Confidence),17.5136
Q221,Does the company have agreements which safeguard the wellbeing of farm workers through the Agricultural Labour Practices Code,numeric,BRSR,Remarks For Assurance Of Details Of Financial Year For Which Reporting Is Being Done,Locked (BRSR: Ambiguous),16.3848
Q222,Does the company ensure its jewellery meet BIS hallmark standards for quality assurance,numeric,BRSR,Remarks For Assurance Of Measures Taken By The Entity To Ensure ASafe And Healthy Work Place,Locked (BRSR: High Confidence),17.2141
Q223,Is the education institute providing placement assistance to its students,numeric,BRSR,It Is Planned To Be Done In The Next Financial Year - Principle3 Member,Locked (BRSR: Ambiguous),15.9379
Q224,Does the company have a editorial policy,numeric,BRSR,Remarks For Assurance Of Whether The Entity Have An Equal Opportunity Policy As Per The Rights Of Persons With Disabilities Act2016,Locked (BRSR: High Confidence),14.7008
Q225,Does the company implement strategies to control and reduce the amount of construction and demolition waste from buildings that are constructed or are part of portfolio,numeric,BRSR,Construction And Demolition Waste,Locked (BRSR: High Confidence),30.9528
Q226,Does the company have programs established to measure food loss and waste,numeric,BRSR,Steps Taken To Address The Waste Collection Plan Explanatory Text Block,Locked (BRSR: High Confidence),22.3217
Q227,Does the company have any targets to reduce food waste,numeric,BRSR,Amount Of Recycled - Hazardous Waste Member - Previous Year,Locked (BRSR: High Confidence),20.4457
Q228,What initiatives are undertaken to mitigate the health risks of smoking and tobacco use,numeric,BRSR,Steps Taken To Inform And Educate Consumers About Safe And Responsible Usage Of Products And Or Services Explanatory Text Block,Locked (BRSR: Ambiguous),15.4228
Q229,Are any of its hospitals accredited with NABH or JIC? How many of its hospitals accredited with NABH or JIC?,numeric,BRSR,Remarks For Assurance Of Weblink Where Information On Products And Services Of The Entity Can Be Accessed,Unverified - Needs Manual Review,11.407
Q230,Does the company have a program or is taking efforts to increase the availability and affordability of the medicines in low income/developing markets,numeric,BRSR,Details If The Employees Or Worker Of The Entity Have Access To Non Occupational Medical And Healthcare Services Is Not Applicable Explanatory Text Block,Locked (BRSR: High Confidence),16.6746
Q231,Does the company have publicly available programs to improve the accessibility to healthcare,numeric,BRSR,Whether Information Available In Public Domain - Public Policy3,Unverified - Needs Manual Review,13.3946
Q232,Are the production units and R&D centres certified to International Aerospace Standard AS9100D and other required aviation standards,numeric,BRSR,Details Of Improvements In Environmental And Social Impacts Due To RAnd D,Locked (BRSR: Ambiguous),23.4511
Q233,"Has the company identified risk and threats it faces in ensuring the safet and security of its passengers, staff, and assets",numeric,BRSR,The Entity Has Not Applicable AFramework Or Policy On Cyber Security And Risks Related To Data Privacy Explanatory Text Block,Unverified - Needs Manual Review,12.7165
Q234,Does the company collaborate with external agencies to reduce the amount of food loss and waste,numeric,BRSR,Amount Of Recycled - Hazardous Waste Member,Locked (BRSR: High Confidence),26.3776
Q235,Is the company promoting local tourism,numeric,Annual_Report,Name Of Stock Exchange Where The Company Is Listed,Verified (Annual Report Fallback),8.1442
Q236,"Does the company actively engage in the research collaborations with the universities, research institutions and other companies",numeric,Annual_Report,Whether These Are In Accordance With The Books Of Accounts Maintained By The Company Explanatory,Verified (Annual Report Fallback),16.6678
Q237,"Provide details on development of clinical technology, clinical capabilites and programmes",numeric,Annual_Report,Details Regarding Technology Absorption,Verified (Annual Report Fallback),10.9161
Q238,"Does the entity have system/mechanism in place to address issues (congestion, indoor coverage, call drops, modernisation and upgrade of data speeds, among others)",numeric,BRSR,Remarks For Assurance Of The Internal Mechanisms In Place To Redress Grievances Related To Human Rights Issues,Locked (BRSR: Ambiguous),18.1264
Q239,"Does the company have digital/smart substations or plans to have it in future? (If yes, provide the number of substation)",numeric,BRSR,Remarks For Assurance Of Whether The Waste Collection Plan Is In Line With The Extended Producer Responsibility Plan Submitted To Pollution Control Boards And Steps Taken To Address The Waste Collection Plan If Not Submitted,Locked (BRSR: High Confidence),16.1693
Q240,Does the company use smart metters in its distribution grid,numeric,BRSR,Energy Intensity Per Rupee Of Turnover Adjusting For Purchasing Power Parity - Previous Year,Locked (BRSR: Ambiguous),13.8008
Q241,Does the company have inhouse research and development facilities/centres and team,numeric,Annual_Report,Research And Development Expense,Verified (Annual Report Fallback),13.9443
Q242,Is the company offering e-learning courses/certifications to its students,numeric,BRSR,Whether EMail Of The Company Is Assured By Assurer,Locked (BRSR: Ambiguous),15.4707
Q243,ISO 22000 FSSC,numeric,Annual_Report,ISO Country Code Of Place Of Maintenance Of Computer Servers Storing Accounting Data,Verified (Annual Report Fallback),8.7993
Q244,Does the company confirm on its commitments to follow guidelines provided by FSSAI and NIN,numeric,BRSR,Provide Details Of The Non Compliance - Law Or Regulation Or Guidelines1,Locked (BRSR: Ambiguous),14.2647
Q245,Does the company conduct food safety audits,numeric,BRSR,Assurance Sub Type For Details Of Instances Of Product Recalls On Account Of Safety Issues,Locked (BRSR: Ambiguous),13.6621
Q246,Does the company mention use of natural ingredients in their products and are they approved by government norms,numeric,BRSR,Reclaimed Products And Their Packaging Materials As Percentage Of Total Products Sold In Respective Category - Reclaimed Products And Their Packaging Domain1,Locked (BRSR: Ambiguous),15.6711
Q247,does the company have a policy on ingredient safety? is there any mention of use of paraben in the products,numeric,BRSR,The Entity Is Not At AStage Where It Is In APosition To Formulate And Implement The Policies On Specified Principles - Principle7 Member,Locked (BRSR: Ambiguous),18.2467
Q248,ISO 13485,numeric,Annual_Report,ISO Country Code Of Place Of Maintenance Of Computer Servers Storing Accounting Data,Verified (Annual Report Fallback),8.7993
Q249,Does the company have a policy for ensuring quality and patient safety during clinical trials,numeric,BRSR,Assurance Sub Type For Whether The Entity Have An Equal Opportunity Policy As Per The Rights Of Persons With Disabilities Act2016,Locked (BRSR: High Confidence),15.1373
Q250,Does the entity display relevant information on the product labels as per the requirements of national and international drug regulatory bodies,numeric,BRSR,Remarks For Assurance Of Whether The Entity Display Product Information On The Product Over And Above What Is Mandated As Per Local Laws,Locked (BRSR: High Confidence),25.2718
Q251,How many labs are NABL accredited,numeric,Annual_Report,Indication Of How Frequently Hedging Relationships Are Discontinued And Restarted,Verified (Annual Report Fallback),6.1765
Q252,How did the entity handle aliquots and provide details on reducing aliquots,numeric,Annual_Report,Description Of How Entity Determined Maximum Economic Benefit Available,Verified (Annual Report Fallback),6.2366
Q253,Does the company have a dedicated ethics committee to oversee all the clinical trials,numeric,BRSR,Do You Have APreferential Procurement Policy Where You Give Preference To Purchase From Suppliers Comprising Marginalized Or Vulnerable Groups,Locked (BRSR: High Confidence),16.0067
Q254,Does the company have a public policy committing it and/or its suppliers to animal welfare principles,numeric,BRSR,Remarks For Assurance Of APreferential Procurement Policy Where Preference To Purchase From Suppliers Comprising Marginalized Or Vulnerable Groups And Its Percentage Of Total Procurement By Value Does It Constitute,Locked (BRSR: Ambiguous),19.4789
Q255,Does the company meet priority sector lending requirements as per RBI,numeric,BRSR,Is The Premise Or Office Of The Entity Accessible To Differently Abled Visitors As Per The Requirements Of The Rights Of Persons With Disabilities Act2016,Unverified - Needs Manual Review,11.93
Q256,"Does the entity have a plan to lend to MSME? If yes, provide details",numeric,BRSR,Assurer Has Assured Whether The Entity Have ABusiness Continuity And Disaster Management Plan,Locked (BRSR: High Confidence),17.5182
Q257,Does the company have a policy or commitment on financial inclusion,numeric,BRSR,Remarks For Assurance Of The Entity Is AMember Of Or Affiliated To Trade And Industry Chambers Or Associations Determined Based On The Total Members Of Such Body,Locked (BRSR: Ambiguous),13.5414
Q258,Does the company have programmes for listing designed to promote small businesses (MSME) and community development,numeric,BRSR,Assurance Sub Type For Whether The Entity Have ABusiness Continuity And Disaster Management Plan,Locked (BRSR: High Confidence),16.4434
Q259,Does the company index for social enterprises that target underserved or less privileged population segments,numeric,BRSR,Remarks For Assurance Of Whether CSRIs Applicable As Per Section135 Of Companies Act2013,Locked (BRSR: High Confidence),14.9205
Q260,Does the company have its products in compliance with BIS standards,numeric,BRSR,Number Of Persons Benefitted From CSRProjects - CSRProjects83,Locked (BRSR: Ambiguous),15.414
Q261,Is the company adhering to Food Safety Standards and Processes,numeric,Annual_Report,Safety Security Expenses,Verified (Annual Report Fallback),9.088
Q262,Description of actions and initiatives to promote access to healthcare products for priority diseases,numeric,BRSR,Description Of Main Activity - Details Of Business Activities Accounting For Ninety Percent Of The Turnover Domain1,Locked (BRSR: High Confidence),14.9758
Q263,Does the company focus on providing healthcare facilities to vulnerable portions of the population,numeric,BRSR,Whether Details Of Total Energy Consumption And Energy Intensity Applicable To The Company,Locked (BRSR: High Confidence),13.5803
Q264,N-CAP Rating of 4 or 5 star?,numeric,Annual_Report,Disclosure As Per Sub Rule 5 Of Rule 8 Of Companies Accounts Rules 2014 Explanatory,Verified (Annual Report Fallback),4.4656
Q265,"Is the company sourcing raw materials from the certified sustainable sources (such as global GAP, RSPO, Rainforest, FSC)",numeric,BRSR,Whether The Entity Have Procedures In Place For Sustainable Sourcing And Percentage Of Inputs Were Sourced Sustainably Is Assured By Assurer,Locked (BRSR: High Confidence),15.8138
Q266,Do the farmers have access to PPE kits to prevent themselves from exposure to pesticides while handling wet green tobacco leaves which could lead to Green Tobacco Sickness,numeric,BRSR,Do The Employees Or Worker Of The Entity Have Access To Non Occupational Medical And Healthcare Services,Locked (BRSR: High Confidence),20.1753
Q267,Does the company have any standards or programmes related to sustainable tobacco during their supply chain process,numeric,BRSR,Remarks For Assurance Of The Entity Have Procedures In Place For Sustainable Sourcing And Percentage Of Inputs Were Sourced Sustainably,Locked (BRSR: High Confidence),19.3727
Q268,Are there any technicians appointed during the supply chain process to detect or monitor the agriculture or crop management process,numeric,BRSR,Percentage Of Discrimination At Work Place Of Value Chain Partners P5,Locked (BRSR: Ambiguous),14.7968
Q269,Existence of management process for ensuring quality and patient safety during clinical trials,numeric,BRSR,Type Of Assurance For Policy And Management Processes,Locked (BRSR: High Confidence),18.0518
Q270,Provide information on project(s) for which ongoing Rehabilitation and Resettlements is being undertaken by the company,numeric,BRSR,Whether Details Of Projects For Which Ongoing Rehabilitation And Resettlement Is Being Undertaken By Entity Is Assured By Assurer,Locked (BRSR: Ambiguous),30.8568
Q271,How many patents were filed and granted during the current year,numeric,BRSR,Number Of Complaints Filed During The Year - Otherhumanrightsrelatedissues Member,Locked (BRSR: Ambiguous),16.7864
Q272,Does the company have due diligence process for sourcing minerals as raw materials,numeric,BRSR,Assurance Sub Type For The Entity Have Procedures In Place For Sustainable Sourcing And Percentage Of Inputs Were Sourced Sustainably,Locked (BRSR: High Confidence),18.9831
Q273,Has the entity performed audit by DoT and maintain compliance with EMF radiation levels set by local regulations and ICNIRP,numeric,BRSR,Assurance Sub Type For Specific Commitments Goals And Targets Set By The Entity With Defined Timelines,Locked (BRSR: Ambiguous),13.66
Q274,Does the organisation have Board Diversity Policy,numeric,BRSR,Remarks For Assurance Of Whether The Entity Have ASpecified Committee Of The Board Or Director Responsible For Decision Making On Sustainability Related Issues,Locked (BRSR: High Confidence),18.6134
Q275,Presence of policy on appointment and reappointment of board of directors,numeric,BRSR,Details Of Specified Committee Of The Board Or Director Responsible For Decision Making On Sustainability Related Issues Explanatory Text Block,Locked (BRSR: Ambiguous),18.0092
Q276,Is the chairperson of the board an independent director?,numeric,BRSR,Total Number Of Board Of Directors,Locked (BRSR: Ambiguous),16.1817
Q277,Does the company have separate roles for Chairman and CEO,numeric,Annual_Report,Whether Company Has Published Sustainability Report For The Financial Year,Verified (Annual Report Fallback),6.7748
Q278,Does the company have lead independent director on the board,numeric,BRSR,Assurer Has Assured Whether The Entity Have ASpecified Committee Of The Board Or Director Responsible For Decision Making On Sustainability Related Issues,Locked (BRSR: High Confidence),20.9836
Q279,Does the company ensure effectiveness of the board through internal or external evaluation or assessment,numeric,BRSR,Name Of The External Agency That Undertook Independent Assessment Or Evaluation Or Assurance For Energy Consumption Explanatory Text Block,Locked (BRSR: High Confidence),17.8141
Q280,Does the company have processes in place to avoid/manage conflicts of interest involving members of the Board,numeric,BRSR,Does The Entity Have Processes In Place To Avoid Or Manage Conflict Of Interests Involving Members Of The Board,Locked (BRSR: High Confidence),55.7969
Q281,Does the company conduct training and awareness programmes on any of the NGBRC principles for BOD,numeric,BRSR,Remarks For Assurance Of Percentage Coverage By Training And Awareness Programs On Any Of The Principles During The Financial Year For BODOr KMPOr Employee Or Worker,Locked (BRSR: Ambiguous),27.8676
Q282,Independence of Chairperson of committee (risk management),numeric,Annual_Report,Explanation Of Risk Management Strategy Related To Hedge Accounting Explanatory,Verified (Annual Report Fallback),6.6318
Q283,Independence of Chairperson of committee (NRC),numeric,Annual_Report,Disclosure Of Composition Of Audit Committee And Non Acceptance Of Any Recommendation Of Audit Committee Along With Reasons Explanatory,Verified (Annual Report Fallback),5.7679
Q284,Independence of Chairperson of committee (Audit),numeric,Annual_Report,Disclosure Of Composition Of Audit Committee And Non Acceptance Of Any Recommendation Of Audit Committee Along With Reasons Explanatory,Verified (Annual Report Fallback),9.2306
Q285,Is there a claw back mechanism/policy for senior management/KMP,numeric,BRSR,Is There AMechanism Available To Receive And Redress Grievances For Permanent Employees,Locked (BRSR: Ambiguous),20.5941
Q286,Is the independent director paid commissions/incentives other than the board sitting fees,numeric,Annual_Report,Directors Sitting Fees,Verified (Annual Report Fallback),16.0841
Q287,Is the variable pay of executives linked to sustainability or ESG parameters,numeric,BRSR,Whether Statement By Director Responsible For The Business Responsibility Report Highlighting ESGRelated Challenges Targets And Achievements Is Assured By Assurer,Locked (BRSR: Ambiguous),14.2369
Q288,Does the company have a policy for appointment or reappointment o auditors,numeric,Annual_Report,Disclosure In Auditors Report Relating To Fraud By The Company Or On The Company By Its Officers Or Its Employees Reported During Period,Verified (Annual Report Fallback),8.244
Q289,Discontinuation of auditors before end of term,numeric,Annual_Report,Short Term Borrowings,Verified (Annual Report Fallback),5.8891
Q290,Does the entity have a whistleblower policy,numeric,BRSR,Assurer Has Assured Whether The Entity Have An Equal Opportunity Policy As Per The Rights Of Persons With Disabilities Act2016,Locked (BRSR: High Confidence),15.644
Q291,Is the whistleblower policy applicable to value chain,numeric,BRSR,The Enlisted Policies Do Not Applicable Extend To Your Value Chain Partners Explanatory Text Block - Principle1 Member,Locked (BRSR: Ambiguous),16.7248
Q292,Does the entity have an anti corruption or anti bribery policy,numeric,BRSR,Does The Entity Have An Anti Corruption Or Anti Bribery Policy,Locked (BRSR: High Confidence),43.9274
Q293,Does the company have code of conduct policy,numeric,BRSR,Does The Entity Extend Any Life Insurance Or Any Compensatory Package In The Event Of Death Of Workers,Unverified - Needs Manual Review,10.3134
Q294,Does the company have a policy on anti-money laundering and/or insider trading/dealing,numeric,BRSR,Details For The Entity Have Not Applicable An Anti Corruption Or Anti Bribery Policy Explanatory Text Block,Locked (BRSR: High Confidence),16.5705
Q295,"Does the company provide training on code of conduct, anti corruption, and anti bribery policies to the employee",numeric,BRSR,Anti Corruption Or Anti Bribery Policy Explanatory Text Block,Locked (BRSR: High Confidence),28.714
Q296,How does the company ensure that the minority shareholders effectively protect their interest and rights within company,numeric,BRSR,Percentage Of Sourced Directly From Within The District And Neighbouring Districts - Previous Year,Unverified - Needs Manual Review,11.7851
Q297,Has the company undergone any fines/penalties/punishments/award/compunding fees/settlement amount paid in proceedings with regulators/law enforcement agencies/judicial institution during the financial year,numeric,BRSR,Remarks For Assurance Of Details Of Fines Or Penalties Or Punishment Or Award Or Compounding Fees Or Settlement,Locked (BRSR: Ambiguous),31.2637
Q298,Does the company implement a comprehensive framework or Enterprise Risk Management framework,numeric,BRSR,Remarks For Assurance Of Whether The Entity Have AFramework Or Policy On Cyber Security And Risks Related To Data Privacy,Locked (BRSR: High Confidence),14.5331
Q299,"Has the company taken any corrective action or underway on any issues related to anti competitive model, based on adverse orders from regulatory authorities? If yes, provide details",numeric,BRSR,Remarks For Assurance Of Details Of Corrective Action Taken Or Underway On Any Issues Related To Anti Competitive Conduct By The Entity Based On Adverse Orders From Regulatory Authorities,Locked (BRSR: Ambiguous),55.8655
Q300,Does the entity have a business continuity and disaster management plan,numeric,BRSR,Does The Entity Have ABusiness Continuity And Disaster Management Plan,Locked (BRSR: High Confidence),48.2554
Q301,Does the company have ESG or Sustainability or BRSR policy,numeric,Annual_Report,Whether Company Has Published Sustainability Report For The Financial Year,Verified (Annual Report Fallback),10.4659
Q302,Does the company perform materiality assessment and identify material ESG issues,numeric,BRSR,Material Issue Identified - Entitys Material Responsible Business Conduct Issues Domain1,Unverified - Needs Manual Review,10.1491
Q303,Does the company conduct assurance for its ESG or sustainability data through a third party or external agency,numeric,BRSR,Name Of The External Agency If Any Independent Assessment Or Evaluation Or Assurance Has Been Carried Out By An External Agency For Energy Consumption Explanatory Text Block,Locked (BRSR: Ambiguous),17.779
Q304,Does the company conduct assurance for its suppliers’ ESG or sustainability data through a third party or external agency,numeric,BRSR,Assurance Sub Type For APreferential Procurement Policy Where Preference To Purchase From Suppliers Comprising Marginalized Or Vulnerable Groups And Its Percentage Of Total Procurement By Value Does It Constitute,Locked (BRSR: Ambiguous),18.0271
Q305,Does the company have a highest authority responsible for implementation and oversight of the Business Responsibility(ies) and ESG policy,numeric,BRSR,Details Of The Highest Authority Responsible For Implementation And Oversight Of The Business Responsibility Policy Explanatory Text Block,Locked (BRSR: Ambiguous),40.4822
Q306,Does the company have a specified committee of the board/director responsible for decision making on sustainability related issues (Y/N),numeric,BRSR,Does The Entity Have ASpecified Committee Of The Board Or Director Responsible For Decision Making On Sustainability Related Issues,Locked (BRSR: High Confidence),61.3137
Q307,Were there any promotor sponsored resolutoins that were defeated during the current FY,numeric,BRSR,Percentage Of Discrimination At Work Place Of Your Plants And Offices That Were Assessed P5,Locked (BRSR: High Confidence),21.4431
Q308,Does the company follow GRI standards,numeric,Annual_Report,Number Of Employees In The Company At The End Of The Financial Year,Verified (Annual Report Fallback),6.2701
Q309,Is the company aligned with SDGs? Does the company set targets according  to SDGs,numeric,BRSR,Whether Specific Commitments Goals And Targets Set By The Entity With Defined Timelines Is Assured By Assurer,Locked (BRSR: High Confidence),17.6878
Q310,Is your company a signatory/participant of the United Nations Global Compact,numeric,Annual_Report,Name Of Stock Exchange Where The Company Is Listed,Verified (Annual Report Fallback),8.5932
Q311,Does the company have affiliatoins with trade and indsutry chambers/associations,numeric,BRSR,Number Of Affiliations With Trade And Industry Chambers Or Associations,Locked (BRSR: High Confidence),24.4977
Q312,"Has the company advocated any public policy positions? If yes, provide details",numeric,BRSR,Web Link Public Policy Position Advocated - Public Policy1,Locked (BRSR: Ambiguous),21.7843
Q313,Does the company disclose ESG engagement with investee companyDoes the entity have stewardship code,numeric,BRSR,No Match Found,Unverified - Needs Manual Review,0.0
Q314,Is there a policy on related party transactions,numeric,BRSR,Percentage Of Purchases From Related Parties In Total Purchases For Share Of Related Party Transactions,Locked (BRSR: Ambiguous),18.9614
Q315,Disclosure of transactions with related parties during the year which are more than 10% of the revenue,numeric,BRSR,Percentage Of Sales To Related Parties In Total Sales For Share Of Related Party Transactions - Previous Year,Locked (BRSR: Ambiguous),21.9361
