question,matched_pdf_paragraph
What is the scope 1 and scope 2 emissions intensity for the current year?,"7. Provide details of greenhouse gas emissions (Scope 1 and Scope 2 emissions) in MTCO2E & its intensity, in the following format:"
What is the scope 3 emissions intensity for the current year?,Total Scope 3 emissions per rupee of turnover - - Total Scope 3 emission intensity (optional) – the relevant metric may be selected by the entity - -
What was the Total Scope 1 and 2 intensity (Current Year) (Unit: Metric Tonne) - Physical Output?,Lakh $ Total Scope 1 and Scope 2 emission intensity in terms of physical output TCO₂e / rupee of
What is the scope 1 and scope 2 emissions intensity in terms of purchasing power parity for the current year?,Lakh Total Scope 1 and Scope 2 emission intensity per rupee of turnover adjusted for Purchasing Power Parity (PPP) TCO₂e / rupee of
What are the total PM emissions for the Current Year (Unit: Metric Tonne)?,Parameter Please specify unit Current Financial Year Previous Financial Year
What are the total SOx emissions for the Current Year (Unit: Metric Tonne)?,Parameter Please specify unit Current Financial Year Previous Financial Year
What are the total NOx emissions for the Current Year (Unit: Metric Tonne)?,Parameter Please specify unit Current Financial Year Previous Financial Year
What is the water intensity per rupee of turnover in crores for the Current Year? (in kilolitres),"Water withdrawal by source (in kilolitres) (i) Surface water 0 0 (ii) Groundwater 0 0 (iii) Third party water 13,492 12,460 (iv) Seawater / desalinated water 0 0 (v) Others 75 70 Total volume of water withdrawal (in kilolitres) (i + ii + iii + iv + v) 13,567 12,530 Total volume of water consumption (in kilolitres) 13,567 12,530 Water intensity per rupee of turnover (Water consumed / turnover) 0.41 KL / Lakh 0.53909 KL / Lakh Water intensity per rupee of turnover adjusted for Purchasing Power Parity (PPP) (Total water consumption / Revenue from operations adjusted for PPP) 8.25 KL / Lakh $ 12.08293 KL / Lakh $"
What is the % of untreated water discharge?,Remarks: The Company does not discharge untreated water.
What is the total volume of fresh water withdrawal (in kilolitres) for the Current Year?,"Water withdrawal by source (in kilolitres) (i) Surface water 0 0 (ii) Groundwater 0 0 (iii) Third party water 13,492 12,460 (iv) Seawater / desalinated water 0 0 (v) Others 75 70 Total volume of water withdrawal (in kilolitres) (i + ii + iii + iv + v) 13,567 12,530 Total volume of water consumption (in kilolitres) 13,567 12,530 Water intensity per rupee of turnover (Water consumed / turnover) 0.41 KL / Lakh 0.53909 KL / Lakh Water intensity per rupee of turnover adjusted for Purchasing Power Parity (PPP) (Total water consumption / Revenue from operations adjusted for PPP) 8.25 KL / Lakh $ 12.08293 KL / Lakh $"
What is the total volume of fresh water discharge (in kilolitres) for the Current Year?,"1. Water withdrawal, consumption and discharge in areas of water stress (in kilolitres):"
What is the total volume of water consumed (in kilolitres) in areas of water stress for the Current Year?,"1. Water withdrawal, consumption and discharge in areas of water stress (in kilolitres):"
What is the total effluent discharge in the Current Year?,b. What is the contribution of exports as a percentage of the total turnover of the entity?
How much was the Water intensity in Current Year (in kilolitres) for physical output?,Water intensity in terms of physical output 0.46 KL / No. of units produced 0.37 KL / No. of units produced* Water intensity (optional) – the relevant metric may be selected by the entity. - -
What is the water intensity per rupee of turnover adjusted for Purchasing Power Parity in crores Current Year (in kilolitres) - PPP?,Energy intensity per rupee of turnover adjusted for Purchasing Power Parity (PPP) (Total energy consumed / Revenue from operations adjusted for PPP) 6.67GJ/ Lakh $ 10.86 GJ / Lakh $
What is the energy intensity turnover for the current year?,Energy intensity per rupee of turnover adjusted for Purchasing Power Parity (PPP) (Total energy consumed / Revenue from operations adjusted for PPP) 6.67GJ/ Lakh $ 10.86 GJ / Lakh $
Percentage of energy consumed from renewable sources?,"From renewable sources Total electricity consumption (A) 0.00 0.00 Total fuel consumption (B) 0.00 0.00 Energy consumption through other sources ( C ) 0.00 0.00 Total energy consumed from renewable sources (A+B+C) 0.00 0.00 From non-renewable sources (In Gigajoules) Total electricity consumption (D) 10,836.27 11,073.62 Total fuel consumption (E) 131.78 187.04 Energy consumption through other sources (F) 0.00 0.00 Total energy consumed from non-renewable sources (D+E+F) 10,968.05 11,260.66 Total energy consumed (A+B+C+D+E+F) 10,968.05 11,260.66 Energy intensity per rupee of turnover (Total energy consumption/ turnover in rupees Lakhs) 0.33 GJ / Lakh 0.48 GJ / Lakh"
What is the energy intensity in terms of physical output?,Energy intensity in terms of physical output 0.37 GJ / No. of units produced 0.33 GJ / No. of units produced* Energy intensity (optional) – the relevant metric may be selected by the entity - -
What is the energy intensity adjusted for Purchasing Power Parity for Current Year?,Energy intensity per rupee of turnover adjusted for Purchasing Power Parity (PPP) (Total energy consumed / Revenue from operations adjusted for PPP) 6.67GJ/ Lakh $ 10.86 GJ / Lakh $
What is the waste intensity adjusted for Purchasing Power Parity for Current Year?,Waste intensity per rupee of turnover adjusted for Purchasing Power Parity (PPP) (Total Waste Generated / Revenue from operations adjusted for PPP) 0.00271 MT / Lakh $ 0.00453 MT / Lakh $
How much was the hazardous waste for the current year (in metric tonnes)?,Total Waste generated (in metric tonnes)
What is the waste recycled/recovered intensity for the current year?,"2. Details of retirement benefits, for Current FY and Previous Financial Year."
Percentage of recycled or reused input material used in production (for manufacturing industry) or providing services (for service industry),3. Percentage of recycled or reused input material to total material (by value) used in production (for manufacturing industry) or providing services (for service industry).
What was the total waste intensity (current year) (Unit: Metric Tonne) - Physical Output?,Waste intensity in terms of physical output 0.0020 MT / No. of units produced 0.0022 MT / No. of units produced Waste intensity (optional) the relevant metric may be selected by the entity - -
What is the waste intensity adjusted for Purchasing Power Parity for the current year?,Waste intensity per rupee of turnover adjusted for Purchasing Power Parity (PPP) (Total Waste Generated / Revenue from operations adjusted for PPP) 0.00271 MT / Lakh $ 0.00453 MT / Lakh $
Turnover of products and/or services as a percentage of turnover from all products/service that carry information about the safe and responsible usage?,2. Turnover of products and/ services as a percentage of turnover from all products/service that carry information about:
What is the clinker factor ratio?,b. What is the contribution of exports as a percentage of the total turnover of the entity?
What is fly ash % utilisation in current year?,Category Current Financial Year
Is the company investing in new generation aircraft fleet? Has the number increased as compared to previous year?,Previous Financial Year
"What percentage of the total virgin raw material does the company produced and/or purchased covered by FSC, PEFC and/or SFI certification?",c. What percentage of total procurement (by value) does it constitute?
Total Lost time incident rate (LTIR)_Workers?,Lost Time Injury Frequency Rate (LTIFR) (per one million-person hours worked) Employees 0 0 Workers 0 0 Total recordable work-related injuries Employees 0 0 Workers 0 0 No. of fatalities Employees 0 0 Workers 0 0 High consequence work-related injury or ill-health (excluding fatalities) Employees 0 0 Workers 0 0
Total Lost time incident rate (LTIR)_Employees?,Lost Time Injury Frequency Rate (LTIFR) (per one million-person hours worked) Employees 0 0 Workers 0 0 Total recordable work-related injuries Employees 0 0 Workers 0 0 No. of fatalities Employees 0 0 Workers 0 0 High consequence work-related injury or ill-health (excluding fatalities) Employees 0 0 Workers 0 0
Total recordable work related injuries for employees as a % of the total employees in the company,No. of employees covered as a % of total employees
Total recordable work related injuries for workers as a % of the total workers in the company,No. of workers covered as a % of total workers
Fatalities of employees,Lost Time Injury Frequency Rate (LTIFR) (per one million-person hours worked) Employees 0 0 Workers 0 0 Total recordable work-related injuries Employees 0 0 Workers 0 0 No. of fatalities Employees 0 0 Workers 0 0 High consequence work-related injury or ill-health (excluding fatalities) Employees 0 0 Workers 0 0
Fatalities of workers,Lost Time Injury Frequency Rate (LTIFR) (per one million-person hours worked) Employees 0 0 Workers 0 0 Total recordable work-related injuries Employees 0 0 Workers 0 0 No. of fatalities Employees 0 0 Workers 0 0 High consequence work-related injury or ill-health (excluding fatalities) Employees 0 0 Workers 0 0
Count of high consquence work related injury or ill health of employees (excluding fatalities),Lost Time Injury Frequency Rate (LTIFR) (per one million-person hours worked) Employees 0 0 Workers 0 0 Total recordable work-related injuries Employees 0 0 Workers 0 0 No. of fatalities Employees 0 0 Workers 0 0 High consequence work-related injury or ill-health (excluding fatalities) Employees 0 0 Workers 0 0
Count of high consquence work related injury or ill health of (excluding fatalities),Lost Time Injury Frequency Rate (LTIFR) (per one million-person hours worked) Employees 0 0 Workers 0 0 Total recordable work-related injuries Employees 0 0 Workers 0 0 No. of fatalities Employees 0 0 Workers 0 0 High consequence work-related injury or ill-health (excluding fatalities) Employees 0 0 Workers 0 0
Percentage of plants and offices that were assessed (by entity or statutory authorities or third parties) with respect to health and safety practices?,Category % of your plants and offices that were assessed (by entity or statutory authorities or third parties)
Provide percentage of total employees covered under health and safety measures training,On Health and safety measures On Skill upgradation Total (D)
Percentage of total permanent employees covered by health insurance,Health insurance Accident Insurance Maternity benefits Paternity benefits (A) Day Care facilities
Percentage of total other than permanent employees covered by health insurance,Other than Permanent Workers Permanent Employees Other than Permanent Employees
Percentage of total permanent workers covered by health insurance,Health insurance Accident Insurance Maternity benefits Paternity benefits (A) Day Care facilities
Percentage of total other than permanent workers covered by health insurance,Other than Permanent Workers Permanent Employees Other than Permanent Employees
Percentage of total permanent employees covered by accident insurance,Health insurance Accident Insurance Maternity benefits Paternity benefits (A) Day Care facilities
What is the percentage of female employees in the workforce,b. What is the contribution of exports as a percentage of the total turnover of the entity?
What is the turnover rate for permanent female employees in the Current Year,22. Turnover rate for permanent employees and workers. (Disclose trends for the past 3 years)
What is the turnover rate for permanent female worker in the Current Year,FY 2022-23 (Turnover rate in the year prior to the previous FY) Male Female Total Male Female Total Male Female Total
Pay parity between male and female employees,FY 2022-23 (Turnover rate in the year prior to the previous FY) Male Female Total Male Female Total Male Female Total
Number of complaints on PSH as a % of female employees/workers for current year,Complaints on POSH as a % of female employees / workers 0 0 Complaints on POSH upheld 0 0
What is the gross wages paid to females as percentage of wages paid,Gross wages paid to females as % of total wages 17.00 19.33
How many complaints were filed on discrimination at workplace in current year?,"7. Complaints filed under the Sexual Harassment of Women at Workplace (Prevention, Prohibition and Redressal) Act, 2013, in the following format:"
How many complaints were filed by employees and workers or employees as a % of number of employees in the current year,6. Number of Complaints on the following made by employees and workers:
What is the number of pending/unresolved employees and workers grievances as % of total complaints filed in the current year,Number of complaints filed during the year
How many complaints were filed on wages in the current year,Number of complaints filed during the year
Pending resolution of complaints as a % of total complaints filed by employees and workers pertaining to working conditions,Complaints on POSH as a % of female employees / workers 0 0 Complaints on POSH upheld 0 0
What is the turnover rate for permanent workers for the Current Year,22. Turnover rate for permanent employees and workers. (Disclose trends for the past 3 years)
What is the turnover rate for permanent employees for the Current Year,22. Turnover rate for permanent employees and workers. (Disclose trends for the past 3 years)
What is the percentage of cost incurred as a % of total revenue of the company with regards to spending on measures towards wellbeing of employees and workers?,Cost incurred on well-being measures as a % of total revenue of the company 0.3% 0.4%
Percentage of workers or employees in association(s) or unions recognised by the listed entity,7. Membership of employees and worker in association(s) or Unions recognised by the listed entity:
What is the number of complaints filed by the customers as a % of revenue in Current Year?,Number of complaints filed during the year
Total instances of product recalls,4. Details of instances of product recalls on account of safety issues:
% of value chain partners (by value of business done with such partners) that were assessed for Health and Safety practices?,Category % of value chain partners (by value of business done with such partners) that were assessed
What is the purchases from trading houses % of total purchases,Concentration of Purchases a. Purchases from trading houses as % of total purchases 0 0 b. Number of trading houses where purchases are made from 0 0 c. Purchases from top 10 trading houses as % of total purchases from trading houses 0 0
What is purchases from top 10 trading houses as % of total purchases from trading houses,Concentration of Purchases a. Purchases from trading houses as % of total purchases 0 0 b. Number of trading houses where purchases are made from 0 0 c. Purchases from top 10 trading houses as % of total purchases from trading houses 0 0
Number of complaints filed by community stakeholders,Number of complaints filed during the year
Count of pending/unresolved communities grievances,"Communities Yes, weblink can be accessed at: www. parasdefence.com"
Percentage of CSR obligation spent (CSR spent/CSR obligation),S. No. CSR Project No. of persons benefitted from CSR Projects
What is the input material directly sourced from MSMEs/small producers (in % terms - As % of total purchases by value),Directly sourced from MSMEs/ small producers 41.99% 23.56% Sourced directly from within India 97.65% 45.04%
Percentage of capital expenditure investments in specific technologies to improve the environmental and social impacts of products and processes to total capex,"1. Percentage of R&D and capital expenditure (capex) investments in specific technologies to improve the environmental and social impacts of product and processes to total R&D and capex investments made by the entity, respectively."
What is the input material sourced directly from within India as % of total purchases,Directly sourced from MSMEs/ small producers 41.99% 23.56% Sourced directly from within India 97.65% 45.04%
What is the % of job creation in smaller towns - wages paid to persons employed in smaller towns (permanent or non-permanent / on contract) as % of total wage cost,"5. Job creation in smaller towns- Disclose wages paid to persons employed (including employees or workers employed on a permanent or non-permanent/on contract basis) in the following locations, as % of total wage cost. (Place to be categorized as per RBI Classification System - rural / semi-urban / urban / metropolitan)"
What are the number of days of account payable?,8. Number of days of accounts payables ((Accounts payable *365) / Cost of goods/services procured) in the following format:
What is the sales to dealers/distributors as % of total sales,Concentration of Sales a. Sales to dealers / distributors as % of total sales 0 0 b. Number of dealers / distributors to whom sales are made 0 0 c. Sales to top 10 dealers / distributors as % of total sales to dealers / distributors 0 0
What is the sales to top 10 dealers/distributors as % of total sales to dealers/distributors,Concentration of Sales a. Sales to dealers / distributors as % of total sales 0 0 b. Number of dealers / distributors to whom sales are made 0 0 c. Sales to top 10 dealers / distributors as % of total sales to dealers / distributors 0 0
% of data breaches involving PII data of customers,b. Percentage of data breaches involving personally identifiable information of customers – 0%
Share of buildings that are certified according to international building standards/GRESB/IGBC,Health and safety practices 100% (All our plants are ISO 45001:2018 certified through RIR Certification Private Limited and regular ISO audits / reviews are conducted) Working Conditions 100%
Percentage of independent directors on the board,"Yes, the review was done by the Board of Directors of the Company. Annually or on need basis"
Number of independent women directors on the board,"Yes, the review was done by the Board of Directors of the Company. Annually or on need basis"
Number of women directors on the board,"Yes, the review was done by the Board of Directors of the Company. Annually or on need basis"
Average attendance for board meeting in the current FY,FY 2024-25 (Turnover rate in current FY)
Number of directorships of all board members,"2. Does the entity have processes in place to avoid/ manage conflict of interests involving members of the Board? (Yes/No) If Yes, provide details of the same."
Number of directors against whom disciplinary action was taken by any law enforcement agency for the charges of bribery/corruption,5. Number of Directors/KMPs/employees/workers against whom disciplinary action was taken by any law enforcement agency for the charges of bribery/ corruption:
Number of complaints received in relation to issues of conflict of interest of the directors/KMPs,Number of complaints received in relation to issues of Conflict of Interest of the KMPs 0 - 0 -
Percentage of independent directors in nomination and remuneration committee,Median remuneration/ salary/ wages of respective category (J in lakhs)
Percentage of independent directors in audit committee,"In line with the Board-approved Vigil Mechanism and Whistle blower Policy, complainants also have the option to directly approach the Chairman of the Audit Committee. This policy includes built-in safeguards to protect whistle-blowers from any form of victimization, thereby reinforcing the Company’s commitment to transparency, accountability, and ethical conduct."
Number of independent directors in risk management committee,Number of complaints received in relation to issues of Conflict of Interest of the Directors 0 - 0 -
Number of independent directors in CSR committee,Yes. The Board’s Corporate Social Responsibility (CSR) Committee is responsible for sustainability related issues of the Company. This Committee meets at least twice a year to review the Company’s sustainability and CSR performance.
Percentage of subject matter experts appointed in the Audit Committee,Subject for Review Indicate whether review was undertaken by Director / Committee of the Board/ Any other Committee Frequency (Annually/ Half yearly/ Quarterly/ Any other – please specify) P1 P2 P3 P4 P5 P6 P7 P8 P9 P1 P2 P3 P4 P5 P6 P7 P8 P9
Ratio of remuneration of MD/CEO to median remuneration of employees,Median remuneration/ salary/ wages of respective category (J in lakhs)
Percentage of non audit fees as compared to total audit fees,Category As a percentage to total turnover
Number of whistle blower complaints filed in the current year,Number of complaints filed during the year
Number of pending consumer compliant on unfair trade practices,Data privacy 0 0 - 0 0 - Advertising 0 0 - 0 0 - Cyber-security 0 0 - 0 0 - Delivery of essential services 0 0 - 0 0 - Restrictive Trade Practices 0 0 - 0 0 - Unfair Trade Practices 0 0 - 0 0 - Other 0 0 - 0 0 -
Number of employees against whom disciplinary action was taken by any law enforcement agency for the charges of bribery/corruption,5. Number of Directors/KMPs/employees/workers against whom disciplinary action was taken by any law enforcement agency for the charges of bribery/ corruption:
Number of workers against whom disciplinary action was taken by any law enforcement agency for the charges of bribery/corruption,5. Number of Directors/KMPs/employees/workers against whom disciplinary action was taken by any law enforcement agency for the charges of bribery/ corruption:
What is the share of RPTs (as respective %age) in purchases,Share of RPTs in a. Purchases (Purchases with related parties / Total Purchases) 1.73% 0.02% b. Sales (Sales to related parties / Total Sales) 8.96% 10.55% c. Loans & advances (Loans & advances given to related parties / Total loans & advances) 44.99% 94.99%
What is the share of RPTs (as respective %age) in sales,Share of RPTs in a. Purchases (Purchases with related parties / Total Purchases) 1.73% 0.02% b. Sales (Sales to related parties / Total Sales) 8.96% 10.55% c. Loans & advances (Loans & advances given to related parties / Total loans & advances) 44.99% 94.99%
What is the share of RPTs (as respective %age) in loans and advances,Share of RPTs in a. Purchases (Purchases with related parties / Total Purchases) 1.73% 0.02% b. Sales (Sales to related parties / Total Sales) 8.96% 10.55% c. Loans & advances (Loans & advances given to related parties / Total loans & advances) 44.99% 94.99%
What is the share of RPTs (as respective %age) in investments,b. What is the contribution of exports as a percentage of the total turnover of the entity?
Are there any initiatives towards reduction in GHG emissions,"6. Please provide details of air emissions (other than GHG emissions) by the entity, in the following format:"
What are the VOC/POP/HAP emissions for the current year (Unit: Metric Tonne),Parameter Please specify unit Current Financial Year Previous Financial Year
"What are the initiatives taken to reduce the NOx, SOx, PM, VOC, HAP and POP air emissions",SOx Particulate matter (PM) Persistent organic pollutants (POP) Volatile organic compounds (VOC) Hazardous air pollutants (HAP) Others – please specify
Does the company have facilities/operations in water stress regions,"1. Water withdrawal, consumption and discharge in areas of water stress (in kilolitres):"
Has the entity implemented mechanism for Zero Liquid Discharge,"5. Has the entity implemented a mechanism for Zero Liquid Discharge? If yes, provide details of its coverage and implementation."
Does the company monitor Chemical Oxygen Demand during water discharge,Remarks: The Company does not discharge untreated water.
Third party verification of water data,"Water withdrawal by source (in kilolitres) (i) Surface water 0 0 (ii) Groundwater 0 0 (iii) Third party water 13,492 12,460 (iv) Seawater / desalinated water 0 0 (v) Others 75 70 Total volume of water withdrawal (in kilolitres) (i + ii + iii + iv + v) 13,567 12,530 Total volume of water consumption (in kilolitres) 13,567 12,530 Water intensity per rupee of turnover (Water consumed / turnover) 0.41 KL / Lakh 0.53909 KL / Lakh Water intensity per rupee of turnover adjusted for Purchasing Power Parity (PPP) (Total water consumption / Revenue from operations adjusted for PPP) 8.25 KL / Lakh $ 12.08293 KL / Lakh $"
What are the goals/targets/commitments towards Energy consumption,Overall energy consumption has reduced.
"Does the entity have any sites/facilities identified as designated consumers under the Performance, Achieve and Tade Scheme of the Government of India? (Y/N) If yes, disclose whether targets set under the PAT scheme have been achieved in case targets have not been achieved, provide the remedial action taken, if any","2. Does the entity have any sites / facilities identified as designated consumers (DCs) under the Performance, Achieve and Trade (PAT) Scheme of the Government of India? (Y/N) If yes, disclose whether targets set under the PAT scheme have been achieved. In case targets have not been achieved, provide the remedial action taken, if any."
Is there a disclosure regarding the energy management system? ISO 50001 Certification,"Yes, RIR Certification Private Limited has granted ISO 45001:2018 certification to all our Company’s Plants. This certification helps mitigate potential hazards for employees and visitors within our premises, promoting cost efficiency and reducing occupational incidents. The company places paramount importance on occupational health and safety management."
Waste management practices and strategies to reduce usage of hazardous and toxic chemicals from the products and processes,10. Briefly describe the waste management practices adopted in your establishments. Describe the strategy adopted by your company to reduce usage of hazardous and toxic chemicals in your products and processes and the practices adopted to manage such wastes.
"What are the processes to safely reclaim the products for reusing, recycling and disposing at the end of life for, (a) Plastics (including packaging) (b)e-waste (c) hazardous waste and (d) other waste?","3. Describe the processes in place to safely reclaim your products for reusing, recycling and disposing at the end of life, for (a) Plastics (including packaging) (b) E-waste (c) Hazardous waste and (d) other waste."
"Whether Extended Producer Responsibility (EPR) is applicable to entity’s activities (Y/N). If yes, whether the waste collection plan is in line with the Extended Producer Responsibility plan submitteed to Pollution Control Boards","4. Whether Extended Producer Responsibility (EPR) is applicable to the entity’s activities (Yes / No). If yes, whether the waste collection plan is in line with the Extended Producer Responsibility (EPR) plan submitted to Pollution Control Boards? If not, provide steps taken to address the same."
Third party verification of waste data,a. Number of instances of data breaches along-with impact – Nil
Is there presence of offices/manufacturing facilities in ecologically sensitive areas,Remarks: Not Applicable as no operations/ offices are located in/around ecologically sensitive areas
Provide details of significant direct and indirect impact of the entity on biodiversity in ecological sensitive areas along with prevention and remediation activities,"3. With respect to the ecologically sensitive areas reported at Question 11 of Essential Indicators above, provide details of significant direct & indirect impact of the entity on biodiversity in such areas along-with prevention and remediation activities."
Does the company have an Environment or a Biodiversity policy,"4. Does the entity have an equal opportunity policy as per the Rights of Persons with Disabilities Act, 2016? If so, provide a web-link to the policy."
Does the company’s policy on Biodiversity extend to its value chain partners (Y/N),3. Do the enlisted policies extend to your value chain partners? (Yes/No)
Does the company take initiatives with regards to its Biodiversity conservation/land rehabilitation and biodiversity restoration,"3. With respect to the ecologically sensitive areas reported at Question 11 of Essential Indicators above, provide details of significant direct & indirect impact of the entity on biodiversity in such areas along-with prevention and remediation activities."
Are there any goals/targets/commitments set towards carbon neutrality/ Net Zero,"(iii). Net worth (in H) - H 64,347 Lakhs"
Does the organisation report on CDP Disclosure as per Climate Change Module,"1 Climate Change Risk Climate change poses risks to Paras Defence, impacting operations, supply chains, and financial stability. Furthermore, escalating operational costs and evolving geopolitical conditions may compel the company to invest heavily in innovation and adaptive strategies"
"Does the company perform climate related scenario analysis (based on TCFD framework); Based on the climate risk assessment, has the company set up a plan to adapt to the identified physical climate risks","1 Climate Change Risk Climate change poses risks to Paras Defence, impacting operations, supply chains, and financial stability. Furthermore, escalating operational costs and evolving geopolitical conditions may compel the company to invest heavily in innovation and adaptive strategies"
Presence of ISO 14001:2015 certifications,Health and safety practices 100% (All our plants are ISO 45001:2018 certified through RIR Certification Private Limited and regular ISO audits / reviews are conducted) Working Conditions 100%
Does the entity implement carbon pricing mechanism/model?,The entity does not consider the Principles material to its business (Yes/No) Not Applicable The entity is not at a stage where it is in a position to formulate and implement the policies on specified principles (Yes/No)
Does the company have a policy on environmental management and is it available publicly,"5. Does the entity have a framework/ policy on cyber security and risks related to data privacy? (Yes/No) If available, provide a web-link of the policy."
"Is the entity compliant with the appliacble environmental law/regulations/guidelines for India; such as the Water (Prevention and Control of Pollution) Act, AIr (Prevention and Control of Pollution) Act, Environmental protection act and rules thereunder (Y/N). If not, provide details of all such non compliances","13. Is the entity compliant with the applicable environmental law/ regulations/ guidelines in India; such as the Water (Prevention and Control of Pollution) Act, Air (Prevention and Control of Pollution) Act, Environment protection act and rules thereunder (Y/N). If not, provide details of all such non-compliances, in the following format:"
Does the company have a strategy for climate change adaptation and mitigation,"1 Climate Change Risk Climate change poses risks to Paras Defence, impacting operations, supply chains, and financial stability. Furthermore, escalating operational costs and evolving geopolitical conditions may compel the company to invest heavily in innovation and adaptive strategies"
Discussion of the integration of environmental considerations into strategic planning for data centre needs,− Volunteering activities to address local needs of the beneficiaries.
"Are there any social or environmental concerns and/or risks arising from production or disposal of products, as identified in the Life Cycle Perspective/Assessments","2. If there are any significant social or environmental concerns and/or risks arising from production or disposal of your products / services, as identified in the Life Cycle Perspective / Assessments (LCA) or through any other means, briefly describe the same along-with action taken to mitigate the same."
"Has the company taken initiatives to use reusable, recyclable or compostable packagin","4. If the entity has undertaken any specific initiatives or used innovative technology or solutions to improve resource efficiency, or reduce impact due to emissions / effluent discharge / waste generated, please provide details of the same as well as outcome of such initiatives, as per the following format:"
What are the intiatives taken to reduce plastic packaging,b. What are the processes used to identify work-related hazards and assess risks on a routine and non-routine basis by the entity?
Turnover of products and/or services as a percentage of turover from all products/service that carry information about the recycling and/or safe disposal,2. Turnover of products and/ services as a percentage of turnover from all products/service that carry information about:
Does your company have a publicly available no deforestation policy or commitment that applies to your company’s operational practices,10. Briefly describe the waste management practices adopted in your establishments. Describe the strategy adopted by your company to reduce usage of hazardous and toxic chemicals in your products and processes and the practices adopted to manage such wastes.
Does the company owns/lease/manages forest land for its operations,Remarks: The Company does not discharge untreated water.
Are there any intiatives taken with respect to sustainable agriclutire by the company,The Company periodically complies with the extant regulations and principles as are applicable. There were no material non-compliances with respect to statutory / regulatory requirements. The review for the same was done by the Board of Directors of the Company.
Is the manufacturing smart farm equipments/machinery,The Company ensures that energy-efficient equipment is installed across its manufacturing units. The maintenance team is in charge of overseeing this and considerations such as energy ratings are taken into account during the procurement process.
"Is the company exposed to animal products and are these certified or accredited by one or more independent third party? If yes, does the company demand or monitor such certification or accreditation from its suppliers?",Category % of your plants and offices that were assessed (by entity or statutory authorities or third parties)
What are the initiatives taken with respect to Chemical Sagety management,There have been no cases with respect to corruption and conflicts of interest.
Does the company have waste heat recovery systems for enchancing energy efficiency (Cement),"8. Does the entity have any project related to reducing Green House Gas emission? If Yes, then provide details. Yes, the Company ensures the use of energy-efficient equipment across its manufacturing units. The maintenance team is responsible for monitoring and overseeing implementation. Energy efficiency, including energy ratings and related specifications, is a key consideration during the procurement process."
"Is the forestland certified as per international sustainable forest management standards such as FSC, PEFC, SFI","4. Name of the national and international codes/ certifications/labels/ standards (e.g. Forest Stewardship Council, Fairtrade, Rainforest Alliance, Trustea) standards (e.g. SA 8000, OHSAS, ISO, BIS) adopted by your entity and mapped to each principle."
What measures are taken to reduce marine pollution and manage ballast water,"6. Disclose any significant adverse impact to the environment, arising from the value chain of the entity. What mitigation or adaptation measures have been taken by the entity in this regard."
Does the company comply with new regilation of Energy Efficiency Existing Ship (require al ships above 400GT),"Yes, all our business agreements and contracts require the counterparty to comply with applicable regulatory requirements, which also include human rights."
Are there any initiatives to promot sustainable shipping practices or reduce the carbon footprint of port operations,2 EV Charging Point EV charging station was inaugurated within the premises to promote sustainable transportation and also contribute to reduction in carbon footprint.
Does the copmany manufacture electric or alternate fuel bsaed vessel/ships or related components for the same?,"2. If there are any significant social or environmental concerns and/or risks arising from production or disposal of your products / services, as identified in the Life Cycle Perspective / Assessments (LCA) or through any other means, briefly describe the same along-with action taken to mitigate the same."
Is company using sustainable alternative fuels liek SAF in its fleet,Businesses should provide goods and services in a manner that is sustainable and safe
Is there any commitment or plan to shift to alternate fuels such as SAF,"As the Company has not received any major human rights grievances/complaints, there was no need to modify/introduce any business process."
Has the company partnered with airframe and tehnology manufacturesre to increase fuel efficiency and reduce environmental impact,"Engagement with communities primarily involves discussions where their views and opinions on CSR programs are carefully considered. The formulation of Company policies related to Corporate Social Responsibility has been the outcome of ongoing interactions with the stakeholders. The discussions with employees, HR, and team leads have also enabled the Company to implement activities like employee well-being programs, while also promoting environmental initiatives such as water, electricity and fuel conservation."
"Does the company measure or track the age of aircrafts? If yes, the what is the average of company’s air fleet","b. If yes, what percentage of inputs were sourced sustainably?"
Does the company monitor and measure noise levels? Are they compliant with noise regulations,Remarks: The Company is compliant with all applicable environmental law/ regulations/ guidelines in India.
Does the company’s policy and measures align with International Civil Aviation Organisation’s Balance Approach,"In line with the Board-approved Vigil Mechanism and Whistle blower Policy, complainants also have the option to directly approach the Chairman of the Audit Committee. This policy includes built-in safeguards to protect whistle-blowers from any form of victimization, thereby reinforcing the Company’s commitment to transparency, accountability, and ethical conduct."
Does the company have oil spill/gas leak action plan,5. Does the entity have a business continuity and disaster management plan?
Did the company experience any spills for the current and previous years,"2. Details of retirement benefits, for Current FY and Previous Financial Year."
Does the entity have a system to finance sustainable projects,2. a. Does the entity have procedures in place for sustainable sourcing? (Yes/No)
Are ESG factors incorporated in the lending and investment decisions,"Board of directors 5 The Company regularly conducts familiarization programs for its Directors in accordance with the SEBI Listing Regulations and other applicable laws. These programs are designed to ensure that the Directors and Key Managerial Personnel (KMPs) are well-informed about a range of topics. This includes updates on industry trends, the Company’s business model, recent statutory changes, governing regulations, environmental, social and governance (ESG) issues and advancements in technology. The programs also cover the Directors’ roles, rights and responsibilities, as well as developments in defence, economic conditions and the operational environment. Also, Board and KMPs are briefed on new business initiatives, strategic investments, corporate governance practices and various risk factors affecting the Company."
Does the company follow sustainable mining practices,2. a. Does the entity have procedures in place for sustainable sourcing? (Yes/No)
Does the company have tailing management system after mining,5. Does the entity have a business continuity and disaster management plan?
"Does the company have a publicly available policy in place for mining from conflict affected and high risk areas. If yes, provide details","2. Does the entity have processes in place to avoid/ manage conflict of interests involving members of the Board? (Yes/No) If Yes, provide details of the same."
Does the company undertake intiatives or programs to raise awareness about sustainability challenges and opportunities in the natural rubber industry for suppliers,3. Percentage of recycled or reused input material to total material (by value) used in production (for manufacturing industry) or providing services (for service industry).
What measures are in palce to ensure public sagety and security at facilities?,12. Describe the measures taken by the entity to ensure a safe and healthy workplace. –
How are potential security threats and emergencies addressed,"Not Applicable. The main products of the Company are Defence and space technology products for use in security applications. Once the products are sold, they would not be returned to the Company."
Is the company using low carbon vehicle and equipments in its ports to carry out operations,2 EV Charging Point EV charging station was inaugurated within the premises to promote sustainable transportation and also contribute to reduction in carbon footprint.
Are the ESG related factors being monitored in investee companies/lending processes,"7. Statement by director responsible for the business responsibility report, highlighting ESG related challenges, targets and achievements (listed entity has flexibility regarding the placement of this disclosure)"
Does the company lend towards Electric Vehicles,Remarks: The Company does not discharge untreated water.
Does the company have ESG related products/services?,"Not applicable, as the Company does not have any operations/offices in/around ecologically sensitive areas."
Does the company integrate ESG aspects in its insurance underwriting process for non life non health insurance reinsurance,Health insurance Accident Insurance Maternity benefits Paternity benefits (A) Day Care facilities
Does your company offer eSG based products within its non life non health insurance business segment,Provide details of the non- compliance
Does the company participate in the GRESB for real estate benchmark assessment,"Does the entity indicated at column A, participate in the Business Responsibility initiatives of the listed entity? (Yes/No)"
Is the company currently operating/deploying low carbon fleet (EVs or other vehicles) in its logistics business or do they have a plan to shift current feet to low carbon alternative fleet,4. Do you have a focal point (Individual/ Committee) responsible for addressing human rights impacts or issues caused or contributed to by the business? (Yes/No)
Does the company have End of Life Vehicles management,5. Does the entity have a business continuity and disaster management plan?
What steps are taken by the company to mitigate any potential health impacts of tyre and rubber product manufacturing on local communities,We evaluated the climate change risk exposure of all our operational sites and developed a plan to mitigate the potential impacts. The Company ensures that energy- efficient equipment is installed across its manufacturing units. The maintenance team is in charge of overseeing this and considerations such as energy ratings are taken into account during the procurement process.
"Does the company have a strategy or initiative in place to enourage small forest owners and timber suppliers to adopt best practices or sustainable management in order to obtain certification from recognized systems such as PEF, FSC or equivalent",2. a. Does the entity have procedures in place for sustainable sourcing? (Yes/No)
"Does the company have commitment in place integrating circular fashin into all its operations? If yes, provide details","2. Does the entity have processes in place to avoid/ manage conflict of interests involving members of the Board? (Yes/No) If Yes, provide details of the same."
Does the company manufacture/sell sustainable apparel or garments,2. a. Does the entity have procedures in place for sustainable sourcing? (Yes/No)
Is the company using sustainable material in its typre (also state the ttype of material used) or has committed to use sustainable material in typres,Indicate input material Recycled or re-used input material to total material
Is the company manufacturing sustainable/eco-friendly paint/coatings,The Company ensures that energy-efficient equipment is installed across its manufacturing units. The maintenance team is in charge of overseeing this and considerations such as energy ratings are taken into account during the procurement process.
Is the company manufacturing any energy efficient products or is spending on R&D for manufacturing such products in near future?,1 Deployment of energy- efficient equipment across all manufacturing units and office
Is the company fulfilling International Maritime Organisation - MARPOL Air Pollution prevention guidelines,"13. Is the entity compliant with the applicable environmental law/ regulations/ guidelines in India; such as the Water (Prevention and Control of Pollution) Act, Air (Prevention and Control of Pollution) Act, Environment protection act and rules thereunder (Y/N). If not, provide details of all such non-compliances, in the following format:"
Whether an occupational health and safety management system is implemented by the entity,"10. a. Whether an occupational health and safety management system has been implemented by the entity? (Yes/ No). If yes, the coverage such system?"
What are the processes used to identify work-related hazards and assess risks on a routine and non routine bassi by the entity,b. What are the processes used to identify work-related hazards and assess risks on a routine and non-routine basis by the entity?
Does the company have processes for workers to report the work related hazards and to remove themselves from such risks (Y/N),c. Whether you have processes for workers to report the work-related hazards and to remove themselves from such risks. (Y/N)
Was there training given to workers on health and sagety measures in Current Year,8. Details of training given to employees and workers:
Does the company mention that they have a safety committee/policy in place with respect to accidents or misfortune events,2. a. Does the entity have procedures in place for sustainable sourcing? (Yes/No)
Does the entity have ISO 45001:2018 certification,Health and safety practices 100% (All our plants are ISO 45001:2018 certified through RIR Certification Private Limited and regular ISO audits / reviews are conducted) Working Conditions 100%
Are the entity’s manufacturing facilties WRAP certified,Health and safety practices 100% (All our plants are ISO 45001:2018 certified through RIR Certification Private Limited and regular ISO audits / reviews are conducted) Working Conditions 100%
Does the company have a target to achieve gender diversity in the workforce,2. a. Does the entity have procedures in place for sustainable sourcing? (Yes/No)
Does the company have a diversity equality and inclusion policy,"5. Does the entity have a framework/ policy on cyber security and risks related to data privacy? (Yes/No) If available, provide a web-link of the policy."
Does the company have policy for precention to prevent sexual harassment at workplace,Child labour 100% Forced/involuntary labour 100% Sexual harassment 100% Discrimination at workplace 100% Wages 100% Others – please specify 0
Are all complaints filed by the employees during current fiscal year closed,Number of complaints filed during the year
Does the company have a human rights policy established,"4. Does the entity have an equal opportunity policy as per the Rights of Persons with Disabilities Act, 2016? If so, provide a web-link to the policy."
"Does the company provide medical assistance (Ambulance service, fixed medical checkups, to the employees)",d. Do the employees/ worker of the entity have access to non-occupational medical and healthcare services? (Yes/ No)
"Does the company take measures for the well being of individuals other than permanent employees (which may include interns, contracts, etc.)",Other than Permanent Workers Permanent Employees Other than Permanent Employees
Does the organisation have opportunities for Paternal leavesWhat all initiatives does the organisation undertake for increase in the retention rate of employees,2. a. Does the entity have procedures in place for sustainable sourcing? (Yes/No)
Does the company have employe development programs that have been developed to upgrade and improve employee skills,"Engagement with communities primarily involves discussions where their views and opinions on CSR programs are carefully considered. The formulation of Company policies related to Corporate Social Responsibility has been the outcome of ongoing interactions with the stakeholders. The discussions with employees, HR, and team leads have also enabled the Company to implement activities like employee well-being programs, while also promoting environmental initiatives such as water, electricity and fuel conservation."
Did the company face any strike in the current year,Location Current Financial Year
Does the company conduct an employee satisfaction survey,3 Employee Satisfaction and Wellness
Does the company have policy on offering stock options,"5. Does the entity have a framework/ policy on cyber security and risks related to data privacy? (Yes/No) If available, provide a web-link of the policy."
Does the company have mechanisms to receive and respond to consumer complaints and feedback,1. Describe the mechanisms in place to receive and respond to consumer complaints and feedback.
"Did your entity carry out any survey with regard to consumer satisfaction relating to the major products/services of the entity, significant locations of operation of the entity or the entity as a whole","4. Does the entity display product information on the product over and above what is mandated as per local laws? (Yes/No/Not Applicable) If yes, provide details in brief. Did your entity carry out any survey with regard to consumer satisfaction relating to the major products / services of the entity, significant locations of operation of the entity or the entity as a whole? (Yes/No)"
Steps taken to inform and educate consumers about safe and responsible usage of products and/or service,"2. Steps taken to inform and educate consumers about safe and responsible usage of products and/or services. The Company has set up clear systems to ensure customers always have access to detailed information about our products and services. Our technical team stays in regular contact with customers, and we run training focused on the safe and effective use of our products. Product details are available on the website: www.parasdefence.com."
ISO 9001:2015 certification,Health and safety practices 100% (All our plants are ISO 45001:2018 certified through RIR Certification Private Limited and regular ISO audits / reviews are conducted) Working Conditions 100%
Does the entity display product information on the product over and above what is mandated as per local laws,"4. Does the entity display product information on the product over and above what is mandated as per local laws? (Yes/No/Not Applicable) If yes, provide details in brief. Did your entity carry out any survey with regard to consumer satisfaction relating to the major products / services of the entity, significant locations of operation of the entity or the entity as a whole? (Yes/No)"
"When the onboarding of new vendors takes place, does the company have their supplier code of conduct designed","Yes, at Paras, we are dedicated to sustainable sourcing practices. We carefully consider various factors when selecting our major raw material suppliers. Over 60% of our inputs are sourced sustainably. The Company has relevant procedures to ensure responsible sourcing, supported by a Supplier Code of Conduct. This aims to foster sustainability among our vendors and promote responsible behaviour beyond our own manufacturing facilities."
Disclose any significant adverse impact on the environment arising from the value chain of the entity. Are there any mitigations or adaptiation measures taken by the entity in this context,"6. Disclose any significant adverse impact to the environment, arising from the value chain of the entity. What mitigation or adaptation measures have been taken by the entity in this regard."
Provide details of any corrective actions taken or underway to adderss significant risks/concerns arising from asessment of health and safety practices practices and working conditions of value chain partners,6. Provide details of any corrective actions taken or underway to address significant risks / concerns arising from assessments of health and safety practices and working conditions of value chain partners.
Does the entity have procedures in place for sustainable sourcing strategy around sustainable/efficient/responsible supply chain,2. a. Does the entity have procedures in place for sustainable sourcing? (Yes/No)
Is there a robust supplier assessment done by the company to avoid any conflicts with ESG requirements/sustainability/ESG assessment for suppliers,"3 Suppliers and Distributors No Vendor assessment and review, Training workshop, Supplier audits, official communication channels: Website, Email and Phone calls"
Does the company have a documented CSR policy in place,2. a. Does the entity have procedures in place for sustainable sourcing? (Yes/No)
Whether there are mechanisms to receive and redress grievances of the community,3. Describe the mechanisms to receive and redress grievances of the community.
Does the entity disclose the details of beneficiaries of CSR projects,6. Details of beneficiaries of CSR Projects:
"Does the company conduct impact assessments for CSR projects? If yes, provide details","9. Does the entity have a specified Committee of the Board/ Director responsible for decision making on sustainability related issues? (Yes / No). If yes, provide details."
Does the company conduct of assessment of negative impacts of its operation on the communities,1. Provide details of actions taken to mitigate any negative social impacts identified in the Social Impact Assessments (Reference: Question 1 of Essential Indicators above):
Provide details of actions taken to mitigate any negative social impacts identified in the Social Impact Assessments,1. Provide details of actions taken to mitigate any negative social impacts identified in the Social Impact Assessments (Reference: Question 1 of Essential Indicators above):
Does the entity have a framework/policy on cybersecurity and risks related to data privacy,"5. Does the entity have a framework/ policy on cyber security and risks related to data privacy? (Yes/No) If available, provide a web-link of the policy."
Does the company’s policy on cybersecurity and risks related to data privacy extend to its value chain partners,"5. Does the entity have a framework/ policy on cyber security and risks related to data privacy? (Yes/No) If available, provide a web-link of the policy."
Provide number of instances of data breaches along with their impact on the company,a. Number of instances of data breaches along-with impact – Nil
Does the company conduct cybersecurity assessment by a third party,Remarks: The Company does not discharge untreated water.
"Does the entity comply with ISO 27001:2013, ISO 22301:2019 OR PCI DSS standards to safeguard the customer data","4. Name of the national and international codes/ certifications/labels/ standards (e.g. Forest Stewardship Council, Fairtrade, Rainforest Alliance, Trustea) standards (e.g. SA 8000, OHSAS, ISO, BIS) adopted by your entity and mapped to each principle."
Does the organisation conduct training on data privacy and awareness programs for information security to its customers/employees,"5. Does the entity have a framework/ policy on cyber security and risks related to data privacy? (Yes/No) If available, provide a web-link of the policy."
Does the company have a communication plan for engaging with the communities affected with aircraft noise,5. Does the entity have a business continuity and disaster management plan?
Does the company comply with Maritime Labour Convention adopted by International Labour Organisation in 2006,Child labour 100% Forced/involuntary labour 100% Sexual harassment 100% Discrimination at workplace 100% Wages 100% Others – please specify 0
Is the company’s training centre for its seafarers certified or has got validated by any institution,"1. Has the entity conducted Life Cycle Perspective / Assessments (LCA) for any of its products (for manufacturing industry) or for its services (for service industry)? If yes, provide details in the following format?"
Does the company have agreements which safeguard the wellbeing of farm workers through the Agricultural Labour Practices Code,"Not applicable, as the Company does not have any operations/offices in/around ecologically sensitive areas."
Does the company ensure its jewellery meet BIS hallmark standards for quality assurance,"4. Name of the national and international codes/ certifications/labels/ standards (e.g. Forest Stewardship Council, Fairtrade, Rainforest Alliance, Trustea) standards (e.g. SA 8000, OHSAS, ISO, BIS) adopted by your entity and mapped to each principle."
Is the education institute providing placement assistance to its students,"1 Health Care, Sanitation and providing Drinking Water 5000+ 100 2 Environmental Sustainability and Animal Welfare 600+ Cows 100 3 Promotion of education and social welfare 1000+ 100"
Does the company have a editorial policy,"5. Does the entity have a framework/ policy on cyber security and risks related to data privacy? (Yes/No) If available, provide a web-link of the policy."
Does the company implement strategies to control and reduce the amount of construction and demolition waste from buildings that are constructed or are part of portfolio,NA (ii) Landfilling (iii) Other disposal operations Total Category of waste - Construction and demolition waste
Does the company have programs established to measure food loss and waste,"Not applicable, as the Company does not have any operations/offices in/around ecologically sensitive areas."
Does the company have any targets to reduce food waste,"Not applicable, as the Company does not have any operations/offices in/around ecologically sensitive areas."
What initiatives are undertaken to mitigate the health risks of smoking and tobacco use,b. What are the processes used to identify work-related hazards and assess risks on a routine and non-routine basis by the entity?
Are any of its hospitals accredited with NABH or JIC? How many of its hospitals accredited with NABH or JIC?,Remarks: None of our employees or workers are members of any association(s) or unions.
Does the company have a program or is taking efforts to increase the availability and affordability of the medicines in low income/developing markets,2. a. Does the entity have procedures in place for sustainable sourcing? (Yes/No)
Does the company have publicly available programs to improve the accessibility to healthcare,d. Do the employees/ worker of the entity have access to non-occupational medical and healthcare services? (Yes/ No)
Are the production units and R&D centres certified to International Aerospace Standard AS9100D and other required aviation standards,"4. Name of the national and international codes/ certifications/labels/ standards (e.g. Forest Stewardship Council, Fairtrade, Rainforest Alliance, Trustea) standards (e.g. SA 8000, OHSAS, ISO, BIS) adopted by your entity and mapped to each principle."
"Has the company identified risk and threats it faces in ensuring the safet and security of its passengers, staff, and assets","Not Applicable. The main products of the Company are Defence and space technology products for use in security applications. Once the products are sold, they would not be returned to the Company."
Does the company collaborate with external agencies to reduce the amount of food loss and waste,10. Briefly describe the waste management practices adopted in your establishments. Describe the strategy adopted by your company to reduce usage of hazardous and toxic chemicals in your products and processes and the practices adopted to manage such wastes.
Is the company promoting local tourism,− Volunteering activities to address local needs of the beneficiaries.
"Does the company actively engage in the research collaborations with the universities, research institutions and other companies","The Company majorly serves government organizations such as the Defence Research and Development Organization (DRDO), the Indian Space Research Organization (ISRO), Defence Public Sector Undertakings (DPSUs), shipyards and ordnance factories. Additionally, the client base includes publicly listed companies like L&T, BEL, HAL, Tata as well as numerous private and international firms operating in the defence and space industry."
"Provide details on development of clinical technology, clinical capabilites and programmes",9. Details of performance and career development reviews of employees and worker:
"Does the entity have system/mechanism in place to address issues (congestion, indoor coverage, call drops, modernisation and upgrade of data speeds, among others)",2. a. Does the entity have procedures in place for sustainable sourcing? (Yes/No)
"Does the company have digital/smart substations or plans to have it in future? (If yes, provide the number of substation)","2. Does the entity have processes in place to avoid/ manage conflict of interests involving members of the Board? (Yes/No) If Yes, provide details of the same."
Does the company use smart metters in its distribution grid,Remarks: The Company does not discharge untreated water.
Does the company have inhouse research and development facilities/centres and team,"The Company majorly serves government organizations such as the Defence Research and Development Organization (DRDO), the Indian Space Research Organization (ISRO), Defence Public Sector Undertakings (DPSUs), shipyards and ordnance factories. Additionally, the client base includes publicly listed companies like L&T, BEL, HAL, Tata as well as numerous private and international firms operating in the defence and space industry."
Is the company offering e-learning courses/certifications to its students,The Company ensures that energy-efficient equipment is installed across its manufacturing units. The maintenance team is in charge of overseeing this and considerations such as energy ratings are taken into account during the procurement process.
ISO 22000 FSSC,Health and safety practices 100% (All our plants are ISO 45001:2018 certified through RIR Certification Private Limited and regular ISO audits / reviews are conducted) Working Conditions 100%
Does the company confirm on its commitments to follow guidelines provided by FSSAI and NIN,"Yes, the Company adheres to all applicable regulations pertaining to product information and labeling. Safety instructions, including the Do's and Don'ts are provided with all critical products to ensure proper handling. Regular interactions with customer are maintained to ensure satisfaction and obtain feedback on products and services. Based on the feedback received, the Company undertakes necessary actions to improve its offerings and address customer expectations."
Does the company conduct food safety audits,Remarks: The Company does not discharge untreated water.
Does the company mention use of natural ingredients in their products and are they approved by government norms,"Not Applicable. The main products of the Company are Defence and space technology products for use in security applications. Once the products are sold, they would not be returned to the Company."
does the company have a policy on ingredient safety? is there any mention of use of paraben in the products,"5. Does the entity have a framework/ policy on cyber security and risks related to data privacy? (Yes/No) If available, provide a web-link of the policy."
ISO 13485,Health and safety practices 100% (All our plants are ISO 45001:2018 certified through RIR Certification Private Limited and regular ISO audits / reviews are conducted) Working Conditions 100%
Does the company have a policy for ensuring quality and patient safety during clinical trials,"5. Does the entity have a framework/ policy on cyber security and risks related to data privacy? (Yes/No) If available, provide a web-link of the policy."
Does the entity display relevant information on the product labels as per the requirements of national and international drug regulatory bodies,"4. Does the entity display product information on the product over and above what is mandated as per local laws? (Yes/No/Not Applicable) If yes, provide details in brief. Did your entity carry out any survey with regard to consumer satisfaction relating to the major products / services of the entity, significant locations of operation of the entity or the entity as a whole? (Yes/No)"
How many labs are NABL accredited,"1. Provide the processes for consultation between stakeholders and the Board on economic, environmental, and social topics or if consultation is delegated, how is feedback from such consultations provided to the Board."
How did the entity handle aliquots and provide details on reducing aliquots,"4. Does the entity display product information on the product over and above what is mandated as per local laws? (Yes/No/Not Applicable) If yes, provide details in brief. Did your entity carry out any survey with regard to consumer satisfaction relating to the major products / services of the entity, significant locations of operation of the entity or the entity as a whole? (Yes/No)"
Does the company have a dedicated ethics committee to oversee all the clinical trials,"9. Does the entity have a specified Committee of the Board/ Director responsible for decision making on sustainability related issues? (Yes / No). If yes, provide details."
Does the company have a public policy committing it and/or its suppliers to animal welfare principles,The entity does not consider the Principles material to its business (Yes/No) Not Applicable The entity is not at a stage where it is in a position to formulate and implement the policies on specified principles (Yes/No)
Does the company meet priority sector lending requirements as per RBI,"Not applicable, as the Company does not have any operations/offices in/around ecologically sensitive areas."
"Does the entity have a plan to lend to MSME? If yes, provide details",5. Does the entity have a business continuity and disaster management plan?
Does the company have a policy or commitment on financial inclusion,"5. Does the entity have a framework/ policy on cyber security and risks related to data privacy? (Yes/No) If available, provide a web-link of the policy."
Does the company have programmes for listing designed to promote small businesses (MSME) and community development,Businesses should promote inclusive growth and equitable development
Does the company index for social enterprises that target underserved or less privileged population segments,"Yes, the HR Head and Executive Directors of the Company are responsible for addressing any human rights impacts or issues that may be caused or influenced by the company's Human Rights Policy (https://www.parasdefence.com/uploads/investors/files/Policy_on_ Human_Right.pdf )"
Does the company have its products in compliance with BIS standards,"Not applicable, as the Company does not have any operations/offices in/around ecologically sensitive areas."
Is the company adhering to Food Safety Standards and Processes,"The company diligently reviews work-related hazardous risks every quarter, facilitating the identification of safety concerns across various manufacturing processes and maintaining compliance monitoring. The company effectively recognizes hazardous risks on both routine and non-routine basis. The company consistently scrutinizes its safety apparatus to foster a safe work environment with minimal accidents. Every recommendation from regulators and industry forums regarding employee and worker safety and health is promptly implemented, demonstrating our steadfast commitment to this vital aspect."
Description of actions and initiatives to promote access to healthcare products for priority diseases,d. Do the employees/ worker of the entity have access to non-occupational medical and healthcare services? (Yes/ No)
Does the company focus on providing healthcare facilities to vulnerable portions of the population,Remarks: The Company does not discharge untreated water.
N-CAP Rating of 4 or 5 star?,5. Provide details of any corrective actions taken or underway to address significant risks / concerns arising from the assessments at Question 4 above.
"Is the company sourcing raw materials from the certified sustainable sources (such as global GAP, RSPO, Rainforest, FSC)",2. a. Does the entity have procedures in place for sustainable sourcing? (Yes/No)
Do the farmers have access to PPE kits to prevent themselves from exposure to pesticides while handling wet green tobacco leaves which could lead to Green Tobacco Sickness,c. Whether you have processes for workers to report the work-related hazards and to remove themselves from such risks. (Y/N)
Does the company have any standards or programmes related to sustainable tobacco during their supply chain process,"After thorough assessments, our Company has not identified any significant risks or concerns related to health and safety practices or working conditions among our value chain partners. We continue to monitor and engage with our partners to ensure compliance with our standards and maintain a safe and healthy working environment across our supply chain."
Are there any technicians appointed during the supply chain process to detect or monitor the agriculture or crop management process,"As the Company has not received any major human rights grievances/complaints, there was no need to modify/introduce any business process."
Existence of management process for ensuring quality and patient safety during clinical trials,SECTION B: MANAGEMENT AND PROCESS DISCLOSURES
Provide information on project(s) for which ongoing Rehabilitation and Resettlements is being undertaken by the company,"2. Provide information on project(s) for which ongoing Rehabilitation and Resettlement (R&R) is being undertaken by your entity, in the following format:"
How many patents were filed and granted during the current year,Filed during the year
Does the company have due diligence process for sourcing minerals as raw materials,2. a. Does the entity have procedures in place for sustainable sourcing? (Yes/No)
Has the entity performed audit by DoT and maintain compliance with EMF radiation levels set by local regulations and ICNIRP,"5. Specific commitments, goals and targets set by the entity with defined timelines, if any."
Does the organisation have Board Diversity Policy,"5. Does the entity have a framework/ policy on cyber security and risks related to data privacy? (Yes/No) If available, provide a web-link of the policy."
Presence of policy on appointment and reappointment of board of directors,"Yes, the review was done by the Board of Directors of the Company. Annually or on need basis"
Is the chairperson of the board an independent director?,10. Details of Review of NGRBCs by the Company: Indicate whether review was undertaken by Director / Committee of the Board/ Any other Committee
Does the company have separate roles for Chairman and CEO,"Not applicable, as the Company does not have any operations/offices in/around ecologically sensitive areas."
Does the company have lead independent director on the board,"9. Does the entity have a specified Committee of the Board/ Director responsible for decision making on sustainability related issues? (Yes / No). If yes, provide details."
Does the company ensure effectiveness of the board through internal or external evaluation or assessment,"11. Has the entity carried out independent assessment/ evaluation of the working of its policies by an external agency? (Yes/No). If yes, provide name of the agency."
Does the company have processes in place to avoid/manage conflicts of interest involving members of the Board,"2. Does the entity have processes in place to avoid/ manage conflict of interests involving members of the Board? (Yes/No) If Yes, provide details of the same."
Does the company conduct training and awareness programmes on any of the NGBRC principles for BOD,1. Percentage coverage by training and awareness programmes on any of the Principles during the financial year:
Independence of Chairperson of committee (risk management),10. Details of Review of NGRBCs by the Company: Indicate whether review was undertaken by Director / Committee of the Board/ Any other Committee
Independence of Chairperson of committee (NRC),10. Details of Review of NGRBCs by the Company: Indicate whether review was undertaken by Director / Committee of the Board/ Any other Committee
Independence of Chairperson of committee (Audit),"In line with the Board-approved Vigil Mechanism and Whistle blower Policy, complainants also have the option to directly approach the Chairman of the Audit Committee. This policy includes built-in safeguards to protect whistle-blowers from any form of victimization, thereby reinforcing the Company’s commitment to transparency, accountability, and ethical conduct."
Is there a claw back mechanism/policy for senior management/KMP,"6. Is there a mechanism available to receive and redress grievances for the following categories of employees and worker? If yes, give details of the mechanism in brief."
Is the independent director paid commissions/incentives other than the board sitting fees,10. Details of Review of NGRBCs by the Company: Indicate whether review was undertaken by Director / Committee of the Board/ Any other Committee
Is the variable pay of executives linked to sustainability or ESG parameters,Yes. The Board’s Corporate Social Responsibility (CSR) Committee is responsible for sustainability related issues of the Company. This Committee meets at least twice a year to review the Company’s sustainability and CSR performance.
Does the company have a policy for appointment or reappointment o auditors,"5. Does the entity have a framework/ policy on cyber security and risks related to data privacy? (Yes/No) If available, provide a web-link of the policy."
Discontinuation of auditors before end of term,Pending resolution at the end of year
Does the entity have a whistleblower policy,"5. Does the entity have a framework/ policy on cyber security and risks related to data privacy? (Yes/No) If available, provide a web-link of the policy."
Is the whistleblower policy applicable to value chain,Remarks: The company has a zero-tolerance policy against the matters mentioned herein and regularly conveys to all its value chain partners about the same.
Does the entity have an anti corruption or anti bribery policy,"4. Does the entity have an anti-corruption or anti-bribery policy? If yes, provide details in brief and if available, provide a web-link to the policy. - The Company has an anti-corruption and anti-bribery policy. The policy asserts on our zero-tolerance approach towards corruption and bribery. The policy also provides information and guidance on how to trace and deal with bribery and corruption issues. As a part of our training on the Code of Conduct, anti-bribery awareness sessions are also given to employees on Anti-Corruption and Anti-bribery topics. The weblink for this policy is https://www.parasdefence.com/uploads/investors/files/Policy_on_Anti-Corruption_ and_Anti-Bribery.pdf"
Does the company have code of conduct policy,"Yes, the code of conduct for Board Members and Senior Management covers in detail the concern of conflict of interest. The Directors and Senior Management are required to annually provide declarations of compliance with the Code of Conduct. The code of conduct is uploaded on the website of the company and the link for the same is given below: https://www.parasdefence.com/uploads/investors/ files/Code_of_Conduct_for_Board_of_Directors_and_SMPs.pdf"
Does the company have a policy on anti-money laundering and/or insider trading/dealing,"5. Does the entity have a framework/ policy on cyber security and risks related to data privacy? (Yes/No) If available, provide a web-link of the policy."
"Does the company provide training on code of conduct, anti corruption, and anti bribery policies to the employee","4. Does the entity have an anti-corruption or anti-bribery policy? If yes, provide details in brief and if available, provide a web-link to the policy. - The Company has an anti-corruption and anti-bribery policy. The policy asserts on our zero-tolerance approach towards corruption and bribery. The policy also provides information and guidance on how to trace and deal with bribery and corruption issues. As a part of our training on the Code of Conduct, anti-bribery awareness sessions are also given to employees on Anti-Corruption and Anti-bribery topics. The weblink for this policy is https://www.parasdefence.com/uploads/investors/files/Policy_on_Anti-Corruption_ and_Anti-Bribery.pdf"
How does the company ensure that the minority shareholders effectively protect their interest and rights within company,Shareholders 1 0 The complaint was resolved within the stipulated time
Has the company undergone any fines/penalties/punishments/award/compunding fees/settlement amount paid in proceedings with regulators/law enforcement agencies/judicial institution during the financial year,"2. Details of fines / penalties /punishment/ award/ compounding fees/ settlement amount paid in proceedings (by the entity or by directors / KMPs) with regulators/ law enforcement agencies/ judicial institutions, in the financial year, in the following format (Note: the entity shall make disclosures on the basis of materiality as specified in Regulation 30 of SEBI (Listing Obligations and Disclosure Obligations) Regulations, 2015 and as disclosed on the entity’s website)"
Does the company implement a comprehensive framework or Enterprise Risk Management framework,"Yes, the company actively promotes an inclusive accessibility framework."
"Has the company taken any corrective action or underway on any issues related to anti competitive model, based on adverse orders from regulatory authorities? If yes, provide details","2. Provide details of corrective action taken or underway on any issues related to anti-competitive conduct by the entity, based on adverse orders from regulatory authorities."
Does the entity have a business continuity and disaster management plan,5. Does the entity have a business continuity and disaster management plan?
Does the company have ESG or Sustainability or BRSR policy,"Not applicable, as the Company does not have any operations/offices in/around ecologically sensitive areas."
Does the company perform materiality assessment and identify material ESG issues,Remarks: The Company does not discharge untreated water.
Does the company conduct assurance for its ESG or sustainability data through a third party or external agency,"26. Overview of the entity’s material responsible business conduct issues. Please indicate material responsible business conduct and sustainability issues pertaining to environmental and social matters that present a risk or an opportunity to your business, rationale for identifying the same, approach to adapt or mitigate the risk along-with its financial implications, as per the following format."
Does the company conduct assurance for its suppliers’ ESG or sustainability data through a third party or external agency,"26. Overview of the entity’s material responsible business conduct issues. Please indicate material responsible business conduct and sustainability issues pertaining to environmental and social matters that present a risk or an opportunity to your business, rationale for identifying the same, approach to adapt or mitigate the risk along-with its financial implications, as per the following format."
Does the company have a highest authority responsible for implementation and oversight of the Business Responsibility(ies) and ESG policy,Munjal Sharad Shah Managing Director DIN: 01080863 8. Details of the highest authority responsible for implementation and oversight of the Business Responsibility policy (ies).
Does the company have a specified committee of the board/director responsible for decision making on sustainability related issues (Y/N),"9. Does the entity have a specified Committee of the Board/ Director responsible for decision making on sustainability related issues? (Yes / No). If yes, provide details."
Were there any promotor sponsored resolutoins that were defeated during the current FY,Remarks: No Environmental Impact Assessments of projects were undertaken during the reporting period of FY 2024-25.
Does the company follow GRI standards,Remarks: The Company does not discharge untreated water.
Is the company aligned with SDGs? Does the company set targets according  to SDGs,"5. Specific commitments, goals and targets set by the entity with defined timelines, if any."
Is your company a signatory/participant of the United Nations Global Compact,10. Briefly describe the waste management practices adopted in your establishments. Describe the strategy adopted by your company to reduce usage of hazardous and toxic chemicals in your products and processes and the practices adopted to manage such wastes.
Does the company have affiliatoins with trade and indsutry chambers/associations,We are affiliated with 4 trade and industry chambers/associations.
"Has the company advocated any public policy positions? If yes, provide details",1. Details of public policy positions advocated by the entity:
Does the company disclose ESG engagement with investee company,Remarks: The Company does not discharge untreated water.
Does the entity have stewardship code,5. Does the entity have a business continuity and disaster management plan?
Is there a policy on related party transactions,"Yes, the Company have a framework/ policy on cyber security and risks related to data privacy. The Link for the same is https:// parasdefence.com/investors"
Disclosure of transactions with related parties during the year which are more than 10% of the revenue,"9. Open-ness of business. Provide details of concentration of purchases with trading houses, dealers, and related parties along-with loans and advances & investments, with related parties, in the following format. Concentration of Purchases-"
