District,State,Population_Weight,Urban_Rate,Informality_Rate
Kupwara,JAMMU AND KASHMIR,0.0007187929327064244,0.1278514180024661,0.9042667925005091
Badgam,JAMMU AND KASHMIR,0.0006224899053291004,0.14475162240003406,0.9066183555345139
Leh(Ladakh),JAMMU AND KASHMIR,0.0001102419385769267,0.3212486671324043,0.8457244271244055
Kargil,JAMMU AND KASHMIR,0.00011628312446536693,0.16147391159853772,0.8640838732429166
Punch,JAMMU AND KASHMIR,0.0003938002560648516,0.10358325192662542,0.9356659064789751
Rajouri,JAMMU AND KASHMIR,0.0005305466073167902,0.0819747352255382,0.9439772617328046
Kathua,JAMMU AND KASHMIR,0.0005090906935257202,0.1557992431823577,0.9097432551748151
Baramula,JAMMU AND KASHMIR,0.0008325018430345024,0.18858078812987764,0.8910090231761283
Bandipore,JAMMU AND KASHMIR,0.0003239297913048096,0.1789938415106652,0.8960592920660768
Srinagar,JAMMU AND KASHMIR,0.0010214509776095176,0.982771441318797,0.6645639175772771
Ganderbal,JAMMU AND KASHMIR,0.0002456495663394379,0.1752902541825046,0.883628637636093
Pulwama,JAMMU AND KASHMIR,0.00046284650981783096,0.12825088788167094,0.9133276379421882
Shupiyan,JAMMU AND KASHMIR,0.0002198570473398649,0.06517654040154287,0.9697926350575945
Anantnag,JAMMU AND KASHMIR,0.0008908515226757829,0.2544386155048194,0.9106493171675614
Kulgam,JAMMU AND KASHMIR,0.0003505646902915608,0.20785932469247914,0.932312127811051
Doda,JAMMU AND KASHMIR,0.00033855086512148017,0.08494428104208297,0.9411605987391847
Ramban,JAMMU AND KASHMIR,0.00023430799343363478,0.059594742362366386,0.9532119968102859
Kishtwar,JAMMU AND KASHMIR,0.00019052322894321308,0.07646961248420972,0.968644419634428
Udhampur,JAMMU AND KASHMIR,0.0004583414286118923,0.18922338568935426,0.9142729235712792
Reasi,JAMMU AND KASHMIR,0.0002598717484562976,0.11370359722904862,0.9656278313979599
Jammu,JAMMU AND KASHMIR,0.0012635352945326334,0.49351086033079394,0.79277696175031
Samba,JAMMU AND KASHMIR,0.00026336597367762236,0.1749798662418152,0.8647176207684538
Chamba,HIMACHAL PRADESH,0.0004286888272004848,0.06910018928138001,0.9462027485467032
Kangra,HIMACHAL PRADESH,0.0012471146658217848,0.06217959345031626,0.9135687912348445
Lahul AND Spiti,HIMACHAL PRADESH,2.6067531289504706e-05,0.0,0.9423011142783104
Kullu,HIMACHAL PRADESH,0.0003616477681620827,0.10974330167881974,0.9537744595821799
Mandi,HIMACHAL PRADESH,0.0008256785651383585,0.06848376816291254,0.9473147521010761
Hamirpur,HIMACHAL PRADESH,0.0003755759431461626,0.07207070802657228,0.9344879007125364
Una,HIMACHAL PRADESH,0.0004304173578996653,0.0980717971707997,0.8973495962464656
Bilaspur,HIMACHAL PRADESH,0.0003154432258653548,0.0728936726565113,0.932983671052777
Solan,HIMACHAL PRADESH,0.0004792646609404819,0.2108466778007008,0.8792911464022548
Sirmaur,HIMACHAL PRADESH,0.0004375874981434709,0.10956722662836445,0.936394127786583
Shimla,HIMACHAL PRADESH,0.000672260522904883,0.2556101981794677,0.896927787944712
Kinnaur,HIMACHAL PRADESH,6.947239892296367e-05,0.0,0.9462843637268317
Gurdaspur,PUNJAB,0.0018980993130112889,0.30591013741283885,0.7844852617038157
Kapurthala,PUNJAB,0.0006732168719491501,0.3666496939162261,0.775389995058009
Jalandhar,PUNJAB,0.001811604231445464,0.533505147359948,0.7126442276838534
Hoshiarpur,PUNJAB,0.0013103344579967811,0.23326712198307528,0.7990235566086228
Shahid Bhagat Singh Nagar,PUNJAB,0.0005056840097540434,0.20895180759314363,0.8020615635629799
Fatehgarh Sahib,PUNJAB,0.0004956522551420293,0.32783482755466103,0.7755496033050355
Ludhiana,PUNJAB,0.002889478150941275,0.6189969146072466,0.6934638333061682
Moga,PUNJAB,0.0008223495124635393,0.2570526177111972,0.825489568892583
Firozpur,PUNJAB,0.001675736598140935,0.30627201974561596,0.8296637334774489
Muktsar,PUNJAB,0.0007448422950158134,0.3330255133678627,0.8312378322613863
Faridkot,PUNJAB,0.0005099768442377225,0.3708667216406589,0.8026766477731524
Bathinda,PUNJAB,0.0011467310506830415,0.3867149065843552,0.800811153515652
Mansa,PUNJAB,0.0006357086642259389,0.2585990050359236,0.8478070351510074
Patiala,PUNJAB,0.0015655764199745284,0.42153665952154074,0.7569724231038931
Amritsar,PUNJAB,0.0020569399699465413,0.5832124220632935,0.7170077613775306
Tarn Taran,PUNJAB,0.0009246582136318047,0.1663971793662557,0.8502498337392017
Rupnagar,PUNJAB,0.00056540792498225,0.29006847181826456,0.7794676045288307
Sahibzada Ajit Singh Nagar,PUNJAB,0.0008214261979285733,0.5973947517462714,0.6957226676509985
Sangrur,PUNJAB,0.0013669423931351608,0.3492373213585659,0.7977082272526258
Barnala,PUNJAB,0.0004918235555140308,0.34580577682255625,0.8071456506030712
Chandigarh,CHANDIGARH,0.0008716568210463737,0.9701340965991547,0.4
Uttarkashi,UTTARAKHAND,0.00027260572592914236,0.07475517494575486,0.9397464395142698
Chamoli,UTTARAKHAND,0.0003234119753715147,0.12292583449608244,0.9135843920706078
Rudraprayag,UTTARAKHAND,0.00020009415215047673,0.03801671233110559,0.9451940954274727
Tehri Garhwal,UTTARAKHAND,0.0005111520469061094,0.1068967416101575,0.9178651300371301
Dehradun,UTTARAKHAND,0.001401236343103374,0.5413433057764881,0.7313254826549322
Garhwal,UTTARAKHAND,0.0005675915060470532,0.11622248484810183,0.896632067855732
Pithoragarh,UTTARAKHAND,0.0003992542535504646,0.12506251696889156,0.9068771912803406
Bageshwar,UTTARAKHAND,0.00021464007245848734,0.038834562760857165,0.944467837282022
Almora,UTTARAKHAND,0.000514104506174896,0.07498808414373012,0.9311344842674577
Champawat,UTTARAKHAND,0.0002144336067753554,0.13095541661141769,0.9024170760895639
Nainital,UTTARAKHAND,0.0007883726937846166,0.35349875947137743,0.8208902008146599
Udham Singh Nagar,UTTARAKHAND,0.0013617667113904096,0.35029506172541774,0.8273058047678814
Hardwar,UTTARAKHAND,0.0015612290785505026,0.3815139412841104,0.7917711962550708
Panchkula,HARYANA,0.0004635509707286771,0.5691609288305753,0.7035322806820902
Ambala,HARYANA,0.0009318622142476439,0.4437377877026924,0.750458276838551
Yamunanagar,HARYANA,0.0010027666591488106,0.40047466894776124,0.7691525349502515
Kurukshetra,HARYANA,0.0007966726142465201,0.30247309138136047,0.8114336434969924
Kaithal,HARYANA,0.0008872276370054512,0.24673796477686474,0.844943699612941
Karnal,HARYANA,0.0012431909919795457,0.3171240451514459,0.8119168359658547
Panipat,HARYANA,0.0009955254947100077,0.4699088925959194,0.751248456396585
Sonipat,HARYANA,0.0011975017880279152,0.31999310070574033,0.8093067304176473
Jind,HARYANA,0.0011018264163273122,0.24365489130434784,0.8583015117758503
Fatehabad,HARYANA,0.0007779717785311626,0.214258069510024,0.8619154439142588
Sirsa,HARYANA,0.001069648326679835,0.2754374365392335,0.8489512136560917
Hisar,HARYANA,0.0014402476209997854,0.3378737454124518,0.8296377126559473
Bhiwani,HARYANA,0.0013498272138662564,0.2174861160422721,0.8624505204729869
Rohtak,HARYANA,0.0008764088352093382,0.4291983501769064,0.7706416128615424
Jhajjar,HARYANA,0.0007915109721682219,0.26996250137862576,0.8223123255617069
Mahendragarh,HARYANA,0.000761518115311013,0.1650207880810026,0.8577311399761252
Rewari,HARYANA,0.0007435506457021401,0.2578752316244595,0.8059508843824545
Gurgaon,HARYANA,0.001250712949747408,0.7294148648726062,0.6646441273860336
Mewat,HARYANA,0.0008995817176213332,0.1620363538802066,0.857616732203639
Faridabad,HARYANA,0.001494591040525574,0.8136742294675162,0.6369440721164721
Palwal,HARYANA,0.0008611336781085057,0.2532118045103729,0.8276839894692554
North West,NCT OF DELHI,0.0030197992901341477,0.9341764804984481,0.4
North,NCT OF DELHI,0.0007333479375044927,0.985013501798579,0.4
North East,NCT OF DELHI,0.0018512737219397001,0.9890766867453817,0.4
East,NCT OF DELHI,0.0014116851583953146,0.9976504593070802,0.4
New Delhi,NCT OF DELHI,0.00011727581146986523,1.0,0.4
Central,NCT OF DELHI,0.0004809163864055373,1.0,0.4
West,NCT OF DELHI,0.002100369613461976,0.9974212843116013,0.4
South West,NCT OF DELHI,0.0018936685594512777,0.9364209596684793,0.4
South,NCT OF DELHI,0.0022561983490117,0.9960085519305449,0.4
Ganganagar,RAJASTHAN,0.0016262624652861298,0.29310124174804564,0.9006709318334138
Hanumangarh,RAJASTHAN,0.0014656519845150705,0.21836935186729162,0.9349770886093733
Bikaner,RAJASTHAN,0.0019522874703433622,0.3688039659130003,0.8985371399106217
Churu,RAJASTHAN,0.0016843858585386976,0.3016766789567781,0.9360106499933278
Jhunjhunun,RAJASTHAN,0.0017649058232346846,0.23103091690495983,0.9358165428501892
Alwar,RAJASTHAN,0.0030343675087359367,0.2139810562254524,0.9378020415341798
Bharatpur,RAJASTHAN,0.0021046797910630384,0.2129203098168876,0.945563767387024
Dhaulpur,RAJASTHAN,0.0009964166005984052,0.21451466541771558,0.9234086194037852
Karauli,RAJASTHAN,0.001204312677983071,0.16277531528317163,0.9608043653748286
Sawai Madhopur,RAJASTHAN,0.0011029817982901185,0.2016976064258847,0.9488005106833803
Dausa,RAJASTHAN,0.0013497974828078855,0.14169443823776903,0.9581813206812141
Jaipur,RAJASTHAN,0.00547231346929501,0.5643503499494136,0.8081997086982794
Sikar,RAJASTHAN,0.002211109547266617,0.25257213452454824,0.9165640943925715
Nagaur,RAJASTHAN,0.002731741672479412,0.19768321338967776,0.9504489942822056
Jodhpur,RAJASTHAN,0.0030450921621805417,0.34479850435761733,0.8930580256997396
Jaisalmer,RAJASTHAN,0.0005532611359122324,0.16230843340510773,0.9396125043104184
Barmer,RAJASTHAN,0.0021503409156817628,0.09348619333505899,0.9788236389843792
Jalor,RAJASTHAN,0.0015102799548554029,0.10312397040764369,0.9746654214332129
Sirohi,RAJASTHAN,0.0008558795394041644,0.2259729892852739,0.9105165369144831
Pali,RAJASTHAN,0.001682755605504688,0.2141939002661184,0.9213142745205938
Ajmer,RAJASTHAN,0.0021332463829811716,0.4017791638777413,0.8539888046145793
Tonk,RAJASTHAN,0.001173820174172683,0.21476832708988983,0.9424546539357725
Bundi,RAJASTHAN,0.0009174558647414306,0.20921368468254598,0.9457155942267306
Bhilwara,RAJASTHAN,0.0019891093861358427,0.21581493756288098,0.9319444665554366
Rajsamand,RAJASTHAN,0.0009551903588533542,0.16696201008543082,0.9306785199172276
Dungarpur,RAJASTHAN,0.0011467533489768198,0.0890245313421548,0.960696843495799
Banswara,RAJASTHAN,0.0014844758737775747,0.09167744577102391,0.98
Chittaurgarh,RAJASTHAN,0.0012754112006263818,0.19504535249411284,0.9546636565474119
Kota,RAJASTHAN,0.0016112697532398217,0.6050886179635047,0.8024998930021408
Baran,RAJASTHAN,0.0010098277855119227,0.21882954844696353,0.9515787715621116
Jhalawar,RAJASTHAN,0.0011653988518890979,0.17595277976307097,0.9718138904356065
Udaipur,RAJASTHAN,0.0025340937257426824,0.21547408802925663,0.9302152543455494
Pratapgarh,RAJASTHAN,0.0007167233206987099,0.10367734383677514,0.98
Saharanpur,UTTAR PRADESH,0.0028627557105048757,0.3195499967387808,0.9414521948713265
Muzaffarnagar,UTTAR PRADESH,0.0034219721425813657,0.3053090684126411,0.9510855272256478
Bijnor,UTTAR PRADESH,0.003041415421295328,0.24726726786223355,0.9604783501546359
Moradabad,UTTAR PRADESH,0.003941021914798637,0.3392619255741872,0.9418819236188373
Rampur,UTTAR PRADESH,0.001929065862030148,0.2652205958606794,0.9775169846974572
Jyotiba Phule Nagar,UTTAR PRADESH,0.0015197699435148789,0.2558543469495363,0.9755226435939733
Meerut,UTTAR PRADESH,0.0028440144075156243,0.5253681469676782,0.8691263671219489
Baghpat,UTTAR PRADESH,0.0010761387818947702,0.22145826873303254,0.9613264842200118
Ghaziabad,UTTAR PRADESH,0.003866396132424701,0.7017704617599895,0.8068101218932232
Gautam Buddha Nagar,UTTAR PRADESH,0.0013611167574199103,0.6648782784392961,0.8197272360253276
Bulandshahr,UTTAR PRADESH,0.002889834923641727,0.2518279650530579,0.9574152910219133
Aligarh,UTTAR PRADESH,0.0030341280085435037,0.32158860870872513,0.9391285013531977
Mahamaya Nagar,UTTAR PRADESH,0.0012922340244879713,0.22754823299815297,0.9797319798734182
Mathura,UTTAR PRADESH,0.002103624338490868,0.3037844487348152,0.9479741716023145
Agra,UTTAR PRADESH,0.0036493197649052566,0.4501456590504999,0.8947887614210828
Firozabad,UTTAR PRADESH,0.0020631339404404993,0.34671665097652454,0.9285901608049433
Mainpuri,UTTAR PRADESH,0.0015431484657472735,0.17697649650584305,0.98
Budaun,UTTAR PRADESH,0.003040740691442853,0.18057130738660987,0.98
Bareilly,UTTAR PRADESH,0.003673733919004241,0.3648370744088712,0.9358022458316072
Pilibhit,UTTAR PRADESH,0.001677332990802911,0.194278159474631,0.98
Shahjahanpur,UTTAR PRADESH,0.0024829876881284027,0.20566928701089918,0.98
Kheri,UTTAR PRADESH,0.0033209947321379348,0.12482118222603494,0.98
Sitapur,UTTAR PRADESH,0.003703161885752401,0.11856295971251525,0.98
Hardoi,UTTAR PRADESH,0.003380128155512384,0.13337784255853127,0.98
Unnao,UTTAR PRADESH,0.002567084464318967,0.16872933383145886,0.98
Lucknow,UTTAR PRADESH,0.003790576152539529,0.6758517538976813,0.8239099613271058
Rae Bareli,UTTAR PRADESH,0.002812524261524343,0.09428481869638164,0.98
Farrukhabad,UTTAR PRADESH,0.001556919726812173,0.23048676760067074,0.98
Kannauj,UTTAR PRADESH,0.0013681374165091284,0.18040025152418188,0.98
Etawah,UTTAR PRADESH,0.0013063579289396604,0.24345391682757755,0.98
Auraiya,UTTAR PRADESH,0.0011393148033449426,0.18594602162444238,0.98
Kanpur Dehat,UTTAR PRADESH,0.001483401426362556,0.1019676451428233,0.98
Kanpur Nagar,UTTAR PRADESH,0.0037834985089217664,0.6524312352646996,0.8376905360172431
Jalaun,UTTAR PRADESH,0.0013956865455407878,0.23097918626914316,0.98
Jhansi,UTTAR PRADESH,0.001650571734818083,0.38684090130378895,0.949687852645782
Lalitpur,UTTAR PRADESH,0.0010088673071539929,0.14517678708685627,0.98
Hamirpur,UTTAR PRADESH,0.0009119878275893646,0.17759593552593125,0.98
Mahoba,UTTAR PRADESH,0.0007234210674595097,0.1965983721128096,0.98
Banda,UTTAR PRADESH,0.0014860656595376905,0.1516274894810659,0.98
Chitrakoot,UTTAR PRADESH,0.000819032847729708,0.10207326848501917,0.98
Fatehpur,UTTAR PRADESH,0.002174276069395881,0.12211801300782354,0.98
Pratapgarh,UTTAR PRADESH,0.0026503099553267144,0.05539555730313794,0.98
Kaushambi,UTTAR PRADESH,0.0013210467235003982,0.08082602070306343,0.98
Allahabad,UTTAR PRADESH,0.004917509621798416,0.2124862843092498,0.9636650267993151
Bara Banki,UTTAR PRADESH,0.0026928897860903785,0.1105988462851164,0.98
Faizabad,UTTAR PRADESH,0.0020407035086250466,0.134462560161176,0.98
Ambedkar Nagar,UTTAR PRADESH,0.0019803263359754104,0.1147761167687393,0.98
Sultanpur,UTTAR PRADESH,0.0031358974213474286,0.05608074386147918,0.98
Bahraich,UTTAR PRADESH,0.00288038705398161,0.08121147709605372,0.98
Shrawasti,UTTAR PRADESH,0.0009227868086798969,0.033054253441855766,0.98
Balrampur,UTTAR PRADESH,0.0017745023481866564,0.0802264499661312,0.98
Gonda,UTTAR PRADESH,0.0028359457286188288,0.07268176636764632,0.98
Siddharthnagar,UTTAR PRADESH,0.002113628013769976,0.0649409070461702,0.98
Basti,UTTAR PRADESH,0.0020353089732561753,0.05699738544103482,0.98
Sant Kabir Nagar,UTTAR PRADESH,0.0014165057191650788,0.07717995973318265,0.98
Mahrajganj,UTTAR PRADESH,0.002217196155605346,0.05606024916032345,0.98
Gorakhpur,UTTAR PRADESH,0.0036675696795686543,0.19889015989435702,0.9753678327517611
Kushinagar,UTTAR PRADESH,0.002943824048055261,0.054483574682938074,0.98
Deoria,UTTAR PRADESH,0.002560955736980879,0.10203903825412419,0.98
Azamgarh,UTTAR PRADESH,0.0038104587978251337,0.08279719761430757,0.98
Mau,UTTAR PRADESH,0.0018218267603486921,0.21996642511649334,0.968645980018388
Ballia,UTTAR PRADESH,0.002675608608412236,0.102408556979,0.98
Jaunpur,UTTAR PRADESH,0.0037115955959769738,0.08004807931099565,0.98
Ghazipur,UTTAR PRADESH,0.002989844422962635,0.08070348195998109,0.98
Chandauli,UTTAR PRADESH,0.001612708406119885,0.12841653632640065,0.98
Varanasi,UTTAR PRADESH,0.0030365659553299256,0.4186784166640179,0.888539324285726
Sant Ravidas Nagar (Bhadohi),UTTAR PRADESH,0.0013033873006907581,0.13548174264448157,0.9673990276653036
Mirzapur,UTTAR PRADESH,0.0020621544672397214,0.14354786739456654,0.98
Sonbhadra,UTTAR PRADESH,0.001538218065234083,0.21266655454018799,0.98
Etah,UTTAR PRADESH,0.0014654769016157745,0.16853815193110414,0.98
Kanshiram Nagar,UTTAR PRADESH,0.001186532679214482,0.21089595140286974,0.98
Pashchim Champaran,BIHAR,0.0032498045387313133,0.10321171968970254,0.98
Purba Champaran,BIHAR,0.0042113804682325715,0.08165537756517195,0.98
Sheohar,BIHAR,0.0005419691147703809,0.04527710843373494,0.98
Sitamarhi,BIHAR,0.0028274021786508295,0.05796042774258895,0.98
Madhubani,BIHAR,0.0037059590828274723,0.03787153765753785,0.98
Supaul,BIHAR,0.0018409107963719424,0.04635045375619478,0.98
Araria,BIHAR,0.002321970057030207,0.06286738881289512,0.98
Kishanganj,BIHAR,0.0013960383630648445,0.09739862967539031,0.98
Purnia,BIHAR,0.002696127168001887,0.10737469258548753,0.98
Katihar,BIHAR,0.002536248401611847,0.09462246128416003,0.98
Madhepura,BIHAR,0.001653180635190138,0.04703318583203665,0.98
Saharsa,BIHAR,0.0015696850870688538,0.08082906838157031,0.98
Darbhanga,BIHAR,0.0032517395351136257,0.0952805039926679,0.98
Muzaffarpur,BIHAR,0.003965018182354963,0.10782619881828918,0.98
Gopalganj,BIHAR,0.002115870231088789,0.0688249244663916,0.98
Siwan,BIHAR,0.002750506099625174,0.06206959956819085,0.98
Saran,BIHAR,0.0032636955498924294,0.09811836599273169,0.98
Vaishali,BIHAR,0.002886407593301737,0.06858450395638849,0.98
Samastipur,BIHAR,0.003519468541607192,0.04116179901842465,0.98
Begusarai,BIHAR,0.0024532591073456026,0.18980814448798775,0.98
Khagaria,BIHAR,0.001376619026772188,0.0532222962581992,0.98
Bhagalpur,BIHAR,0.0025087777295397778,0.20000275582896102,0.98
Banka,BIHAR,0.001680434931226285,0.04163964548205793,0.98
Munger,BIHAR,0.0011295861403557662,0.2784560300977397,0.98
Lakhisarai,BIHAR,0.0008266159193397774,0.15296780562980086,0.98
Sheikhpura,BIHAR,0.0005255311429421494,0.18354468553506537,0.98
Nalanda,BIHAR,0.0023765463698465685,0.16625288042253225,0.98
Patna,BIHAR,0.004821770658667408,0.4562480270127775,0.9375256657881543
Bhojpur,BIHAR,0.0022532896604677373,0.15113092296362568,0.98
Buxar,BIHAR,0.0014092125253741265,0.10579488849777534,0.98
Kaimur (Bhabua),BIHAR,0.0013431699343793505,0.044938638593358046,0.98
Rohtas,BIHAR,0.0024444859675379605,0.15734934488480595,0.98
Aurangabad,BIHAR,0.0020977516285998633,0.10267401638811893,0.98
Gaya,BIHAR,0.0036267084691513803,0.1377984102945747,0.98
Nawada,BIHAR,0.0018327099794379423,0.10667397863837279,0.98
Jamui,BIHAR,0.001453852883655447,0.08647550173786299,0.98
Jehanabad,BIHAR,0.0009293540691289573,0.13097322060411934,0.98
Arwal,BIHAR,0.0005788001150529193,0.06902573911597155,0.98
North  District,SIKKIM,3.609763417605377e-05,0.15181130134469836,0.851618988928372
West District,SIKKIM,0.0001126765819124184,0.05550813785796274,0.927779364069961
South District,SIKKIM,0.00012127794227169452,0.20772049468166318,0.8707992183887245
East District,SIKKIM,0.00023420063127840618,0.5053933623901239,0.7604514181590118
Tawang,ARUNACHAL PRADESH,4.127414178353747e-05,0.18601122743134577,0.8873052997677485
West Kameng,ARUNACHAL PRADESH,6.932869880750384e-05,0.2606323620582765,0.8840319536820542
East Kameng,ARUNACHAL PRADESH,6.498713842260566e-05,0.26447915610102446,0.9515254869759477
Papum Pare,ARUNACHAL PRADESH,0.0001458250602706157,0.5977658057360165,0.7889872511863125
Upper Subansiri,ARUNACHAL PRADESH,6.891659330397252e-05,0.24315603205995628,0.9524296266716168
West Siang,ARUNACHAL PRADESH,9.272291243181635e-05,0.2762956945572705,0.9277089152602115
East Siang,ARUNACHAL PRADESH,8.193714514500443e-05,0.3281761483063988,0.91245934544687
Upper Siang,ARUNACHAL PRADESH,2.916947171287879e-05,0.2029578643847084,0.941602940838769
Changlang,ARUNACHAL PRADESH,0.00012241432939165265,0.1627755511022044,0.9670122753527256
Tirap,ARUNACHAL PRADESH,9.247597947479057e-05,0.2608346709470305,0.9584360277990729
Lower Subansiri,ARUNACHAL PRADESH,6.857138268177593e-05,0.22852153171188824,0.9177590404558477
Kurung Kumey,ARUNACHAL PRADESH,7.604213696022162e-05,0.055445544554455446,0.98
Dibang Valley,ARUNACHAL PRADESH,6.610205311151808e-06,0.3637770897832817,0.8657818534920075
Lower Dibang Valley,ARUNACHAL PRADESH,4.466265657509867e-05,0.2476489028213166,0.9272936539963387
Lohit,ARUNACHAL PRADESH,0.00012034967256033338,0.25287407440350446,0.9331367283139829
Anjaw,ARUNACHAL PRADESH,1.748103645941408e-05,0.06632573996590733,0.97047544814052
Mon,NAGALAND,0.00020668040744238524,0.14532946572066952,0.98
Mokokchung,NAGALAND,0.0001607310567300084,0.32095951373059806,0.9019123074330603
Zunheboto,NAGALAND,0.00011624596064240317,0.16198976173246496,0.9602492175123145
Wokha,NAGALAND,0.00013737648451685723,0.1750626754376567,0.9524944791449841
Dimapur,NAGALAND,0.00031284588757155517,0.5613428716876993,0.7820089281401608
Phek,NAGALAND,0.00013496083602421367,0.1579072687129313,0.9635410595551204
Tuensang,NAGALAND,0.0001623613097640181,0.18848846253564946,0.9735285438153837
Longleng,NAGALAND,4.169285418892902e-05,0.16192112043337517,0.9733996021368266
Kiphire,NAGALAND,6.111714565798081e-05,0.21110126956008268,0.9497804344699728
Kohima,NAGALAND,0.0002213213019646365,0.5815374507227332,0.8153506853398862
Peren,NAGALAND,7.863782352855622e-05,0.16777196523458418,0.9578692915922752
Senapati,MANIPUR,0.0003957104765651882,0.04584023698348145,0.98
Tamenglong,MANIPUR,0.00011615841919275524,0.14657841357958792,0.98
Churachandpur,MANIPUR,0.0002264044870833446,0.08392563769995677,0.98
Bishnupur,MANIPUR,0.00019605898683934634,0.37706815793691784,0.9045779090222383
Thoubal,MANIPUR,0.00034865281806575914,0.36735946596587477,0.9296118313804712
Imphal West,MANIPUR,0.00042779028854749465,0.6267936637890074,0.8114829211386402
Imphal East,MANIPUR,0.00037668672852141235,0.41932198195437215,0.8642373033956259
Ukhrul,MANIPUR,0.00015195709105963396,0.13860109811410837,0.98
Chandel,MANIPUR,0.00011907454050131058,0.11074355971896956,0.98
Mamit,MIZORAM,7.132480903202332e-05,0.19798609446175977,0.9391358449882754
Kolasib,MIZORAM,6.933530570936407e-05,0.5639880952380952,0.8376179568686113
Aizawl,MIZORAM,0.0003306002845954359,0.79615700964216,0.7188322275637689
Champhai,MIZORAM,0.00010384810930169715,0.40874903574183596,0.8846125938327073
Serchhip,MIZORAM,5.3629048262152044e-05,0.5176242737249839,0.8590068611546235
Lunglei,MIZORAM,0.0001333173691864835,0.44633190699592723,0.8740458344083044
Lawngtlai,MIZORAM,9.73642609886221e-05,0.19339103645565905,0.9232785148262364
Saiha,MIZORAM,4.6722358230022785e-05,0.45092383254073437,0.8311974851747059
West Tripura,TRIPURA,0.0014252235261696415,0.4283461334249176,0.8520424743425481
South Tripura,TRIPURA,0.0007234565795570083,0.1700488872563684,0.93331729529062
Dhalai,TRIPURA,0.00031236606132395656,0.13591492156711227,0.9459613836236376
North Tripura,TRIPURA,0.0005731049656494083,0.21900000519154195,0.8912103541756926
West Garo Hills,MEGHALAYA,0.0005312700630704844,0.11772452435974548,0.98
East Garo Hills,MEGHALAYA,0.0002625558023370127,0.15519564514390427,0.98
South Garo Hills,MEGHALAYA,0.00011754834617159938,0.09366092374441894,0.98
West Khasi Hills,MEGHALAYA,0.000316686149277809,0.14115527194683866,0.98
Ribhoi,MEGHALAYA,0.000213766309687473,0.09001318184671396,0.98
East Khasi Hills,MEGHALAYA,0.0006820981997747531,0.5060323305019736,0.8508015146576549
Jaintia Hills,MEGHALAYA,0.0003263181863272797,0.08565763226107004,0.9752176757789444
Kokrajhar,ASSAM,0.0007326575162600996,0.07709077478142976,0.98
Dhubri,ASSAM,0.001609819538281503,0.11595930282772797,0.98
Goalpara,ASSAM,0.0008326207672679864,0.14734031046495147,0.98
Barpeta,ASSAM,0.0013986992927890489,0.10451338757381638,0.98
Morigaon,ASSAM,0.0007906999749648797,0.09816258287019236,0.98
Nagaon,ASSAM,0.0023320447565043124,0.15539080438196412,0.98
Sonitpur,ASSAM,0.001589050742283896,0.11778342000500135,0.98
Lakhimpur,ASSAM,0.0008606621104882323,0.10579600101240193,0.98
Dhemaji,ASSAM,0.0005666516742574367,0.07230288002383227,0.98
Tinsukia,ASSAM,0.0010966870725427921,0.23822501270917734,0.9331516291640634
Dibrugarh,ASSAM,0.0010953706473471431,0.20466824927390156,0.9391405798845682
Sivasagar,ASSAM,0.0009506092982760231,0.11116430462775369,0.9645888274238379
Jorhat,ASSAM,0.0009020535247797887,0.2201365094755879,0.9458085644394312
Golaghat,ASSAM,0.0008811030389810257,0.10453004283316467,0.98
Karbi Anglong,ASSAM,0.000789783267331774,0.14704835571584493,0.98
Dima Hasao,ASSAM,0.00017681886275964823,0.36166601605594123,0.9536238932746752
Cachar,ASSAM,0.001434207260974078,0.20436850813493887,0.9312975901162884
Karimganj,ASSAM,0.0010147259773785444,0.11096592451805594,0.9686648934638054
Hailakandi,ASSAM,0.0005444879961045905,0.0923627698569694,0.98
Bongaigaon,ASSAM,0.0006101506902424038,0.17455182333377195,0.9773921614663309
Chirang,ASSAM,0.00039819962684102674,0.08257781001343943,0.98
Kamrup,ASSAM,0.0012532813828455692,0.10093107297816754,0.98
Kamrup Metropolitan,ASSAM,0.0010355806631003343,0.8567605186458411,0.7558580190576943
Nalbari,ASSAM,0.0006372678930649513,0.11817831793223517,0.9559054446142682
Baksa,ASSAM,0.0007846315356062661,0.012126508615579516,0.98
Darrang,ASSAM,0.0007668135471519807,0.06992927060746919,0.98
Udalguri,ASSAM,0.0006868436070358573,0.04912561029738127,0.98
Darjiling,WEST BENGAL,0.0015252222892750268,0.41559159779481614,0.7884828481602693
Jalpaiguri,WEST BENGAL,0.00319843918021902,0.2857620835137466,0.847485730972922
Koch Bihar,WEST BENGAL,0.002328178067190618,0.10805694885749241,0.942553047978562
Uttar Dinajpur,WEST BENGAL,0.002483479902316989,0.12112945711532284,0.9358760213235592
Dakshin Dinajpur,WEST BENGAL,0.0013843738778306232,0.15200227319066603,0.9342273549799678
Maldah,WEST BENGAL,0.0032942384313295017,0.134179913159179,0.9073279556533121
Murshidabad,WEST BENGAL,0.005866769460369489,0.1894738831457398,0.8865773414816568
Birbhum,WEST BENGAL,0.0028925049378559892,0.13935764890343813,0.9281065582830972
Barddhaman,WEST BENGAL,0.006373647667634767,0.38719201737040887,0.8429246741169607
Nadia,WEST BENGAL,0.0042677282566102055,0.30223174907776695,0.8634289041045717
North Twenty Four Parganas,WEST BENGAL,0.008266705088663975,0.577027707632365,0.7642691722731878
Hugli,WEST BENGAL,0.00455805617091666,0.39508413829435657,0.8293028107772628
Bankura,WEST BENGAL,0.0029703590176513766,0.09167339116401049,0.9422183083585689
Puruliya,WEST BENGAL,0.0024198727805204373,0.13211019169549806,0.9253736439443063
Haora,WEST BENGAL,0.004005458202778647,0.6426516803097811,0.7302893711109073
Kolkata,WEST BENGAL,0.0037136519941809677,1.0,0.6331660485370934
South Twenty Four Parganas,WEST BENGAL,0.006740659414244617,0.28044263179331375,0.8523000283154233
Paschim Medinipur,WEST BENGAL,0.004883703756705127,0.12843374432966245,0.9380209197194381
Purba Medinipur,WEST BENGAL,0.004208493252119655,0.1251780983242075,0.9146338597940973
Garhwa,JHARKHAND,0.0010924380087839372,0.06567323627299249,0.98
Chatra,JHARKHAND,0.0008612806816748955,0.06741468756670471,0.98
Kodarma,JHARKHAND,0.0005915316149375665,0.22953427732118692,0.9686158274872267
Giridih,JHARKHAND,0.002019625839965474,0.09387526278906798,0.98
Deoghar,JHARKHAND,0.001232247484910821,0.1999844580522831,0.98
Godda,JHARKHAND,0.0010848128181745087,0.05333698592610348,0.98
Sahibganj,JHARKHAND,0.0009502104065762121,0.1438467698367389,0.98
Pakur,JHARKHAND,0.0007436249733480676,0.07637619431334178,0.98
Dhanbad,JHARKHAND,0.0022170177692551205,0.6104236705062638,0.8254238626608703
Bokaro,JHARKHAND,0.0017032014891738764,0.5079997798586378,0.8754176462507282
Lohardaga,JHARKHAND,0.00038137515125397217,0.1320817337016971,0.98
Purbi Singhbhum,JHARKHAND,0.001894462213537237,0.5658126923592149,0.8637303634222833
Palamu,JHARKHAND,0.0016020655130858004,0.12840030987683376,0.98
Latehar,JHARKHAND,0.0006003840375675311,0.08807331447724186,0.98
Hazaribagh,JHARKHAND,0.001432454780255654,0.18013191948615317,0.98
Ramgarh,JHARKHAND,0.0007841095903593086,0.46930430479960417,0.894299331270756
Dumka,JHARKHAND,0.001091329700996885,0.07120050890273963,0.98
Jamtara,JHARKHAND,0.0006532921076641865,0.10832776784367797,0.98
Ranchi,JHARKHAND,0.0024067729458570825,0.424418111526686,0.9174637199488359
Khunti,JHARKHAND,0.00043926399949050215,0.09191049153029421,0.98
Gumla,JHARKHAND,0.0008466852096029333,0.07055699048370903,0.98
Simdega,JHARKHAND,0.0004951691254435006,0.07157254818621485,0.98
Pashchimi Singhbhum,JHARKHAND,0.0012407249658602179,0.15836172700112908,0.98
Saraikela-Kharsawan,JHARKHAND,0.000879590058455035,0.23955937792059143,0.9728631022673458
Bargarh,ORISSA,0.0012233133018703362,0.10326585483298145,0.98
Jharsuguda,ORISSA,0.0004785915828134718,0.41742575598523585,0.8853789907125477
Sambalpur,ORISSA,0.0008598048649718686,0.300473858539755,0.927801005612941
Debagarh,ORISSA,0.00025809862116956057,0.07442435043237004,0.98
Sundargarh,ORISSA,0.001728891601194616,0.37237526332309706,0.9157508908758346
Kendujhar,ORISSA,0.0014879841386653523,0.14568046554227945,0.98
Mayurbhanj,ORISSA,0.0020809577099339125,0.08556255465512368,0.98
Baleshwar,ORISSA,0.0019164384208497994,0.12059789875276845,0.98
Bhadrak,ORISSA,0.0012440275909275963,0.12670693706698807,0.98
Kendrapara,ORISSA,0.0011895404712863478,0.05360952713448931,0.98
Jagatsinghapur,ORISSA,0.0009389819768647654,0.1220388283455995,0.9754119043907589
Cuttack,ORISSA,0.0021674519656370047,0.2666946730153347,0.9193202848252543
Jajapur,ORISSA,0.0015090097779727754,0.08413365142782168,0.98
Dhenkanal,ORISSA,0.0009850981518491127,0.10494396499124498,0.9768634248589513
Anugul,ORISSA,0.0010520012918111827,0.17891781459621262,0.9605831467973874
Nayagarh,ORISSA,0.0007951315543876234,0.09255932356225766,0.98
Khordha,ORISSA,0.0018595728165388711,0.5181936581732438,0.8391100303463331
Puri,ORISSA,0.0014029177996268004,0.15226981342150545,0.967867092013001
Ganjam,ORISSA,0.0029144951848350045,0.21658390733055347,0.9599348972174712
Gajapati,ORISSA,0.000477197526520965,0.1316052413714351,0.98
Kandhamal,ORISSA,0.000605448227843391,0.10080474200917941,0.98
Baudh,ORISSA,0.00036433925480739056,0.04767531206054192,0.98
Subarnapur,ORISSA,0.000503927399721957,0.08565802937437339,0.98
Balangir,ORISSA,0.0013618451683499997,0.11539217978261919,0.98
Nuapada,ORISSA,0.00050409174640573,0.05675498620455513,0.98
Kalahandi,ORISSA,0.001302277341178241,0.07763952557665721,0.98
Rayagada,ORISSA,0.0007993616233036303,0.1717164314530201,0.98
Nabarangapur,ORISSA,0.00100833379982878,0.07904068080716911,0.98
Koraput,ORISSA,0.0011393990413436604,0.17025479866471938,0.98
Malkangiri,ORISSA,0.0005064124206841328,0.08621130723970324,0.98
Koriya,CHHATTISGARH,0.0005441749941289624,0.32906422927621615,0.9530123769759586
Surguja,CHHATTISGARH,0.0019489419004138924,0.11030988738292682,0.98
Jashpur,CHHATTISGARH,0.000703361687549144,0.09153150287996042,0.98
Raigarh,CHHATTISGARH,0.0012338257085926815,0.15831662374440506,0.98
Korba,CHHATTISGARH,0.0009965190075772385,0.3789384133015485,0.9327180715234175
Janjgir - Champa,CHHATTISGARH,0.001337655648914263,0.13882429277655392,0.98
Bilaspur,CHHATTISGARH,0.0021997919243800573,0.255045364228537,0.9701121234338711
Kabeerdham,CHHATTISGARH,0.0006792935699350889,0.11302260167914423,0.98
Rajnandgaon,CHHATTISGARH,0.0012694608596385197,0.19615924866455456,0.98
Durg,CHHATTISGARH,0.0027615792671429056,0.3959979121116771,0.9281057111863845
Raipur,CHHATTISGARH,0.0033562004345628585,0.3696780533458119,0.9303511699669547
Mahasamund,CHHATTISGARH,0.0008529130404689248,0.11518931502703121,0.98
Dhamtari,CHHATTISGARH,0.0006605093220837462,0.19855473890754985,0.98
Uttar Bastar Kanker,CHHATTISGARH,0.0006185224607620373,0.12819151951110172,0.98
Bastar,CHHATTISGARH,0.0011671083877454302,0.14783514983073853,0.98
Narayanpur,CHHATTISGARH,0.00011547212726202471,0.18670494032331167,0.98
Dakshin Bastar Dantewada,CHHATTISGARH,0.00044071173686062323,0.2270890612191601,0.98
Bijapur,CHHATTISGARH,0.00021078494522304796,0.1360141117637992,0.98
Sheopur,MADHYA PRADESH,0.0005680787650592445,0.14942046883674556,0.98
Morena,MADHYA PRADESH,0.0016236213562675062,0.22983892364913433,0.9480265021932626
Bhind,MADHYA PRADESH,0.0014064483628083563,0.24578971957418883,0.9604100018882837
Gwalior,MADHYA PRADESH,0.001678182803554682,0.6117709466567167,0.8108779636619692
Datia,MADHYA PRADESH,0.0006497508082671076,0.21290237130495354,0.9710171094978833
Shivpuri,MADHYA PRADESH,0.0014254803694794575,0.15360385441928315,0.98
Tikamgarh,MADHYA PRADESH,0.0011935087417161436,0.15723566027488825,0.98
Chhatarpur,MADHYA PRADESH,0.0014554798332385265,0.20183599232985855,0.963446091557798
Panna,MADHYA PRADESH,0.0008395059848690699,0.11137569525444496,0.98
Sagar,MADHYA PRADESH,0.001964279823082397,0.26959269605727176,0.9218150088261388
Damoh,MADHYA PRADESH,0.0010440713578534517,0.17981568041178586,0.9510049022750946
Satna,MADHYA PRADESH,0.001840794349726656,0.19821563739140702,0.9519312748637412
Rewa,MADHYA PRADESH,0.001953252903877687,0.152796172050731,0.974978325094101
Umaria,MADHYA PRADESH,0.0005324816036991027,0.17829900158271156,0.9700533906351959
Neemuch,MADHYA PRADESH,0.0006822179498709696,0.28060628331482224,0.9528853879981387
Mandsaur,MADHYA PRADESH,0.0011069954911702032,0.21303814703256022,0.9785800897084804
Ratlam,MADHYA PRADESH,0.0012016872603563655,0.28660191993409423,0.9545329258050709
Ujjain,MADHYA PRADESH,0.0016408769322009402,0.38550288181199677,0.9146106651440156
Shajapur,MADHYA PRADESH,0.001249266864102752,0.19140059181393038,0.98
Dewas,MADHYA PRADESH,0.0012914139427945713,0.2686478249190844,0.9599923810599491
Dhar,MADHYA PRADESH,0.0018051649797199455,0.20042969719533382,0.98
Indore,MADHYA PRADESH,0.0027061019380853566,0.7458246545175932,0.7638923670672193
Khargone (West Nimar),MADHYA PRADESH,0.001546878887710101,0.16650621627553713,0.98
Barwani,MADHYA PRADESH,0.0011445474696182383,0.16343769839943864,0.98
Rajgarh,MADHYA PRADESH,0.0012766301740195927,0.17381141450324483,0.98
Vidisha,MADHYA PRADESH,0.001204830493916366,0.2227098714430314,0.9596882428981045
Bhopal,MADHYA PRADESH,0.0019581709164498895,0.8303271354137679,0.7350988035361704
Sehore,MADHYA PRADESH,0.0010829802287710298,0.17964671299905657,0.9702376940346815
Raisen,MADHYA PRADESH,0.0010997163370457038,0.22854783198705608,0.9559857128211862
Betul,MADHYA PRADESH,0.0013010327660403216,0.2156749432557316,0.9723350360000519
Harda,MADHYA PRADESH,0.0004711257837114213,0.2202906771629577,0.962513630831874
Hoshangabad,MADHYA PRADESH,0.0010251847030232754,0.33528009232837447,0.9177790516687372
Katni,MADHYA PRADESH,0.0010670493366605701,0.20880666760259117,0.9420592572780858
Jabalpur,MADHYA PRADESH,0.0020343385845454556,0.5641789420274312,0.824831013500594
Narsimhapur,MADHYA PRADESH,0.0009017215279613125,0.18701316095559675,0.9781925944432895
Dindori,MADHYA PRADESH,0.0005818401157713538,0.04290699971465572,0.98
Mandla,MADHYA PRADESH,0.0008712067258571461,0.11755834059041056,0.98
Chhindwara,MADHYA PRADESH,0.001726814556422309,0.25418092803604697,0.9565105341709915
Seoni,MADHYA PRADESH,0.001138972896173676,0.12426454636461771,0.98
Balaghat,MADHYA PRADESH,0.0014053689602169426,0.15034606375048581,0.98
Guna,MADHYA PRADESH,0.0010253242738250726,0.2536787273970921,0.9605815082625921
Ashoknagar,MADHYA PRADESH,0.0006979126452399262,0.17962087829699963,0.975882212515815
Shahdol,MADHYA PRADESH,0.0008804217022266904,0.19848339280812516,0.9642160942009561
Anuppur,MADHYA PRADESH,0.0006187669161308655,0.2904247687915537,0.9438166772584266
Sidhi,MADHYA PRADESH,0.000930774553028905,0.09360383430430998,0.98
Singrauli,MADHYA PRADESH,0.0009730917594436249,0.20392586791960324,0.9698654564229471
Jhabua,MADHYA PRADESH,0.0008465489422520662,0.10480803077275407,0.98
Alirajpur,MADHYA PRADESH,0.0006020531061499696,0.09740380527210885,0.98
Khandwa (East Nimar),MADHYA PRADESH,0.0010819305572379871,0.19272960423959548,0.98
Burhanpur,MADHYA PRADESH,0.000625877594257929,0.3514929545962872,0.926203012606367
Kachchh,GUJARAT,0.0017280112315217414,0.33949748063981605,0.7567813965994313
Banas Kantha,GUJARAT,0.0025771096120291207,0.17088350242540074,0.8481516672868243
Patan,GUJARAT,0.0011097398330303927,0.25400976894031246,0.8302904528950656
Mahesana,GUJARAT,0.0016806835159087759,0.27849935505189144,0.8008752265188805
Sabar Kantha,GUJARAT,0.0020056811477267436,0.18257396703093612,0.8426385307463903
Gandhinagar,GUJARAT,0.001149396935583641,0.45154157568931214,0.7469864420101218
Ahmadabad,GUJARAT,0.005957959571569734,0.8393629079503236,0.6138523982939562
Surendranagar,GUJARAT,0.00145043628953098,0.3192381911234164,0.812232804069719
Rajkot,GUJARAT,0.0031420426659401674,0.6109469384575523,0.7040273730670846
Jamnagar,GUJARAT,0.001783961779925029,0.4628739411286891,0.7545438278414763
Porbandar,GUJARAT,0.00048350051089561655,0.4769627176257817,0.7538127997518401
Junagadh,GUJARAT,0.002265409196067582,0.3701430202782645,0.800791433872316
Amreli,GUJARAT,0.0012505130909661365,0.27147113533497597,0.8302468669785569
Bhavnagar,GUJARAT,0.0023787861095771836,0.47955520732397316,0.752438561188356
Anand,GUJARAT,0.0017283201041837068,0.33587357935133694,0.8008992761325167
Kheda,GUJARAT,0.001899389310599497,0.2581033590235778,0.8266649608031584
Panch Mahals,GUJARAT,0.0019744528002216735,0.18364661091153822,0.8650339011957665
Dohad,GUJARAT,0.001756681056281441,0.14025614601704098,0.8875356248807695
Vadodara,GUJARAT,0.0034402352710484834,0.5586561057701998,0.7424909306015535
Narmada,GUJARAT,0.0004875042934229109,0.13873005381339287,0.892442086050361
Bharuch,GUJARAT,0.0012809287895423995,0.376183619781077,0.780546821243777
The Dangs,GUJARAT,0.00018853702907148392,0.1260693079271361,0.9024449662218061
Navsari,GUJARAT,0.001098126551285588,0.34563100626655846,0.7888152147518519
Valsad,GUJARAT,0.001408655893892403,0.47348567690829085,0.7442624943501261
Surat,GUJARAT,0.005022337204300891,0.8053307703077841,0.6230267255542866
Tapi,GUJARAT,0.0006664893941299792,0.11999231082571662,0.8859085686309055
Diu,DAMAN AND DIU,4.300597593364808e-05,0.48074270557029175,0.6335276493621321
Daman,DAMAN AND DIU,0.0001578826561655203,0.8592270572180251,0.5525631896879233
Dadra AND Nagar Haveli,DADRA AND NAGAR HAVELI,0.0002838564539343674,0.5567230173832308,0.6671470070374126
Nandurbar,MAHARASHTRA,0.0013612654127117653,0.17671575163205042,0.8487464130301325
Dhule,MAHARASHTRA,0.0016937304953572488,0.27612662871839483,0.8075974900235925
Jalgaon,MAHARASHTRA,0.0034933308119854223,0.3193441888615715,0.7979591902448635
Buldana,MAHARASHTRA,0.0021358940989016557,0.2098169164176481,0.8401620290304217
Akola,MAHARASHTRA,0.0014980373657084121,0.388860352811685,0.7771490520250608
Washim,MAHARASHTRA,0.0009886898288728758,0.1690242590208133,0.853201002963893
Amravati,MAHARASHTRA,0.0023854590804560072,0.34905188567627893,0.7904016388282229
Wardha,MAHARASHTRA,0.0010742607700410022,0.30927904009220386,0.7946568885544298
Nagpur,MAHARASHTRA,0.003843210036208985,0.6707007060715426,0.6533121214906621
Bhandara,MAHARASHTRA,0.0009913111171859189,0.20362327379649736,0.8250239996132572
Gondiya,MAHARASHTRA,0.0010922092448070269,0.17286004424149126,0.8260680991137527
Gadchiroli,MAHARASHTRA,0.0008861028119637485,0.11260428001450852,0.8594582723302918
Chandrapur,MAHARASHTRA,0.0018204550023499634,0.3408008412996327,0.7831910676450113
Yavatmal,MAHARASHTRA,0.0022895788947977377,0.21160534848872117,0.8359713774205796
Nanded,MAHARASHTRA,0.0027759657959435385,0.280598820468259,0.8084922819345699
Hingoli,MAHARASHTRA,0.0009723253588278392,0.14738948338250654,0.8550023574425678
Parbhani,MAHARASHTRA,0.0015163550011158768,0.3130776918773801,0.8063485438951205
Jalna,MAHARASHTRA,0.0016179030827074843,0.19506393811029574,0.8356547012004175
Aurangabad,MAHARASHTRA,0.0030567508663756353,0.43645085647287596,0.7534844692155198
Nashik,MAHARASHTRA,0.005043698143877721,0.4579401677240295,0.7512792482255811
Thane,MAHARASHTRA,0.00913416404944091,0.8026632940416252,0.593652732955815
Mumbai Suburban,MAHARASHTRA,0.007727566205477966,1.0,0.521970966160565
Mumbai,MAHARASHTRA,0.0025481259594310607,1.0,0.5218368166827053
Raigarh,MAHARASHTRA,0.002175487610024499,0.39327318910396775,0.7155612994523243
Pune,MAHARASHTRA,0.007787396656998668,0.6382518059977216,0.6566120862781372
Ahmadnagar,MAHARASHTRA,0.003752025706047868,0.21309516972897166,0.8199978698775923
Bid,MAHARASHTRA,0.00213489563085803,0.1939058449320112,0.8373014339885537
Latur,MAHARASHTRA,0.002026829014718581,0.26811376427517625,0.8093495919828939
Osmanabad,MAHARASHTRA,0.001368930244732355,0.17490730128766938,0.8392693886718072
Solapur,MAHARASHTRA,0.0035658737685479243,0.32545572640761233,0.7808662028994409
Satara,MAHARASHTRA,0.0024806777500655224,0.2060020236378119,0.8091540667019474
Ratnagiri,MAHARASHTRA,0.0013338252975607994,0.15769470190596252,0.8145064665502826
Sindhudurg,MAHARASHTRA,0.0007016950965549031,0.13199603328286919,0.8126336813720455
Kolhapur,MAHARASHTRA,0.003201044777140145,0.3246107482824761,0.7638654826603211
Sangli,MAHARASHTRA,0.002330702729563955,0.2656766701067036,0.7938080387270001
Adilabad,ANDHRA PRADESH,0.002263887131051533,0.2693460060607988,0.8843577622159533
Nizamabad,ANDHRA PRADESH,0.0021070524946935902,0.2153733593595984,0.8821258394374701
Karimnagar,ANDHRA PRADESH,0.003118679835099691,0.24718865851984073,0.8796232284147041
Medak,ANDHRA PRADESH,0.0025050795162235187,0.24771394392826548,0.8886430491303685
Hyderabad,ANDHRA PRADESH,0.0032566435080193753,1.0,0.6172648565729638
Rangareddy,ANDHRA PRADESH,0.004374380995751566,0.7232486316083422,0.7218106544116207
Mahbubnagar,ANDHRA PRADESH,0.003347244779091328,0.15945505759815448,0.9221882470257432
Nalgonda,ANDHRA PRADESH,0.0028812773340072748,0.1915083074911464,0.9081580934643273
Warangal,ANDHRA PRADESH,0.0029009056135712607,0.2753128739898394,0.8909248317994977
Khammam,ANDHRA PRADESH,0.002310243632091046,0.23128557071069633,0.909766110368556
Srikakulam,ANDHRA PRADESH,0.002232401114373914,0.1658666099313414,0.9110835260972604
Vizianagaram,ANDHRA PRADESH,0.0019362137039801754,0.20954378437227322,0.9010038948360506
Visakhapatnam,ANDHRA PRADESH,0.0035434375556933437,0.47884712978670957,0.8095925522433789
East Godavari,ANDHRA PRADESH,0.004256740978816656,0.25305245039826485,0.8818965203006295
West Godavari,ANDHRA PRADESH,0.0032513934986286965,0.1978077902053793,0.9077182077041225
Krishna,ANDHRA PRADESH,0.0037307506561952215,0.3840878825523222,0.8461360371711568
Guntur,ANDHRA PRADESH,0.004036662600264474,0.32414165598013883,0.8736803670703653
Prakasam,ANDHRA PRADESH,0.0028058256889008106,0.19684987242259155,0.9081426316050978
Sri Potti Sriramulu Nellore,ANDHRA PRADESH,0.002447491282021629,0.27726522868592246,0.8748570806091776
Y.S.R.,ANDHRA PRADESH,0.0023805237247664216,0.33198317371588737,0.8626672275292786
Kurnool,ANDHRA PRADESH,0.0033476040293799773,0.2814192797260814,0.8865868833035858
Anantapur,ANDHRA PRADESH,0.003370468039130007,0.2743678220033622,0.8821092061592918
Chittoor,ANDHRA PRADESH,0.0034472039007855523,0.3036345647955701,0.8716133480480358
Belgaum,KARNATAKA,0.003947343894016137,0.27005667279516293,0.8353060127150866
Bagalkot,KARNATAKA,0.001560675750519709,0.33803247482457194,0.8144943727975688
Bijapur,KARNATAKA,0.0017981765292772959,0.2484236667993706,0.8426430544903655
Bidar,KARNATAKA,0.001406691992314452,0.2626302314055105,0.827425050205132
Raichur,KARNATAKA,0.0015929339488522415,0.2750960846597989,0.8441917530230885
Koppal,KARNATAKA,0.0011478831291949177,0.19156283596278975,0.8549958208422515
Gadag,KARNATAKA,0.0008791886891670264,0.3832764785664379,0.8155764793541898
Dharwad,KARNATAKA,0.0015253874618215324,0.5866169603232431,0.7374537133832619
Uttara Kannada,KARNATAKA,0.0011869043174441195,0.2959422231208613,0.7757194475612068
Haveri,KARNATAKA,0.0013194544601520847,0.2381445193488795,0.8532673986562971
Bellary,KARNATAKA,0.002025506808483804,0.4039840893051902,0.7981366396276806
Chitradurga,KARNATAKA,0.0013704828666695071,0.21827302234502,0.8519024376061151
Davanagere,KARNATAKA,0.0016067134685444663,0.33166381189807254,0.8140316771186985
Shimoga,KARNATAKA,0.001447533382026145,0.36394119536695146,0.8027531791726211
Udupi,KARNATAKA,0.0009723385726315597,0.2998840132956571,0.7493306377051419
Chikmagalur,KARNATAKA,0.0009397995809699678,0.20581205118926882,0.8185212090164775
Tumkur,KARNATAKA,0.0022124697431870903,0.23004868339170698,0.8406943616617415
Bangalore,KARNATAKA,0.007946080400014741,0.908023354019021,0.5875093544667032
Mandya,KARNATAKA,0.0014913173206538342,0.1839491945609299,0.8620980299161929
Hassan,KARNATAKA,0.0014670799011796108,0.21125916363133385,0.8512048617556829
Dakshina Kannada,KARNATAKA,0.0017257632331638012,0.48804690815818125,0.6750362377349001
Kodagu,KARNATAKA,0.0004579565765785344,0.14927643749941308,0.756191360859251
Mysore,KARNATAKA,0.002478518944882695,0.41302218718715455,0.7778832865275442
Chamarajanagar,KARNATAKA,0.0008430332445996957,0.17881705639614856,0.8601771151556572
Gulbarga,KARNATAKA,0.0021194330029169132,0.3321677913757673,0.810484313205618
Yadgir,KARNATAKA,0.000969786656788049,0.20992034069088766,0.8618869844165243
Kolar,KARNATAKA,0.0012688563281183095,0.31624613439026483,0.8038144279239173
Chikkaballapura,KARNATAKA,0.0010365436190464617,0.22956441511147127,0.8451216320751301
Bangalore Rural,KARNATAKA,0.0008183663765045581,0.29225453498416354,0.7936917963828812
Ramanagara,KARNATAKA,0.0008941087252928721,0.24115366247470038,0.8286512847443954
North Goa,GOA,0.0006755623221095287,0.6436083657090828,0.4892983355257575
South Goa,GOA,0.0005289956371051031,0.6476243871598812,0.4933862968939182
Lakshadweep,LAKSHADWEEP,5.324584795425918e-05,0.7510121457489879,0.49979757085020243
Kasaragod,KERALA,0.0010797122899384177,0.3977070643003315,0.5974591357384158
Kannur,KERALA,0.0020836541517556153,0.648945132203755,0.5492207246137122
Wayanad,KERALA,0.0006750767148228024,0.042465861835762696,0.7323033237204982
Kozhikode,KERALA,0.0025488543703611503,0.6730473293912369,0.5345144154217998
Malappuram,KERALA,0.003396707349867878,0.4516229391882841,0.5926136740991971
Palakkad,KERALA,0.0023206197714625244,0.25543053488546313,0.6598832504302793
Thrissur,KERALA,0.002577682760765495,0.6798568640331905,0.5351519544454968
Ernakulam,KERALA,0.002710801922896172,0.685284044910534,0.532443680475152
Idukki,KERALA,0.000915860297942187,0.05048820050771883,0.7354223719829782
Kottayam,KERALA,0.0016307080843753264,0.28930298262506987,0.6228686742042567
Alappuzha,KERALA,0.001757261637782408,0.5419453904159572,0.5657119771444054
Pathanamthitta,KERALA,0.0009888979462814728,0.12234159546569665,0.6748547357396738
Kollam,KERALA,0.0021764579987352192,0.4339011814555792,0.5958693073069216
Thiruvananthapuram,KERALA,0.002726525523460767,0.5216107540990337,0.5673244116900884
Thiruvallur,TAMIL NADU,0.0030789021565874935,0.6540775553338163,0.6539202394335443
Chennai,TAMIL NADU,0.0038375627868439607,1.0,0.5430955864671543
Kancheepuram,TAMIL NADU,0.00330200732205439,0.6384033344760297,0.6555567537500987
Vellore,TAMIL NADU,0.0032508690757935416,0.4269060773480663,0.7217534473848912
Tiruvannamalai,TAMIL NADU,0.0020356484028392443,0.20708062796850865,0.8306657980731085
Viluppuram,TAMIL NADU,0.002856554307246325,0.164653876610904,0.8481946854883056
Salem,TAMIL NADU,0.002875700282974515,0.5105634885914665,0.7218479671539738
Namakkal,TAMIL NADU,0.0014259354198450803,0.40977459186210324,0.7498238279607067
Erode,TAMIL NADU,0.0018596314527928805,0.5125117935151076,0.7292177252928539
The Nilgiris,TAMIL NADU,0.0006073344983244843,0.5754491584786354,0.679054190431631
Dindigul,TAMIL NADU,0.0017836776831450395,0.3780071810769373,0.7790185039739977
Karur,TAMIL NADU,0.0008791250977366219,0.4179772446189749,0.7619484698831949
Tiruchirappalli,TAMIL NADU,0.0022482378581328653,0.4830500829596438,0.7339106596306418
Perambalur,TAMIL NADU,0.000466796611267511,0.1759300500551455,0.8620122310491392
Ariyalur,TAMIL NADU,0.0006234388216087748,0.11924790681028957,0.8685184820864249
Cuddalore,TAMIL NADU,0.0021521272567722204,0.3439421056727103,0.7916653006146972
Nagapattinam,TAMIL NADU,0.0013349658139944203,0.22931200988913356,0.8169181585628924
Thiruvarur,TAMIL NADU,0.0010441192578919383,0.21276939773971715,0.832615549222365
Thanjavur,TAMIL NADU,0.001986934889561097,0.36409901084723084,0.7791370309005615
Pudukkottai,TAMIL NADU,0.0013365308238725603,0.2068277834111533,0.8337069725388597
Sivaganga,TAMIL NADU,0.001105913610990592,0.316506674152386,0.7865283734274066
Madurai,TAMIL NADU,0.0025091790988277865,0.5865983268691591,0.691414426246623
Theni,TAMIL NADU,0.001028941552593544,0.5389249993302859,0.7517224049496929
Virudhunagar,TAMIL NADU,0.001604063275035785,0.5048725780020797,0.6949856510245033
Ramanathapuram,TAMIL NADU,0.0011177597860259694,0.30380908783694716,0.7879126426524863
Thoothukkudi,TAMIL NADU,0.001445405133764421,0.4721887618003609,0.7121738410872841
Tirunelveli,TAMIL NADU,0.002541372054004449,0.4853207622665115,0.7119221151194846
Kanniyakumari,TAMIL NADU,0.001544672182488787,0.8256758315901418,0.6009020309392625
Dharmapuri,TAMIL NADU,0.0012444454774702552,0.18672298668240675,0.8274402050384804
Krishnagiri,TAMIL NADU,0.0015524641973701859,0.2455506941812795,0.8046692976733895
Coimbatore,TAMIL NADU,0.0028558704929037924,0.7565338635881794,0.6282663004033182
Tiruppur,TAMIL NADU,0.00204735665879829,0.6012036991511976,0.6801239758363905
Yanam,PONDICHERRY,4.593944035958651e-05,1.0,0.6631384248210024
PONDICHERRY,PONDICHERRY,0.000784808270231027,0.700051883437501,0.7152094564088356
Mahe,PONDICHERRY,3.453427602337881e-05,1.0,0.6221182850364344
Karaikal,PONDICHERRY,0.00016535588803216357,0.48627637632873233,0.7679827153932482
Nicobars,ANDAMAN AND NICOBAR ISLANDS,3.042643479178597e-05,0.0,0.7065868613138686
North  AND Middle Andaman,ANDAMAN AND NICOBAR ISLANDS,8.720862696672881e-05,0.02722408859027,0.760093428478063
South Andaman,ANDAMAN AND NICOBAR ISLANDS,0.00019667260284961442,0.591953888603096,0.5984261507423729
