Company name,Symbol,Sector
Abans Electricals,CSE: ABAN.N0000,Consumer Durables
Abans Finance,CSE: AFSL.N0000,Finance
Access Engineering,CSE: AEL.N0000,Industrial Services
ACL Cables,CSE: ACL.N0000,Producer Manufacturing
ACL Plastics,CSE: APLA.N0000,Process Industries
ACME Printing & Packaging,CSE: ACME.N0000,Producer Manufacturing
Agalawatte Plantations,CSE: AGAL.N0000,Process Industries
Agarapatana Plantations,CSE: AGPL.N0000,Process Industries
Agstar,CSE: AGST.N0000,Process Industries
Aitken Spence Hotel Holdings,CSE: AHUN.N0000,Consumer Services
Aitken Spence Plantation Managements,CSE: ASPM.N0000,Consumer Non-Durables
Aitken Spence,CSE: SPEN.N0000,Consumer Services
Alliance Finance Company,CSE: ALLI.N0000,Finance
Alpha Fire Services,CSE: AFS.N0000,Industrial Services
Alumex,CSE: ALUM.N0000,Non-Energy Minerals
Amana Bank,CSE: ABL.N0000,Finance
Amana Takaful,CSE: ATL.N0000,Finance
Amana Takaful Life,CSE: ATLL.N0000,Finance
Ambeon Capital,CSE: TAP.N0000,Technology Services
Ambeon Holdings,CSE: GREG.N0000,Commercial Services
AMW Capital Leasing & Finance,CSE: AMCL.N0000,Finance
Arpico Insurance,CSE: AINS.N0000,Finance
Asia Asset Finance,CSE: AAF.N0000,Finance
Asia Capital,CSE: ACAP.N0000,Finance
Asia Siyaka Commodities,CSE: ASIY.N0000,Distribution Services
Asian Hotels & Properties,CSE: AHPL.N0000,Consumer Services
Asiri Hospital Holdings,CSE: ASIR.N0000,Health Services
Asiri Surgical Hospital,CSE: AMSL.N0000,Health Services
Associated Motor Finance Company,CSE: AMF.N0000,Finance
B P P L Holdings,CSE: BPPL.N0000,Producer Manufacturing
Bairaha Farms,CSE: BFL.N0000,Process Industries
Balangoda Plantations,CSE: BALA.N0000,Process Industries
Bansei Royal Resorts Hikkaduwa,CSE: BRR.N0000,Consumer Services
Beruwala Resorts,CSE: BERU.N0000,Consumer Services
Blue Diamonds Jewellery Worldwide,CSE: BLUE.N0000,Consumer Durables
Bogala Graphite Lanka,CSE: BOGA.N0000,Producer Manufacturing
Bogawantalawa Tea Estates,CSE: BOPL.N0000,Non-Energy Minerals
Brown and Company,CSE: BRWN.N0000,Distribution Services
Browns Beach Hotels,CSE: BBH.N0000,Consumer Services
Browns Investments,CSE: BIL.N0000,Process Industries
Bukit Darah,CSE: BUKI.N0000,Producer Manufacturing
C M Holdings,CSE: COLO.N0000,Consumer Services
C T Holdings,CSE: CTHR.N0000,Consumer Services
C T Land Development,CSE: CTLD.N0000,Finance
C. W. Mackie,CSE: CWM.N0000,Producer Manufacturing
Capital Alliance,CSE: CALT.N0000,Finance
Cargills (Ceylon),CSE: CARG.N0000,Retail Trade
Cargills Bank,CSE: CBNK.N0000,Finance
Cargo Boat Development Company,CSE: CABO.N0000,Finance
Carson Cumberbatch,CSE: CARS.N0000,Distribution Services
Central Finance Company,CSE: CFIN.N0000,Finance
Central Industries,CSE: CIND.N0000,Producer Manufacturing
Ceylinco Insurance,CSE: CINS.N0000,Finance
Ceylon Beverage Holdings,CSE: BREW.N0000,Consumer Non-Durables
Ceylon Cold Stores,CSE: CCS.N0000,Consumer Non-Durables
Ceylon Grain Elevators,CSE: GRAN.N0000,Process Industries
Ceylon Guardian Investment Trust,CSE: GUAR.N0000,Miscellaneous
Ceylon Hospitals,CSE: CHL.N0000,Health Services
Ceylon Hotels Corporation,CSE: CHOT.N0000,Consumer Services
Ceylon Investment,CSE: CINV.N0000,Finance
Ceylon Printers,CSE: CPRT.N0000,Commercial Services
Ceylon Tea Brokers,CSE: CTBL.N0000,Distribution Services
Ceylon Tobacco Company,CSE: CTC.N0000,Consumer Non-Durables
Chemanex,CSE: CHMX.N0000,Process Industries
Chevron Lubricants Lanka,CSE: LLUB.N0000,Energy Minerals
Chrissworld,CSE: CWL.N0000,Transportation
CIC Holdings,CSE: CIC.N0000,Producer Manufacturing
Citizens Development Business Finance,CSE: CDB.N0000,Finance
Citrus Leisure,CSE: REEF.N0000,Miscellaneous
Co-Operative Insurance Company,CSE: COOP.N0000,Finance
Colombo City Holdings,CSE: PHAR.N0000,Finance
Colombo Dockyard,CSE: DOCK.N0000,Producer Manufacturing
Colombo Fort Investments,CSE: CFI.N0000,Finance
Colombo Investment Trust,CSE: CIT.N0000,Miscellaneous
Colombo Land and Development Company,CSE: CLND.N0000,Finance
Commercial Bank of Ceylon,CSE: COMB.N0000,Finance
Commercial Credit & Finance,CSE: COCR.N0000,Finance
Commercial Development Company,CSE: COMD.N0000,Finance
Convenience Foods (Lanka),CSE: SOY.N0000,Consumer Non-Durables
Dankotuwa Porcelain,CSE: DPL.N0000,Consumer Durables
DFCC Bank,CSE: DFCC.N0000,Finance
Dialog Axiata,CSE: DIAL.N0000,Communications
Dialog Finance,CSE: CALF.N0000,Finance
Diesel & Motor Engineering,CSE: DIMO.N0000,Retail Trade
Digital Mobility Solutions Lanka,CSE: PKME.N0000,Technology Services
Dilmah Ceylon Tea Company,CSE: CTEA.N0000,Consumer Non-Durables
Dipped Products,CSE: DIPD.N0000,Producer Manufacturing
Distilleries Company of Sri Lanka,CSE: DIST.N0000,Consumer Non-Durables
Dolphin Hotels,CSE: STAF.N0000,Consumer Services
E. B. Creasy & Company,CSE: EBCR.N0000,Process Industries
E M L Consultants,CSE: EML.N0000,Commercial Services
E-Channelling,CSE: ECL.N0000,Technology Services
East West Properties,CSE: EAST.N0000,Finance
Eastern Merchants,CSE: EMER.N0000,Miscellaneous
Eden Hotel Lanka,CSE: EDEN.N0000,Consumer Services
Elpitiya Plantations,CSE: ELPL.N0000,Non-Energy Minerals
Equity Two,CSE: ETWO.N0000,Finance
Ex-pack Corrugated Cartons,CSE: PACK.N0000,Process Industries
Expolanka Holdings,CSE: EXPO.N0000,Transportation
Exterminators,CSE: EXT.N0000,Commercial Services
First Capital Holdings,CSE: CFVF.N0000,Miscellaneous
First Capital Treasuries,CSE: FCT.N0000,Finance
Galadari Hotels (Lanka),CSE: GHLL.N0000,Consumer Services
Galle Face Capital Partners,CSE: WAPO.N0000,Finance
Gestetner of Ceylon,CSE: GEST.N0000,Distribution Services
Greentech Energy,CSE: MEL.N0000,Energy Minerals
Hapugastenne Plantations,CSE: HAPU.N0000,Process Industries
Harischandra Mills,CSE: HARI.N0000,Consumer Non-Durables
Hatton National Bank,CSE: HNB.N0000,Finance
Hatton Plantations,CSE: HPL.N0000,Consumer Non-Durables
Haycarb,CSE: HAYC.N0000,Producer Manufacturing
Hayleys Fabric,CSE: MGT.N0000,Process Industries
Hayleys Fibre,CSE: HEXP.N0000,Process Industries
Hayleys Leisure,CSE: CONN.N0000,Consumer Services
Hayleys,CSE: HAYL.N0000,Producer Manufacturing
Hela Apparel Holdings,CSE: HELA.N0000,Consumer Non-Durables
Hemas Holdings,CSE: HHL.N0000,Health Services
Hikkaduwa Beach Resort,CSE: CITH.N0000,Consumer Services
HNB Assurance,CSE: HASU.N0000,Finance
HNB Finance,CSE: HNBF.N0000,Finance
Horana Plantations,CSE: HOPL.N0000,Process Industries
Hotel Sigiriya,CSE: HSIG.N0000,Consumer Services
HDFC Bank of Sri Lanka,CSE: HDFC.N0000,Finance
hSenid Business Solutions,CSE: HBS.N0000,Technology Services
Hunas Holdings,CSE: HUNA.N0000,Consumer Services
Hunters & Company,CSE: HUNT.N0000,Finance
HVA Foods,CSE: HVA.N0000,Consumer Non-Durables
Industrial Asphalts (Lanka),CSE: ASPH.N0000,Non-Energy Minerals
Janashakthi Insurance,CSE: JINS.N0000,Finance
JAT Holdings,CSE: JAT.N0000,Finance
Jetwing Symphony,CSE: JETS.N0000,Consumer Services
John Keells Holdings,CSE: JKH.N0000,Retail Trade
John Keells Hotels,CSE: KHL.N0000,Consumer Services
John Keells,CSE: JKL.N0000,Finance
Kahawatte Plantations,CSE: KAHA.N0000,Process Industries
Kapruka Holdings,CSE: KPHL.N0000,Retail Trade
Keells Food Products,CSE: KFP.N0000,Distribution Services
Kegalle Plantations,CSE: KGAL.N0000,Process Industries
Kelani Cables,CSE: KCAB.N0000,Producer Manufacturing
Kelani Tyres,CSE: TYRE.N0000,Consumer Durables
Kelani Valley Plantations,CSE: KVAL.N0000,Process Industries
Kelsey Developments,CSE: KDL.N0000,Finance
Kotagala Plantations,CSE: KOTA.N0000,Non-Energy Minerals
Kotmale Holdings,CSE: LAMB.N0000,Consumer Non-Durables
LB Finance,CSE: LFIN.N0000,Finance
Lake House Printers & Publishers,CSE: LPRT.N0000,Commercial Services
Lanka Aluminium Industries,CSE: LALU.N0000,Non-Energy Minerals
Lanka Ashok Leyland,CSE: ASHO.N0000,Consumer Durables
Lanka Ceramic,CSE: CERA.N0000,Consumer Durables
Lanka Credit & Business Finance,CSE: LCBF.N0000,Finance
Lanka IOC,CSE: LIOC.N0000,Distribution Services
Lanka Milk Foods (CWE),CSE: LMF.N0000,Consumer Non-Durables
Lanka Realty Investments,CSE: ASCO.N0000,Non-Energy Minerals
Lanka Tiles,CSE: TILE.N0000,Producer Manufacturing
Lanka Ventures,CSE: LVEN.N0000,Miscellaneous
Lanka Walltiles,CSE: LWL.N0000,Producer Manufacturing
Lankem Ceylon,CSE: LCEY.N0000,Process Industries
Lankem Developments,CSE: LDEV.N0000,Consumer Non-Durables
LAUGFS Gas,CSE: LGL.N0000,Distribution Services
LAUGFS Power,CSE: LPL.N0000,Utilities
Laxapana Batteries,CSE: LITE.N0000,Producer Manufacturing
Lee Hedges,CSE: SHAW.N0000,Finance
Lion Brewery Ceylon,CSE: LION.N0000,Consumer Non-Durables
LOLC Finance,CSE: LOFC.N0000,Finance
LOLC General Insurance,CSE: LGIL.N0000,Finance
LOLC Holdings,CSE: LOLC.N0000,Finance
Lotus Hydro Power,CSE: HPFL.N0000,Utilities
Luminex,CSE: LUMX.N0000,Industrial Services
LVL Energy Fund,CSE: LVEF.N0000,Finance
Madulsima Plantations,CSE: MADU.N0000,Process Industries
Maharaja Foods,CSE: MFPE.N0000,Process Industries
Mahaweli Coconut Plantations,CSE: MCPL.N0000,Process Industries
Mahaweli Reach Hotels,CSE: MRH.N0000,Consumer Services
Malwatte Valley Plantations,CSE: MAL.N0000,Process Industries
Marawila Resorts,CSE: MARA.N0000,Consumer Services
Maskeliya Plantations,CSE: MASK.N0000,Process Industries
Melstacorp,CSE: MELS.N0000,Consumer Non-Durables
Mercantile Investments and Finance,CSE: MERC.N0000,Finance
Mercantile Shipping Company,CSE: MSL.N0000,Transportation
Merchant Bank of Sri Lanka & Finance,CSE: MBSL.N0000,Finance
Millennium Housing Developers,CSE: MHDL.N0000,Consumer Durables
Muller & Phipps (Ceylon),CSE: MULL.N0000,Health Technology
Multi Finance,CSE: MFL.N0000,Finance
Myland Development,CSE: MDL.N0000,Finance
Namunukula Plantations,CSE: NAMU.N0000,Process Industries
Nation Lanka Finance,CSE: CSF.N0000,Finance
National Development Bank,CSE: NDB.N0000,Finance
Nations Trust Bank,CSE: NTB.N0000,Finance
Nawaloka Hospitals,CSE: NHL.N0000,Health Services
Odel,CSE: ODEL.N0000,Retail Trade
Office Equipment,CSE: OFEQ.N0000,Distribution Services
On'ally Holdings,CSE: ONAL.N0000,Finance
Orient Finance,CSE: BFN.N0000,Finance
Overseas Realty (Ceylon),CSE: OSEA.N0000,Finance
Palm Garden Hotels,CSE: PALM.N0000,Consumer Services
Pan Asia Banking Corporation,CSE: PABC.N0000,Finance
Panasian Power,CSE: PAP.N0000,Utilities
Paragon Ceylon,CSE: PARA.N0000,Producer Manufacturing
Pegasus Hotels of Ceylon,CSE: PEG.N0000,Consumer Services
People's Insurance,CSE: PINS.N0000,Finance
People's Leasing & Finance,CSE: PLC.N0000,Finance
PGP Glass Ceylon,CSE: GLAS.N0000,Process Industries
PMF Finance,CSE: PMB.N0000,Finance
Prime Lands Residencies,CSE: PLR.N0000,Finance
Printcare,CSE: CARE.N0000,Commercial Services
R I L Property,CSE: RIL.N0000,Finance
Radiant Gems International,CSE: RGEM.N0000,Consumer Durables
Raigam Wayamba Salterns,CSE: RWSL.N0000,Consumer Non-Durables
Ramboda Falls,CSE: RFL.N0000,Consumer Services
Regnis (Lanka),CSE: REG.N0000,Consumer Durables
Renuka Agri Foods,CSE: RAL.N0000,Consumer Non-Durables
Renuka City Hotels,CSE: RENU.N0000,Consumer Services
Renuka Foods,CSE: COCO.N0000,Producer Manufacturing
Renuka Holdings,CSE: RHL.N0000,Miscellaneous
Renuka Hotels,CSE: RCH.N0000,Consumer Services
Resus Energy,CSE: HPWR.N0000,Utilities
Richard Pieris and Company,CSE: RICH.N0000,Producer Manufacturing
Richard Pieris Exports,CSE: REXP.N0000,Producer Manufacturing
Royal Ceramics Lanka,CSE: RCL.N0000,Producer Manufacturing
Royal Palms Beach Hotels,CSE: RPBH.N0000,Consumer Services
Sampath Bank,CSE: SAMP.N0000,Finance
Samson International,CSE: SIL.N0000,Process Industries
Sanasa Development Bank,CSE: SDB.N0000,Finance
Sarvodaya Development Finance,CSE: SDF.N0000,Finance
Sathosa Motors,CSE: SMOT.N0000,Distribution Services
Senkadagala Finance,CSE: SFCL.N0000,Finance
Serendib Engineering Group,CSE: IDL.N0000,Industrial Services
Serendib Hotels,CSE: SHOT.N0000,Consumer Services
Serendib Land,CSE: SLND.N0000,Finance
Seylan Bank,CSE: SEYB.N0000,Finance
Seylan Developments,CSE: CSD.N0000,Finance
Shaw Wallace Investments,CSE: KZOO.N0000,Finance
Sierra Cables,CSE: SIRA.N0000,Electronic Technology
Sigiriya Village Hotels,CSE: SIGV.N0000,Consumer Services
Singer (Sri Lanka),CSE: SINS.N0000,Retail Trade
Singer Finance (Lanka),CSE: SFIN.N0000,Finance
Singer Industries (Ceylon),CSE: SINI.N0000,Consumer Durables
Singhe Hospitals,CSE: SINH.N0000,Health Services
SMB Finance,CSE: SEMB.N0000,Finance
Softlogic Capital,CSE: SCAP.N0000,Finance
Softlogic Finance,CSE: CRL.N0000,Finance
Softlogic Holdings,CSE: SHL.N0000,Retail Trade
Softlogic Life Insurance,CSE: AAIC.N0000,Finance
Sri Lanka Telecom,CSE: SLTL.N0000,Communications
Standard Capital,CSE: SING.N0000,Finance
Sunshine Holdings,CSE: SUN.N0000,Retail Trade
Swadeshi Industrial Works,CSE: SWAD.N0000,Consumer Non-Durables
Swisstek (Ceylon),CSE: PARQ.N0000,Non-Energy Minerals
TAL Lanka Hotels,CSE: TAJ.N0000,Consumer Services
Talawakelle Tea Estates,CSE: TPL.N0000,Consumer Non-Durables
Tangerine Beach Hotels,CSE: TANG.N0000,Consumer Services
Tea Smallholder Factories,CSE: TSML.N0000,Consumer Non-Durables
Teejay Lanka,CSE: TJL.N0000,Consumer Non-Durables
Tess Agro,CSE: TESS.N0000,Commercial Services
The Autodrome,CSE: AUTO.N0000,Distribution Services
The Colombo Fort Land & Building,CSE: CFLB.N0000,Finance
The Fortress Resorts,CSE: RHTL.N0000,Consumer Services
The Kandy Hotels Company (1938),CSE: KHC.N0000,Consumer Services
The Kingsbury,CSE: SERV.N0000,Consumer Services
The Lanka Hospitals Corporation,CSE: LHCL.N0000,Health Services
The Lighthouse Hotel,CSE: LHL.N0000,Consumer Services
The Nuwara Eliya Hotels Company,CSE: NEH.N0000,Consumer Services
Three Acre Farms,CSE: TAFL.N0000,Process Industries
Tokyo Cement Company (Lanka),CSE: TKYO.N0000,Non-Energy Minerals
Trans Asia Hotels,CSE: TRAN.N0000,Consumer Services
UB Finance,CSE: UBF.N0000,Finance
Udapussellawa Plantations,CSE: UDPL.N0000,Consumer Non-Durables
Union Assurance,CSE: UAL.N0000,Finance
Union Bank of Colombo,CSE: UBC.N0000,Finance
Union Chemicals Lanka,CSE: UCAR.N0000,Process Industries
Unisyst Engineering,CSE: ALUF.N0000,Industrial Services
United Motors Lanka,CSE: UML.N0000,Retail Trade
Vallibel Finance,CSE: VFIN.N0000,Finance
Vallibel One,CSE: VONE.N0000,Distribution Services
Vallibel Power Erathna,CSE: VPEL.N0000,Utilities
Vidullanka,CSE: VLL.N0000,Utilities
Waskaduwa Beach Resort,CSE: CITW.N0000,Consumer Services
Watawala Plantations,CSE: WATA.N0000,Consumer Non-Durables
WindForce,CSE: WIND.N0000,Utilities
York Arcade Holdings,CSE: YORK.N0000,Finance
