Company,What is the total electricity consumption from renewable sources?,What is the total energy consumed (in Joules)?,What is the gender diversity percentage among permanent employees?,What is the total volume of water withdrawn?,What are the total Scope 1 Greenhouse Gas emissions?
Company 0,0.0,5633398.22,0.0122,1856449.0,337.0
Company 1,3002.88,4893487.36,0.0788,12693.42,242656.83
Company 2,0.0,12175.36,0.0364,66591.0,460.86
Company 3,17960.27,194224.09,0.4984,443640.0,468.77
Company 4,0.0,12896.12,0.39,9805.0,195.29
Company 5,79967.88,124849890.93,0.0174,26943022.52,20098263.61
Company 6,252831.02,16587213.84,0.0141,6241902.45,1266483.61
Company 7,3911.18,298702.64,0.0872,566264.79,316.89
Company 8,157681.0,1283756.0,0.0278,524683.0,43676.0
Company 9,5300.56,94669.49,0.0746,11273.0,718.86
Company 10,1495989.0,50501905.0,0.2558,27756734.0,4467830.0
Company 11,0.0,0.0,0.144,0.0,
Company 12,99336.34,402471.35,0.1173,350860.66,9470.17
Company 13,50521.0,624303.0,0.1185,1034597.0,1868.0
Company 14,0.39,47.94,0.3176,0.0,
Company 15,,,0.1847,0.0,
Company 16,108343213.2,459212802.4,0.0146,538018.0,
Company 17,0.0,6942632.0,0.1027,0.0,
Company 18,0.0,31675.24,0.1899,30585.0,200.0
Company 19,0.0,61335.0,0.1768,0.0,4256.87
Company 20,84726.21,394459.14,0.0433,377992.0,
Company 21,39281.0,139649.0,0.027,142910.0,769.0
Company 22,,,0.0635,355471.0,22051.43
Company 23,41411.0,267298.0,0.2034,1265201.0,7588.0
Company 24,3212939.0,308013510.0,0.2139,11769.0,574.0
Company 25,0.0,146957.81,0.0641,122389.08,1332.31
Company 26,0.0,385.1,0.2,496.8,20.97
Company 27,0.0,38931250.25,0.0012,6870255.0,3121454.23
Company 28,1924037.0,61232806.0,0.0555,32451.0,2170.65
Company 29,17887.0,118454.63,0.0833,101827.0,
Company 30,530.96,3980.14,0.0635,7855544.89,158998.0
Company 31,0.0,43420.0,0.3119,19946.12,191.99
Company 32,25421.0,155076.0,0.0368,861793.0,96854.0
Company 33,340.13,603699.87,0.066,4088380.4,52849.92
Company 34,75932.64,2293690.36,0.0126,10501.13,
Company 35,18329.59,1021304.18,0.3251,984952.8,11272.51
Company 36,1155852.0,1155852.0,0.1874,13583.0,
Company 37,0.0,312327.06,0.3549,540151.13,4518.16
Company 38,1109533.0,71419552.0,0.0539,4141552.0,14737570.0
Company 39,2272.07,32957.41,0.2435,19025.0,39.79
Company 40,0.0,2722654.92,0.003,3732778.0,214342.13
Company 41,0.0,721358.25,0.0362,655615.0,
Company 42,3343.52,103512.03,0.148,132267.45,2081.57
Company 43,26296.0,28566.0,0.043,11606.0,171.71
Company 44,21689.0,2696106.0,0.1958,128286.0,23218.0
Company 45,0.0,104678.26,0.1117,17848.06,2052.1
Company 46,312379.08,697738.69,0.1965,584959.0,6941.54
Company 47,1633714772.47,8078385954.66,0.0273,3472565.0,595010.0
Company 48,0.0,18334851.07,0.1464,10904.5,0.0
Company 49,0.0,138098870.0,0.06,17296.0,7316.37
Company 50,172731.82,1898004.6,0.0646,443989.0,2157.0
Company 51,1993.4,67153.9,0.2871,534052.8,93.4
Company 52,0.0,587701.55,0.0616,141720.0,31334.0
Company 53,28238.0,39717.91,0.117,26019.0,1183.47
Company 54,0.0,180390.47,0.1261,343305.0,1365.43
Company 55,36401.52,106614.15,0.1314,56863.0,295.5
Company 56,26803.73,485087.04,0.0602,94086.0,1657.22
Company 57,35983177.0,851214381.0,0.2323,503608.0,26047.0
Company 58,7614.56,24005.49,0.0603,115780.0,306.24
Company 59,0.0,376077.0,0.0203,85265.0,487.0
Company 60,,,,,
Company 61,105.0,1421.0,0.0901,388962.0,54519.0
Company 62,48954.0,198543.0,0.0146,96219.0,4773.0
Company 63,56300.0,70258.0,0.2439,46701.0,653.23
Company 64,105223.0,17892903.0,0.0949,1616271.0,1702995.0
Company 65,13476.08,3053863.54,0.0502,2765681.65,110731.1
Company 66,,,0.0,0.0,
Company 67,0.0,133829.0,0.063,55464.0,2009.0
Company 68,57887.82,770531.08,0.0688,329361.64,30127.38
Company 69,323398.0,3283998.0,0.1122,2071058.0,63388.0
Company 70,157554.0,1430762.0,0.0584,296168.0,29061.0
Company 71,6988.91,56278.65,0.0821,43837.94,1498.16
Company 72,4392.96,540703.89,0.0809,462385.0,23673.09
Company 73,1772.98,13023.57,0.2667,3467.5,
Company 74,222192.0,479722.0,0.1191,263895.0,
Company 75,,,0.0,0.0,
Company 76,0.0,38709.01,0.3885,50025.0,1126.6
Company 77,0.0,771.0,0.1804,1800.0,12.6
Company 78,0.0,945398.0,0.0275,0.0,
Company 79,8830.45,108514.88,0.1489,288502.71,1552.0
Company 80,46900.0,231598.0,0.1116,135070.0,1601.0
Company 81,80.51,2251.85,0.335,4499.34,8.03
Company 82,489804.95,228151533.52,0.0564,156314699.23,32085981.42
Company 83,13896698400.0,50202295833.59,0.2127,683258.42,2199.99
Company 84,0.25,3999.66,0.0245,3365359.0,338239.0
Company 85,20561.0,24939372.0,0.025,14865690.0,1503917.0
Company 86,277828.0,1388213.0,0.0281,907155.0,31243.0
Company 87,511086.0,6361345.0,0.0887,5036970.0,256451.0
Company 88,0.0,12754.09,0.2387,12906.0,25.59
Company 89,1659489.0,11873758.0,0.0591,52414.0,38349600.0
Company 90,17283.0,1764292.0,0.2247,926067.0,32796.0
Company 91,0.0,5916.0,0.1829,0.0,21.0
Company 92,114688.06,3878561.63,0.0249,272718.33,298651.43
Company 93,102516.0,2622794.0,0.1698,7230916.0,79331.0
Company 94,0.0,6981.11,0.077,12464900.0,75.16
Company 95,1111.87,18254.6,0.1095,7073.0,528.09
Company 96,498.74,13112.1,0.0418,1135296.63,3451629.0
Company 97,1492328.0,111691853.0,0.0313,3668287.0,22594612.0
Company 98,2555.0,1096564.0,0.2535,1211828.0,10075.0
Company 99,0.0,210866.0,0.0638,4887800.0,7068.59
Company 100,0.0,280633.39,0.2211,0.0,
Company 101,211.79,435.3,0.0682,240167.0,9208.4
Company 102,950.51,57520030.47,0.095,84057523.0,5515193.14
Company 103,116.69,70562.99,0.1968,0.0,601.8
Company 104,386690.0,3007598.0,0.0768,7201000.0,38866.0
Company 105,0.0,780.52,0.5533,3729.47,0.0
Company 106,13933.0,199202.0,0.0705,163323.0,15680.0
Company 107,1744.0,11114.33,0.0538,20128.66,621.97
Company 108,352497.0,10536478.0,0.099,5543209.0,750616.0
Company 109,215759.0,2211447.0,0.0427,312204.0,100686.0
Company 110,230101.0,1430920.0,0.106,1482966.0,79686.0
Company 111,683014.0,361222833.0,0.1046,3704563485.0,26066679.0
Company 112,319.49,95129.57,0.0855,581006.07,233.71
Company 113,0.0,115497.16,0.1439,138128.0,2798.92
Company 114,0.0,698.53,0.0388,88.0,0.0
Company 115,696.0,70736.0,0.2721,118835.0,2680.99
Company 116,2.72,1967.93,0.0365,51864.96,106825.14
Company 117,18487713.0,18583180.0,0.3856,38030153.0,
Company 118,34.0,503.0,0.2543,468556.0,41722.0
Company 119,1484.0,395395.0,0.0268,1146186.0,116135.0
Company 120,16847.0,427444.0,0.0826,144909.0,5700.0
Company 121,6160.0,227453.0,0.0633,81703.87,10375.41
Company 122,384000.0,3885000.0,0.0457,62606.7,856128.0
Company 123,8.11,44.27,0.0135,24749.0,
Company 124,47976815.52,539842081.37,0.0552,939809.0,7841.88
Company 125,651116.0,3294221.0,0.1302,3050611.0,80319.0
Company 126,0.0,762433200000.0,0.1861,43.6,1.4
Company 127,58.34,16974.37,0.0808,149301.0,5.29
Company 128,12192.57,371463.4,0.0753,195043.4,31818.0
Company 129,0.0,6506449.0,0.0256,6964735.0,243947.0
Company 130,0.0,136.49,0.014,0.0,
Company 131,14800.31,32045.76,0.3167,93911.0,670.0
Company 132,51310.0,2333800.0,0.1809,13789.0,0.0
Company 133,280.79,2613.46,0.0181,332068.0,2000950.0
Company 134,0.0,0.0,0.0,0.0,
Company 135,11779.61,65959.43,0.0604,72422.56,29303.26
Company 136,10659.0,2413420.0,0.0665,448461.0,128853.0
Company 137,11763.2,19815.17,0.3017,19386.0,546.43
Company 138,12680.8,162032.0,0.0499,138431.0,5881.0
Company 139,39945.0,793655.46,0.0848,1352877.0,9392.0
Company 140,0.0,62464.79,0.1112,38822.0,1269.33
Company 141,0.0,11487.65,0.2356,8507.35,156.5
Company 142,0.0,86899.89,0.0727,10524.9,1332.52
Company 143,21617.0,322531.6,0.5169,535991.0,5352.6
Company 144,0.0,13.82,0.1609,2609.28,
Company 145,530790.0,2697120.0,0.0242,992253.0,78486.0
Company 146,7501.0,190730.0,0.0368,41060.0,1558.0
Company 147,10109.82,14644675.24,0.0408,4577381.33,259274.29
Company 148,17300.1,739446.43,0.0869,81497.0,0.0
Company 149,0.0,20144047721.0,0.069,1004448.0,0.29
Company 150,49.72,43406.09,0.0765,440.0,3080.78
Company 151,10981.32,15589.09,0.2313,300.38,74.08
Company 152,49212.22,1048409.64,0.0714,1728858.92,61095.06
Company 153,25109.0,475572.0,0.2732,263789.9,14701.1
Company 154,0.21,253.73,0.0945,101441.0,14224.94
Company 155,5305.02,107249.0,0.0191,2789401.48,22031434.96
Company 156,872.66,232776.34,0.306,126285.75,2508.84
Company 157,37141.16,39575.94,0.0726,55152.69,94.54
Company 158,1513.18,367105.18,0.1963,548048.0,20424.64
Company 159,27351.58,680540.74,0.125,1677472.29,21836.38
Company 160,0.39,57.5,0.057,47730.0,1147.49
Company 161,209521.0,277275.0,0.3088,387790.03,1764.0
Company 162,3699.24,11499.92,0.112,15040.0,66.92
Company 163,4.0,606.0,0.3789,873887.0,29567.0
Company 164,1147519.68,623812739.43,0.0946,110622895.53,64.0
Company 165,0.0,224.69,0.153,8933.61,0.0
Company 166,0.0,175.88,0.05,361.34,0.0
Company 167,2315650.0,26360952.0,0.1044,19668739.0,1082357.0
Company 168,2724354.0,55303031.0,0.0374,3873117.0,12725657.0
Company 169,133.77,382609.21,0.2441,394483.5,128.58
Company 170,0.0,490350.09,0.0884,118300.0,604.94
Company 171,0.0,128771.17,0.1385,1029253.5,319.79
Company 172,67184.0,8230821.0,0.0649,2990134.0,657.4
Company 173,0.0,14925.01,0.2828,24502.89,40.8
Company 174,,,0.1667,125.0,
Company 175,,,0.2084,0.0,
Company 176,58582.35,63491.22,0.0697,148600.0,
Company 177,0.0,10417369.0,0.0372,2413279.0,652661.0
Company 178,495.31,2044.25,0.2513,4286977.0,5389.81
Company 179,11694056.0,728626771.0,0.2336,233178540.0,68218241.0
Company 180,666.0,71792.0,0.0461,74817.0,753.9
Company 181,46312.0,481641954.0,0.065,208465383.0,36459294.0
Company 182,0.0,6141955082.0,0.3057,17089.56,0.0
Company 183,9208.29,263928.54,0.0624,175510.0,4482.77
Company 184,0.0,9864.39,0.4145,9858.11,0.0
Company 185,7376.4,176807.4,0.052,50599.0,6780.0
Company 186,519917.14,591415.09,0.0636,123834.92,4974.9
Company 187,1438.8,1450033.45,0.0702,388780.1,23982.6
Company 188,292086.5,967846.05,0.3204,1573448.0,26337.16
Company 189,108095.0,8964217.0,0.0383,1523477.0,437311.0
Company 190,23314.0,384153.0,0.0561,285437.0,6145.0
Company 191,,,0.0732,0.0,
Company 192,165617.0,1654832.0,0.0929,3017030.0,49785.0
Company 193,1974.5,2473.15,0.0312,248281.0,45920.0
Company 194,1859568.0,254207171.0,0.1273,75016845.99,24910000.0
Company 195,2128.0,13211.0,0.1143,13326.0,380.0
Company 196,10.0,8669.0,0.2356,8280.0,58.0
Company 197,13307.0,166151.0,0.1385,661519.0,1548.0
Company 198,0.0,1520.42,0.1719,44.82,
Company 199,22516.12,168323.85,0.1068,124289.0,480.49
Company 200,688424.0,237259675.16,0.0223,38579.26,
Company 201,0.0,1019625.0,0.0325,655380.0,71192.0
Company 202,9239.89,139599.71,0.0404,86576.0,
Company 203,23259.5,898395.26,0.0807,827491.5,57524.5
Company 204,342.0,78971344.0,0.3348,144856.0,120269.0
Company 205,0.0,14235.08,0.0347,59886.0,0.0
Company 206,523.85,1008115541.19,0.0333,965535620.0,90065058.43
Company 207,0.0,255766274704.0,0.0058,82653.0,
Company 208,6767.77,395292.07,0.0766,660884.0,27993.75
Company 209,92296.8,74131715.46,0.0551,87154.17,170806.0
Company 210,9559486.08,19118972.16,0.1803,2686.73,
Company 211,0.0,1801.75,0.163,0.0,11.68
Company 212,73.64,300761.4,0.0836,229891269.69,30079691.55
Company 213,0.0,129345.0,0.01,50163.0,5096.0
Company 214,0.0,26722351.78,0.0263,38.22,3124.22
Company 215,497520.0,66866891.59,0.2,3318079.0,
Company 216,21934.0,2279279.0,0.0843,661743.0,204176.0
Company 217,350468.0,21519197.0,0.0213,5052880.0,1604449.0
Company 218,,,0.2667,0.0,
Company 219,23127897.6,120742552.7,0.0596,76363.0,2460.0
Company 220,0.0,14724.23,0.343,260.0,110.85
Company 221,0.0,7791.11,0.3363,530.0,
Company 222,47388.0,388451.0,0.0595,156203.0,16782.0
Company 223,0.0,6845464.8,0.1356,1090.0,
Company 224,0.0,657.03,0.3097,44.84,0.0
Company 225,1830.73,112574.3,0.0738,323100.0,3591.0
Company 226,81.0,643799.0,0.138,487500.0,5975.0
Company 227,0.0,266873.74,0.3251,193727.89,3753.99
Company 228,19574.97,21904.57,0.017,49682.39,181665.49
Company 229,964.0,24024.0,0.1818,30100000.0,1045.0
Company 230,312044.0,1674123.0,0.0944,14681052.0,75808.0
Company 231,1669992.24,66793042.77,0.0946,60220464.28,5112096.87
Company 232,0.0,139821.0,0.0516,4747.08,343.7
Company 233,143258.87,238505.43,0.0172,1970600.98,
Company 234,2325.57,21904.89,0.0754,40209.87,568.73
Company 235,136.88,10083818.97,0.0211,2392500.0,772138.22
Company 236,2.2,184.56,0.1137,66933.87,8609.37
Company 237,45124.72,154599.21,0.08,131957.46,1136.77
Company 238,17354.8,76368.26,0.1177,136145.0,3515.8
Company 239,110514.0,155680.0,0.1432,212667.1,7653.6
Company 240,21343004.0,45721600.0,0.058,30897.0,286.0
Company 241,348.12,1392.37,0.2065,2160.0,
Company 242,7667.29,9233.88,0.2518,11052.72,282.08
Company 243,6194340734.0,6194702598.8,0.0905,23279.89,
Company 244,0.0,1567.69,0.2414,1419.5,7.29
Company 245,93.5,35026.61,0.0984,8954332.0,2414265.98
Company 246,78722.0,693485835.0,0.1199,33137.0,45392.0
Company 247,60497.0,5911300.0,0.021,2511200.0,296036.0
Company 248,0.0,608575580800000.0,0.25,44720.0,45069.95
Company 249,42686.0,7612356.0,0.0191,2170417.0,727419.0
Company 250,1288.8,10431.83,0.2483,46000.0,427.84
Company 251,217969.0,1740419.0,0.0764,954516.0,53761.0
Company 252,414.64,494858.54,0.0795,761994.8,8738.84
Company 253,1130.0,6181.0,0.2633,6970.0,47.8
Company 254,0.03,10.57,0.2324,15128.0,157.62
Company 255,741.12,131684.12,0.0968,266691.0,9237.0
Company 256,310004.45,1551013.11,0.0042,249578.0,28902.21
Company 257,0.0,19106.0,0.4265,735.0,615.0
Company 258,0.0,600028.0,0.0279,573891.0,41118.83
Company 259,192648.5,11236698.02,0.1812,11961738.0,658509.0
Company 260,120284644.0,320878627.33,0.009,221853.0,0.0
Company 261,,,0.3334,0.0,
Company 262,16602.0,570486.0,0.0744,529632.0,17263.0
Company 263,1976801.0,4286216.0,0.022,559712.0,99103.0
Company 264,1225671.0,3552034.0,0.2881,2907721.0,8944.0
Company 265,16399104.23,57503325.11,0.0759,381718.0,594.84
Company 266,3830716800.0,28572234000.0,0.1052,65542.0,
Company 267,14340.0,413624.0,0.0393,252234.0,39811.0
Company 268,101399.43,1891824.37,0.1096,3415083.0,115431.43
Company 269,57025.37,101381.68,0.3456,196835.0,1731.26
Company 270,66436.61,2062877.77,0.2614,2602703.66,77999.5
Company 271,192000.0,9668000.0,0.0715,5785725.0,0.0
Company 272,0.0,99824308.8,0.0797,38873.0,1765.78
Company 273,36389.0,218575.74,0.1098,170093.82,7034.0
Company 274,3501.0,77230.0,0.0424,4739190.0,15.75
Company 275,,,0.0,0.0,
Company 276,18486.0,21816384.8,0.0326,1461879.14,42858.87
Company 277,50653.4,190741.9,0.2029,124872.5,1653.3
Company 278,0.0,1709661600.0,0.0604,0.0,
Company 279,0.0,26223.96,0.0546,5989650.0,
Company 280,613.38,18902.22,0.1754,499135.87,252.59
Company 281,40795.13,344377.04,0.5576,1220615.5,4599.54
Company 282,0.0,17864.3,0.048,18571.26,139.54
Company 283,0.0,64870.63,0.1197,112327.0,
Company 284,0.0,204447.0,0.0955,185560.0,10365.42
Company 285,6238.84,70454.31,0.0507,88662.28,4142.84
Company 286,817.74,135464.24,0.0616,81878.63,1496.22
Company 287,0.0,562940.47,0.0563,296576.95,37300.11
Company 288,1581.24,116055.43,0.0701,10371.03,8548.5
Company 289,221.99,221.99,0.2858,0.0,
Company 290,1295.27,181457.99,0.0345,737628.0,147112.96
Company 291,128022.0,530115.0,0.3441,800720.44,9601.0
Company 292,0.0,1881.81,0.2809,4662.77,19.84
Company 293,2328.04,56962.93,0.1827,131405.0,1402.99
Company 294,0.0,40873.05,0.0451,12106.0,1603.7
Company 295,0.0,1399666.19,0.1023,361.29,0.0
Company 296,23763.0,583432.0,0.0372,264918.0,9209.0
Company 297,3285.68,97822.76,0.083,7980.0,1305.67
Company 298,607383.0,1305142.0,0.0954,1600.0,0.0
Company 299,35453.0,12218177.0,0.033,28312.0,5323.0
Company 300,0.58,6.87,0.092,4507708.01,240000.0
Company 301,0.0,653929.61,0.0625,82349.5,4088.7
Company 302,17059.0,254143.0,0.0712,147480.0,14226.0
Company 303,0.0,7068019.36,0.0987,88803.0,107.04
Company 304,0.0,1042104.12,0.0295,298900.0,10939.38
Company 305,0.0,19580.0,0.1594,17427.0,21977.0
Company 306,18867.86,68943.48,0.5333,310925.0,1057.44
Company 307,182767911264.0,255184529610.0,0.0858,113023.66,
Company 308,0.0,574.95,0.0122,1503.8,
Company 309,,,0.25,0.0,
Company 310,13166083.0,13333889.0,0.1449,0.0,
Company 311,99014.0,1894031.0,0.0014,618346.0,50691.0
Company 312,,,0.5,0.0,
Company 313,0.0,3517751.29,0.0143,1157669.0,13667.5
Company 314,194651.0,25265346.0,0.0217,2523267.0,5224846.0
Company 315,19047.59,153228.4,0.0826,42002.0,48.14
Company 316,0.0,207825995.0,0.077,208771.0,488.23
Company 317,0.0,21592.4,0.0271,16296.25,0.0
Company 318,5.5,149.71,0.0276,0.0,5151.14
Company 319,0.0,188932.28,0.3257,5710.16,1531.67
Company 320,128416.08,149300.41,0.1605,440957.61,701.4
Company 321,0.0,1615.75,0.125,1925.1,45.08
Company 322,0.0,1630.87,0.3021,14832.0,0.0
Company 323,11.6,1942.0,0.0938,330503.0,87154.1
Company 324,430480.0,1631172.0,0.0705,582498.0,8833.0
Company 325,18531.8,458311.6,0.0109,423764.0,11345.6
Company 326,46890630.0,128350111.91,0.0904,384315.0,2829.31
Company 327,29.3,285.0,0.0252,255878.0,13919.6
Company 328,11418.0,25966.0,0.3223,73708.0,768.52
Company 329,9638.28,473105554.28,0.2949,30689.0,22.73
Company 330,2854.42,47502.43,0.0353,43646.14,2830.03
Company 331,0.0,2150381134800.0,0.0148,299240.0,0.0
Company 332,323.16,5601.68,0.0,25580.52,
Company 333,41626.0,110363.51,0.0871,1687.98,445.15
Company 334,9317.0,55775.0,0.0792,42754.37,244.0
Company 335,17704900.0,417701658.0,0.1235,162148.0,10522.0
Company 336,370280.0,490149.0,0.2693,204524.0,6201.0
Company 337,40516.13,282159.82,0.106,427389.37,19036.0
Company 338,63787.0,3572370.0,0.1219,1259868.0,304343.0
Company 339,131614.0,54086448.0,0.0732,20954755.0,3433115.0
Company 340,692.68,25527.01,0.3827,72266.08,981.07
Company 341,6014.0,41740.6,0.2146,75783.0,1435.74
Company 342,0.0,206466.6,0.0574,83554.0,7663.18
Company 343,0.0,4205588.6,0.0864,56492.0,16.86
Company 344,0.0,862.73,0.1588,0.0,22.81
Company 345,344919.25,105993036.21,0.0551,48754598.0,10641135.54
Company 346,970361.0,5333485.0,0.121,48633.0,12.5
Company 347,0.0,1262201270.9,0.2642,32983.25,24.54
Company 348,55722.0,112275.0,0.0839,206798.12,1626.0
Company 349,48381.0,2658877.0,0.0577,8632487.0,95423.0
Company 350,80530.88,14822374.57,0.0954,7828045.0,1182145.48
Company 351,388691.0,44117358.0,0.0201,3412753.0,10289101.71
Company 352,124175110.0,354188942.0,0.0375,27964.0,
Company 353,0.0,0.0,0.0162,0.0,
Company 354,32140.95,48511.83,0.3394,67753.0,69.3
Company 355,28441.0,339897.0,0.0368,445298.0,9649.0
Company 356,4802.0,36054.0,0.0851,22787.0,995.91
Company 357,0.0,0.0,0.4348,0.0,
Company 358,2805.14,1263524.64,0.3736,696907.06,6246.03
Company 359,0.0,343372.0,0.0957,1018794.0,6950.0
Company 360,30274906.0,47242340.0,0.3617,86722.0,549.0
Company 361,204225.0,74964550.0,0.0603,25165814.0,5675575.0
Company 362,9142.0,761567.0,0.0282,79606.0,51854.0
Company 363,,,0.0,0.0,
Company 364,64258.0,331584.0,0.0294,159463.0,19207.0
Company 365,24490.0,94753.0,0.1463,580663.0,3491.0
Company 366,0.0,151.75,0.1034,99466.19,6539.12
Company 367,2159.0,114375394.0,0.0531,23240696.0,10761931.0
Company 368,20668312.48,396556961.62,0.0387,171683.0,51148.0
Company 369,3.11,2422250.99,0.0051,5169504.0,183389.74
Company 370,14163760.8,35704083.6,0.0455,13388.0,
Company 371,73915.0,844339.12,0.0245,1046055.46,5631.97
Company 372,16355.07,54157.46,0.1432,24295.0,172.4
Company 373,2419.0,78796.0,0.0492,115385.0,2600.0
Company 374,0.0,601.33,0.2061,1980.0,0.0
Company 375,87.86,805.96,0.2573,532922.0,10084.0
Company 376,99778.0,998547.0,0.231,2959576.0,44778.0
Company 377,16542.42,909127.76,0.2921,862050.4,11161.31
Company 378,0.0,34186.51,0.5289,87961.5,7.41
Company 379,188981.0,2541172.0,0.0609,1021221.0,169992.0
Company 380,0.0,159949274400000.0,0.0562,103592.0,
Company 381,0.0,1660172.78,0.1314,34648.0,106.79
Company 382,0.0,28096.4,0.0627,68850.9,485.2
Company 383,0.0,55040.0,0.0917,121073.0,128.0
Company 384,23078.04,180403.16,0.1295,573954.0,2687.63
Company 385,61883.0,998136.0,0.0644,584113.0,78907.0
Company 386,45049.95,2568536.12,0.0866,758191.0,351953.5
Company 387,0.0,4841.15,0.1584,5267.0,55.88
Company 388,70949971.15,71049267.31,0.2984,26590.01,77.49
Company 389,0.0,161590.53,0.0216,769780.0,43371.61
Company 390,8508.0,70087.0,0.287,141895.0,1265.0
Company 391,124758.0,536687.43,0.1079,677015.0,17750.55
Company 392,20790.84,2618633.54,0.1042,2720026.0,193142.4
Company 393,0.0,19083596.95,0.2674,43800.0,1270.56
Company 394,60351.22,90803.1,0.1222,792549.7,912.69
Company 395,97.47,375.54,0.2556,314571.01,36489.65
Company 396,153.0,13435.0,0.1059,26473.0,365.72
Company 397,79384.82,722874.16,0.027,241914.93,13749.17
Company 398,0.0,27180.0,0.3197,35665.0,
Company 399,0.0,41362.0,0.3956,37727.0,31.98
Company 400,0.0,136024.8,0.2036,146855.3,6065.1
Company 401,18386.4,50139.2,0.0391,56305.0,309.58
Company 402,367307.0,3361562.0,0.2867,2928999.0,112866.0
Company 403,514.0,1867545.0,0.0199,2657535.0,119629.0
Company 404,,,0.0854,0.0,
Company 405,19174.59,11429367.59,0.0313,73600.0,175061.88
Company 406,218715.02,433797.97,0.1635,204144.52,17596.37
Company 407,0.0,651647055.0,0.0143,231320.0,
Company 408,50151.0,2178336.0,0.1035,500540.0,156229.0
Company 409,377664.0,3553930.0,0.0477,1125461.0,155150.0
Company 410,8384.1,74581.08,0.0785,91047.78,2616.91
Company 411,0.0,999340.53,0.2225,390678.75,35983.47
Company 412,50703.6,354866.99,0.0643,533648.1,3363.93
Company 413,563437.0,3874828.0,0.0415,51200.47,
Company 414,27151.0,956252.0,0.1196,4466.0,21448.0
Company 415,12133931.5,344268770.6,0.1262,524710.0,13920.0
Company 416,34990879.5,382490916.86,0.0225,432432.0,8912.0
Company 417,13802.22,2031672.13,0.0369,250680.0,63558.34
Company 418,9087.0,47003.0,0.0877,1178643.0,0.0
Company 419,0.0,10109.0,0.3331,12094.0,36.5
Company 420,21235.0,200812.0,0.2736,177917.0,7541.0
Company 421,434621.71,19092097.64,0.0804,5892.2,26676819.21
Company 422,182172.0,7810518.0,0.0904,4570869.0,656894.0
Company 423,13583.0,225984.0,0.0975,423155.0,6099.92
Company 424,0.0,5061.66,0.4373,41982.0,389.46
Company 425,71709.91,2943223.89,0.0351,675196.0,149493.55
Company 426,292394.03,356410.84,0.0359,318033.0,3966.9
Company 427,0.0,10044.83,0.1656,38930.58,140.77
Company 428,270.0,6299.0,0.0468,80066.0,313.4
Company 429,,,0.0556,0.0,
Company 430,803.59,268251.85,0.0639,0.0,6665.65
Company 431,0.0,41423.49,0.434,0.0,18.45
Company 432,0.0,56775.0,0.3982,2630.0,
Company 433,82407.42,251826.32,0.5803,985908.0,17922.68
Company 434,23699442.0,91827987.0,0.0777,137533.0,2701.0
Company 435,45494881.0,99136326.0,0.0053,489780.0,
Company 436,4496.72,4602.47,0.3687,938.22,7.8
Company 437,6634256.04,498073543.69,0.1377,357682.0,15295.01
Company 438,79293.0,290550.0,0.1787,93360.0,172480.0
Company 439,616790586.76,702499588.62,0.3782,1261223.0,7649.14
Company 440,763.79,15430.29,0.1181,6519.0,
Company 441,0.0,98912.46,0.0358,35025.4,209.23
Company 442,0.0,55.23,0.0743,141580.0,275.52
Company 443,42010.0,188395.0,0.0,79282.0,0.0
Company 444,,,0.1667,0.0,
Company 445,5791.0,58949.0,0.0568,221673.0,57849.0
Company 446,320023.22,1011882.88,0.2084,501603.0,23898.0
Company 447,2981.26,142313.32,0.1302,178684.0,10419.0
Company 448,402.34,38464.34,0.2994,78853.59,104.36
Company 449,,,0.1531,179929.0,28133.0
Company 450,10.31,294.8,0.086,142501.0,68334.0
Company 451,199774.82,923470.6,0.513,3968775.36,13065.0
Company 452,37.15,33623.14,0.093,83995.63,755.46
Company 453,168064722.0,2562841699.0,0.006,3137284.0,1527748.16
Company 454,169.0,2149.0,0.3279,0.0,17.04
Company 455,1590.25,20755.59,0.0699,26586.27,245.76
Company 456,2629857.0,2893125.0,0.1663,21572.0,
Company 457,0.0,61559.0,0.1383,42524.0,1370.0
Company 458,0.12,8.97,0.1089,9434753.0,348977.0
Company 459,127401.75,278368.97,0.0391,678298.63,16618.35
Company 460,4492833.0,4492833.0,0.0539,6820.0,
Company 461,0.0,44714.4,0.1744,38302.0,76.3
Company 462,104.0,143613.0,0.1383,63889.0,14543.66
Company 463,317.0,16564.4,0.0241,1008493.0,3976590.0
Company 464,7209.14,41075.44,0.04,35477.48,2145.92
Company 465,650981.0,1898008.0,0.0854,2877992.0,44904.0
Company 466,928763.0,9652269.0,0.0077,3084368.0,594035.0
Company 467,24276.02,12625785.75,0.0336,7174955.15,5443997.66
Company 468,3149.0,21675005.0,0.1279,2901555.79,1245928.0
Company 469,4802.56,14216.98,0.2649,45736.82,21.41
Company 470,0.0,2887.8,0.2888,50534.54,190.87
Company 471,129206.0,3054490.35,0.2448,4988200.0,264735.62
Company 472,4834.75,4834.75,0.0549,8877.51,
Company 473,0.0,42.4,0.0438,9303.0,
Company 474,0.0,1224.19,0.0321,924200.95,8024.56
Company 475,0.0,2446.31,0.1072,30690.0,18504.0
Company 476,8.49,34.33,0.1347,112184.0,1961.0
Company 477,17512.58,201995.46,0.2351,201693.09,2530.04
Company 478,11694.03,347097.77,0.0763,556549.0,3035.99
Company 479,43548.0,47431985.0,0.0837,98537190.0,4850029.0
Company 480,768314.0,2009639.0,0.1053,125800.0,
Company 481,4104.0,303327.0,0.0577,117960.0,18767.34
Company 482,0.0,6163.7,0.0852,26738.0,0.0
Company 483,252035.0,2811237.0,0.062,1704375.0,80181.0
Company 484,0.0,253.1,0.353,0.0,10.27
Company 485,0.0,1692040.62,0.0181,1683768.32,118972.19
Company 486,771.02,1577.76,0.1657,998858.2,22289.99
Company 487,3.46,7060.2,0.2167,7948.0,88.43
Company 488,0.0,10968.05,0.2589,13567.0,9.15
Company 489,0.0,18500.35,0.0399,14383.98,36.42
Company 490,0.0,197523.23,0.2422,0.0,
Company 491,0.0,14024359.19,0.0115,1197641.0,701.84
Company 492,13573776.42,46071233.12,0.264,47606.57,283.12
Company 493,17441.88,114494.43,0.0756,96114.46,2433.6
Company 494,98.95,268.57,0.0122,798485.0,
Company 495,37146.38,102193.29,0.2063,220749.0,182.91
Company 496,6632.0,22378.0,0.1998,32514.0,118.0
Company 497,1530.76,2151437.69,0.0324,1167269.0,121129.44
Company 498,25608.0,129484.0,0.1887,448718.0,5740.0
Company 499,49047569.0,1471445775.0,0.1056,361617.0,81268.0
Company 500,45327.0,193029.0,0.1758,711918.0,2393.0
Company 501,26125947.0,26128489.45,0.017,2430.6,
Company 502,0.0,3896300.1,0.2528,0.0,314.4
Company 503,0.0,25690.8,0.0125,15010.0,17.98
Company 504,0.0,156079.3,0.1144,146591.0,16132.0
Company 505,294935652000.0,2796407508296.0,0.205,2475.0,44.0
Company 506,212664546.0,304804057.0,0.0466,394897.0,14345.94
Company 507,178.0,22936992.0,0.0285,3632597.0,2136221.0
Company 508,675.0,50675.0,0.0636,14713879.95,3250234.0
Company 509,13515.0,1115540.0,0.0908,1008998.0,11705.0
Company 510,35442673.06,184332369.33,0.0577,162356.79,1797.42
Company 511,198922.0,9480543.0,0.0402,3041377.0,512498.0
Company 512,0.0,172979.61,0.35,221.4,0.0
Company 513,4075.2,357164.77,0.0648,31459067.0,81107852.0
Company 514,9058233600.0,10184274000.0,0.2361,31543.0,
Company 515,131690.16,586796.29,0.1024,311853.43,5238.92
Company 516,1924.39,115832.37,0.5799,265965.67,2346.06
Company 517,55098.86,234385.63,0.2515,242545.2,2395.83
Company 518,34879313.52,3102923599.69,0.0505,430139.0,256703.41
Company 519,56441256.7,82621739.1,0.0351,500925.0,5490.24
Company 520,221.84,1405091.81,0.0269,2630961.33,100136.0
Company 521,0.0,2792.22,0.2575,4872.81,0.15
Company 522,34105816.2,71625167.2,0.2029,43198.67,699.0
Company 523,52571.91,465319.61,0.1007,325627.76,5651.98
Company 524,57015.07,1783632.19,0.0379,1323835.64,164451.34
Company 525,606673.99,1226844.13,0.0361,524860.19,13412.53
Company 526,1061462.0,32046976.0,0.0453,15077894.0,2995798.0
Company 527,78459.12,565085.1,0.0093,377497.7,14687.98
Company 528,563187.0,17451967.0,0.0632,1627069.0,3828849.0
Company 529,31146.0,1322593.0,0.0383,345614.0,27350.74
Company 530,0.0,3710980.14,0.013,42990.0,274255.01
Company 531,553.94,19602.69,0.324,30705.3,4.43
Company 532,4424.39,82718.1,0.0603,105694.92,591.6
Company 533,401415.0,3989804.0,0.1644,1387402.0,100208.0
Company 534,9619.88,71065.62,0.0593,75532.04,536.03
Company 535,0.0,97666.0,0.0518,39821.0,1027.0
Company 536,0.0,2314289.35,0.0405,1080418.0,187661.95
Company 537,88781.0,3166220.0,0.0318,520423.0,50393.0
Company 538,0.0,4242.0,0.0697,43590.0,250.0
Company 539,0.0,47693.0,0.2289,176529.0,120.0
Company 540,153.66,69938.25,0.157,112447.51,196.83
Company 541,381586.0,6663940.0,0.0342,836882.0,768.0
Company 542,0.0,58639.0,0.0739,68521.0,1134.62
Company 543,87076.4,159351.4,0.204,119209.74,
Company 544,,,0.0213,52824.0,2014.0
Company 545,1852.0,97025.0,0.0339,619242.0,621.0
Company 546,75.77,1266.39,0.125,1855.0,0.14
Company 547,0.0,12.62,0.5091,2773.0,
Company 548,1355.0,15671.0,0.0362,26965.0,7.0
Company 549,860370.18,2624891.29,0.0036,1559329.0,473656.64
Company 550,48982.0,56837.0,0.0358,16.59,
Company 551,154095.03,23123071.93,0.0305,15491682.0,1903591.56
Company 552,0.0,6903970779.63,0.021,4259902.25,703584.0
Company 553,0.0,23506.01,0.1039,30012.0,1004.76
Company 554,169051.0,277927.15,0.0704,338579.0,7786.77
Company 555,0.0,12215.0,0.0416,0.0,
Company 556,2368.16,17378.48,0.3204,4540.91,41.76
Company 557,0.0,4608.42,0.3823,6086.84,10.75
Company 558,1568982.0,1874866.1,0.0329,1462879.49,6818.0
Company 559,0.0,377179.2,0.0402,455499.0,7847.39
Company 560,83705.97,436627.07,0.0188,235.0,14258.71
Company 561,5.23,34.44,0.0712,28943.45,1587.0
Company 562,0.0,19756.55,0.0292,4320.57,186.53
Company 563,8176.0,36154.0,0.3312,29148.0,453.0
Company 564,0.0,60001.0,0.062,150824.0,129.0
Company 565,0.0,79819.17,0.0262,2250.57,170.27
Company 566,3122204400.0,376001502228.0,0.0424,33083.0,37813.9
Company 567,703454.0,954671.0,0.0909,1686583.0,4016.0
Company 568,183316.0,443845.0,0.1092,367776.0,4447.0
Company 569,0.0,9834.73,0.1333,13812.0,98.02
Company 570,0.0,434017.95,0.1026,134086.06,7128.95
Company 571,15569.56,565935.87,0.042,322855.58,30896.35
Company 572,0.0,480208.02,0.1251,200891.6,28950.94
Company 573,38485.83,73100.9,0.0875,39497.7,390.84
Company 574,0.0,2140.82,0.3265,6320.96,60.63
Company 575,0.0,21227.0,0.2884,24716.0,421.0
Company 576,56246.0,1525371.95,0.0753,1298861.0,126093.38
Company 577,73088.97,110480.18,0.1426,355761.0,
Company 578,0.0,8436.0,0.102,7102.0,228.0
Company 579,122604.82,920015.01,0.0244,207274.5,33310.0
Company 580,1122367.0,1301040.0,0.1642,2656669.0,5673.0
Company 581,,,0.4286,0.0,
Company 582,8373.0,624355.5,0.1078,210341.0,807.0
Company 583,2946.52,6735727.73,0.0312,14395195.0,559948.66
Company 584,0.0,175525.2,0.0162,35000.0,
Company 585,0.0,141826.0,0.259,71794.0,2124.0
Company 586,0.0,19148890430.0,0.3334,0.0,
Company 587,169092.0,1947595.0,0.1823,170370.0,8537.88
Company 588,156972236.0,8724876300.2,0.0285,501747.0,1873233.4
Company 589,0.0,0.0,0.1464,0.0,
Company 590,103831.67,132508.47,0.1883,967284.0,3179.76
Company 591,327975.0,2076572.0,0.0394,3300988.0,98543.0
Company 592,0.0,16078153.75,0.0035,1891792.63,31363.08
Company 593,,,0.4055,0.0,
Company 594,412560.0,511925.7,0.0525,347640.0,295.54
Company 595,421857.0,9582640.0,0.0266,1206522.0,2210214.0
Company 596,40862655665.0,721711341021.0,0.0212,295918.0,0.0
Company 597,0.0,10109347.0,0.0042,4853243.37,111742.61
Company 598,0.0,91.85,0.0,162.63,1.65
Company 599,0.0,1821.98,0.0367,17.86,
Company 600,25302.08,346727.86,0.1507,196689.61,23877.0
Company 601,453040.18,1843127.1,0.0256,1276947.74,19983.24
Company 602,0.0,101758.0,0.0653,165802.0,3572.0
Company 603,280157.0,70311524.0,0.1242,56497276.0,5513044.0
Company 604,,,0.1258,0.0,
Company 605,39488.0,1480579.9,0.0624,880411.2,37199.79
Company 606,0.0,10869.92,0.2327,0.0,0.0
Company 607,51385.0,382794.0,0.1781,328626.0,14649.0
Company 608,3.2,5276.3,0.307,40099.44,33.82
Company 609,35901.0,27080993.0,0.0211,162438.2,35.75
Company 610,0.0,2918894.4,0.2889,2510.0,
Company 611,172123.0,1280366.0,0.2899,1442141.0,15506.0
Company 612,4067.0,1116897.0,0.0244,124586.0,91721.0
Company 613,0.0,8360.43,0.1042,285472.0,0.0
Company 614,234.86,7208.63,0.1286,7145.85,160.0
Company 615,625.94,278285.43,0.0278,19532759.98,74279.82
Company 616,5732.52,5732.52,0.2386,0.0,
Company 617,2155.99,69790.75,0.2637,102539.88,453.64
Company 618,1036.89,7782.3,0.0217,5348107.0,333343.12
Company 619,24564.38,281067.47,0.0718,70445.0,6464.53
Company 620,,,0.0244,0.0,
Company 621,1067.28,433063.82,0.0444,128710.0,43183.0
Company 622,1625925.0,1986133.0,0.0736,2064.0,
Company 623,29337.12,76812.47,0.0688,1042425.0,578.36
Company 624,422.4,626.19,0.0019,101745.0,2913.0
Company 625,6235.8,148854.84,0.1398,1064126.17,4784.47
Company 626,4192242.84,9987637.6,0.2528,20222.0,0.0
Company 627,404230.56,7972981.41,0.0334,2392245.0,863437.2
Company 628,562594.0,2993874.0,0.0302,555274.0,99676.1
Company 629,1139.98,27143.85,0.0983,22753.41,74.83
Company 630,0.0,37516.0,0.3162,0.0,
Company 631,172037.53,832611.39,0.0463,399466.27,6945.61
Company 632,58981.82,186282.87,0.0731,245927.68,1337.68
Company 633,321345.0,128493888.0,0.0964,20892245.0,9002041.0
Company 634,3969.0,53086.0,0.0971,54743.0,380.0
Company 635,0.0,43963.0,0.3805,13738.0,149.0
Company 636,91.78,823.37,0.039,4257406.43,66771.59
Company 637,0.0,35916.57,0.2417,26803.04,855.08
Company 638,26956.19,323856.48,0.0301,3358083.0,6011.33
Company 639,127037.0,129709.01,0.1236,255117.0,0.0
Company 640,381.0,481190.0,0.3851,917038.0,14723.34
Company 641,19.67,2251.59,0.0324,357655.0,206679.0
Company 642,4730886.0,10695830467.0,0.0594,1298799.0,37339.07
Company 643,16065.0,40488.0,0.3029,155101.0,745.0
Company 644,111.36,73344.99,0.2669,21601.7,128.07
Company 645,0.0,73227.0,0.1906,71501.0,5837.0
Company 646,26.13,3608634.46,0.0715,6205341639.88,326959946.44
Company 647,264.0,12308.0,0.0677,1265735.0,2633230.0
Company 648,2023.54,30703.07,0.1276,0.0,484.37
Company 649,11347697000.0,11347702874.86,0.0378,33895.0,
Company 650,0.0,21148.17,0.093,5604.81,
Company 651,75497.91,784346.56,0.1056,608616.57,61738.77
Company 652,139575.66,255594.61,0.2207,1447204.0,9204.38
Company 653,44798.14,120639.66,0.2078,2119740.49,3235.0
Company 654,21.54,15396.58,0.1302,11404570.07,876547.77
Company 655,7050.0,993253.0,0.06,93434.0,87414.0
Company 656,152251.0,8398406.94,0.0348,2830034.09,538730.0
Company 657,0.0,352.45,0.255,323.47,
Company 658,37030.74,58916.54,0.1035,466756.0,476.0
Company 659,489.87,104668.46,0.092,102768.03,345.54
Company 660,0.0,243397.1,0.0379,129157.0,
Company 661,49440049.0,62401018.0,0.0283,429308.0,1769.0
Company 662,11512.39,107350.91,0.094,89360.0,
Company 663,18173.16,18418.68,0.1747,14557.0,
Company 664,0.0,2.35,0.2325,0.0,
Company 665,29588.57,499031.25,0.1792,339211.0,1904.27
Company 666,143101.0,2408090.0,0.0367,902313.0,294797.0
Company 667,11707.0,1190932.0,0.0444,216996.0,22024.77
Company 668,120206995.0,123286930.0,0.0581,76309.0,2292.8
Company 669,21172.0,221079.0,0.0848,327462.0,6861.0
Company 670,4194.95,116016.5,0.2834,122459.36,543.92
Company 671,37604.18,166290.85,0.1585,122649.6,523.5
Company 672,0.0,59167.75,0.05,284974.97,3602.0
Company 673,0.0,5078.1,0.2566,0.0,
Company 674,212.24,129219.14,0.0995,56966350.0,9935959.52
Company 675,246571.58,2094047.99,0.0905,899374.12,74542.34
Company 676,55037.67,208712.27,0.0483,212521.0,7414.0
Company 677,354754.7,5410978.11,0.0701,2128699.0,225537.0
Company 678,3184.0,46631.0,0.1521,110777.0,1812.0
Company 679,283.07,63579.9,0.1478,139307.0,140.71
Company 680,0.0,5408000.0,0.3017,0.0,
Company 681,642.83,642.83,0.1796,935.18,0.0
Company 682,233063.71,237651.5,0.0306,39320.0,324.86
Company 683,41554530.0,200346764.1,0.2404,57966.38,7502.51
Company 684,1953.39,13581.43,0.258,28126.65,274.28
Company 685,13899.0,108634.0,0.0338,76758.0,4649.0
Company 686,438.63,126473.63,0.1176,0.0,0.0
Company 687,1760.19,17252.24,0.2644,22429.8,741.0
Company 688,15358.92,127935.83,0.0807,4770.0,2481.85
Company 689,20737047.0,104242798.0,0.0377,77692.0,13865.78
Company 690,208758.26,17316585.07,0.0547,1071376.0,3241140.4
Company 691,0.0,50763.42,0.0834,24960.0,12612.58
Company 692,2752.46,26798.02,0.2659,36373.45,452.0
Company 693,557.3,7339.53,0.1146,3953867.0,2863.59
Company 694,1392793.2,15269623.2,0.083,27199.4,191.01
Company 695,14757.0,131292.0,0.1912,347798.0,3019.0
Company 696,0.0,6996986.0,0.0514,381102.0,32303.68
Company 697,155.88,122927.03,0.0357,0.0,491.0
Company 698,693307.79,704377.69,0.023,393528.0,22.0
Company 699,0.0,1408558.0,0.0954,23600.0,
Company 700,8608.22,247382.63,0.0972,76120.91,3602.58
Company 701,722725.0,1430564.0,0.0574,654163.0,24160.0
Company 702,91.35,17225756.85,0.0141,4449454.0,2712160.36
Company 703,22924.0,323508.6,0.0693,57459.58,2794.47
Company 704,62545.0,66001.0,0.0427,17705.0,2299.74
Company 705,2851.36,1624174.37,0.0314,2074800.0,106959.68
Company 706,,,0.1443,11899.36,
Company 707,9079.51,252128.65,0.0257,123090.0,4773.6
Company 708,0.0,4908.18,0.2428,18198.05,60.73
Company 709,0.0,7638.08,0.0386,1422.63,108.3
Company 710,193116.0,470066.0,0.0904,738974.0,11023.0
Company 711,85738.9,588386.75,0.0353,132144.59,4059.31
Company 712,6431.04,671026.49,0.3036,124965.0,5868.43
Company 713,0.0,2069744400.0,0.1676,581.0,44.15
Company 714,0.0,65145933.0,0.2064,3671.0,
Company 715,364930384.0,1158162632.0,0.0542,476795.0,24936.0
Company 716,0.0,7575.74,0.1701,9463.45,147.05
Company 717,392.17,6187.59,0.1023,2684426.0,253283.0
Company 718,97407.0,899188.0,0.0818,1.05,8736.0
Company 719,17492.4,843743.05,0.2698,920887.88,3589.37
Company 720,657.0,1381131.0,0.0713,2444570.0,120200.0
Company 721,83301613.2,129235186.8,0.1804,85869.0,1763.0
Company 722,111.65,208.79,0.0424,183505.0,7718.84
Company 723,16347.0,47365.0,0.1084,45812.0,858.99
Company 724,0.0,0.0,0.0732,0.0,
Company 725,0.0,691460.49,0.0711,209059.18,38961.39
Company 726,65299.58,431850.23,0.0182,393365.58,4180.0
Company 727,159358.0,268612.0,0.2212,209158.0,667.0
Company 728,0.0,4635989.92,0.2036,6294.18,96.35
Company 729,1184.0,34664.0,0.2496,33860.0,256.0
Company 730,1348931.0,4649832.0,0.2084,2073198.0,116841.0
Company 731,0.0,94007171.0,0.0489,23131078.0,7946102.0
Company 732,334168.37,731874.0,0.15,558362.0,23150.82
Company 733,60962400.0,507747600.0,0.2251,162986.0,34946.0
Company 734,193583.91,1199212.69,0.1016,7260983.62,22343.18
Company 735,932995.0,4350818.0,0.2492,2759410.0,112200.0
Company 736,1076.37,1087.77,0.2959,2475.0,0.0
Company 737,119500.0,119506.58,0.0229,44650.0,
Company 738,123845.0,277906.0,0.0456,419027.0,8961.0
Company 739,0.0,303973.28,0.0667,96228.0,20806.28
Company 740,22034083.0,773696737.0,0.0278,356799.0,6179.0
Company 741,18003.0,116948.0,0.1682,88437.0,4550.0
Company 742,1526.04,4519.29,0.3067,14102.07,21.74
Company 743,0.0,21.18,0.0,0.0,
Company 744,0.0,0.0,0.3761,0.0,
Company 745,0.0,2219934.0,0.0315,1622112.0,1565.45
Company 746,36875.76,192043.08,0.2317,317867.2,4585.69
Company 747,0.0,4.35,0.2841,2360.66,20.48
Company 748,0.0,32447820.0,0.2903,0.0,35.0
Company 749,0.0,2375.08,0.1683,22979.0,0.0
Company 750,0.0,29470645.0,0.007,5082352.0,2566145.0
Company 751,13706.0,81889.0,0.0293,94917.0,3116.0
Company 752,0.0,3723.07,0.2332,3588.0,
Company 753,188889.06,358698.73,0.0188,710097.0,13706.93
Company 754,208587.28,1633316.41,0.0423,664078.0,20342.84
Company 755,794246.0,802346.08,0.3924,7293.0,0.08
Company 756,3960.53,40711.48,0.2854,171134.0,0.01
Company 757,179340.0,651145.0,0.0259,419711.0,10107.96
Company 758,0.0,593.98,0.2908,1301.19,57.27
Company 759,0.0,13741.68,0.0567,119033.79,33.02
Company 760,490877.0,6010406.0,0.0452,650486.0,260368.0
Company 761,0.0,46880.05,0.097,4182.91,106.38
Company 762,2802.73,27924.94,0.3044,44349.98,201.94
Company 763,0.0,165914.53,0.165,173701.0,1797.85
Company 764,79517.78,85226.64,0.1215,91101.0,16270.0
Company 765,39.19,12234073.36,0.0632,126911767.0,1188089.53
Company 766,0.0,2870651.98,0.22,0.0,223139.38
Company 767,1080.34,10318425.32,0.2544,165222.78,810210.57
Company 768,2221.43,186694.47,0.2923,188148.06,399.0
Company 769,1711.0,48128.0,0.0178,2130043.0,10283160.03
Company 770,0.0,46529630.22,0.0268,242144.66,62826.0
Company 771,37741.83,48910.52,0.2414,176550.0,173.25
Company 772,641144.0,10948946.0,0.0487,2055013.0,4295.0
Company 773,0.0,1152.98,0.033,983.0,35.07
Company 774,9490.14,11800.31,0.2878,11369.0,194.0
Company 775,0.0,13098624.0,0.0496,60282.0,
Company 776,4773.49,747243.1,0.083,456539.97,186222.92
Company 777,39922.0,632167.0,0.0593,926643.0,7566.0
Company 778,3614.44,39534.94,0.0888,6790.0,220.99
Company 779,16301.0,32771.0,0.1775,40994.0,769.0
Company 780,35390.0,193945.0,0.1879,560602.0,1833.8
Company 781,47625184.0,1987851603.0,0.1156,937884.0,2045.0
Company 782,0.0,19130231.61,0.052,19293056.0,678684.0
Company 783,0.0,75698.0,0.0,5673.0,5335.0
Company 784,152736.0,8358010.0,0.0538,1235478.0,593189.0
Company 785,407.0,49425.0,0.2449,10343.0,1954.0
Company 786,0.0,1503375.0,0.1396,615853.0,64666.0
Company 787,9167.12,131888582.26,0.449,89715.2,9706392.55
Company 788,0.0,1660.0,0.2397,4716.0,5.7
Company 789,92428.3,410930.7,0.0472,255838.74,9002.0
Company 790,6035599.0,246995383.0,0.0655,283880.0,16289.0
Company 791,2210.97,80456.9,0.0983,54225.88,1257.45
Company 792,21.02,1703.55,0.0129,723305.0,113347.8
Company 793,29797.0,403367.0,0.0389,491031.0,23410.0
Company 794,6003.0,87965.0,0.1084,50036.0,4281.0
Company 795,,,0.0168,1806.0,
Company 796,4434.0,971363.0,0.0286,684761.0,33018.0
Company 797,7570.0,97765.0,0.1622,77478.0,721.9
Company 798,303726.0,741543.0,0.0269,348715.0,20290.0
Company 799,,,0.0,0.0,
Company 800,0.0,564253.67,0.3522,169850.61,25520.72
Company 801,1097.0,2944.0,0.3526,4079.11,6.53
Company 802,0.0,60199.63,0.0381,533195.0,820.21
Company 803,796696.78,1564125.83,0.0743,878006.81,30986.68
Company 804,0.0,1673.89,0.2235,6289.4,0.0
Company 805,0.0,26162.19,0.1635,56316.17,83.58
Company 806,135.63,41922.39,0.2216,99418.03,203.46
Company 807,0.0,53000.0,0.1389,8552.0,126.0
Company 808,91733.84,4000396.13,0.0446,3203286.28,353473.99
Company 809,1427695.05,11078004.03,0.0329,5915720.0,275700.68
Company 810,474178.0,2529527.0,0.0447,2427028.0,32862.0
Company 811,0.0,831271.71,0.0068,240895.99,1130.6
Company 812,314021.16,42677022.56,0.2878,365971.41,293.2
Company 813,306938.64,3170152.23,0.0845,2487607.56,56459.38
Company 814,0.0,92767.0,0.0747,24858.0,265.0
Company 815,0.0,13016.39,0.1085,42579.54,77.31
Company 816,56820.0,33536248.0,0.1012,23058094.0,3754391.0
Company 817,391.28,12618.43,0.128,53474.14,267.91
Company 818,0.0,405650.15,0.0411,57162.0,42003.84
Company 819,0.0,46336.0,0.2163,830.0,
Company 820,10799728.0,12908764.0,0.3091,9431.0,4.59
Company 821,91033.48,7668766.67,0.0474,7933020.88,2735656.29
Company 822,0.0,66747.0,0.4167,58272.0,288.0
Company 823,6425.0,55916.0,0.0177,20440.0,9263.0
Company 824,0.0,60571.93,0.0457,50948.91,1100.83
Company 825,1012892.0,1815952.0,0.0719,2088058.0,28275.0
Company 826,5032800000.0,9665607600000.0,0.2481,139276.0,
Company 827,0.0,143962.05,0.2466,93966.48,330.06
Company 828,5335.52,84712.83,0.2617,222478.83,6401.09
Company 829,0.0,4002.0,0.0816,4808.0,36.7
Company 830,1712.2,84952.8,0.0489,20010.0,733.22
Company 831,1086.0,136301.0,0.0926,12085.0,8142.0
Company 832,0.0,61948.03,0.1189,9557.19,684.41
Company 833,0.0,4677.26,0.2682,217.0,32.09
Company 834,627940.0,33493967.0,0.0298,1515715.0,7764061.11
Company 835,4617626.0,4676791.74,0.043,64831.0,280.07
Company 836,,,0.2725,0.0,
Company 837,199533.0,8075770.0,0.0639,2931534.0,620823.0
Company 838,15165.57,58364.87,0.6,204613.0,111.69
Company 839,0.0,95.0,0.1344,728.19,0.0
Company 840,0.0,113.86,0.1042,1388.0,0.0
Company 841,1400.0,519431.0,0.0629,129577216.0,52178648.0
Company 842,19525831.0,5055151313.12,0.088,407900.0,396626.84
Company 843,326248.85,752185.69,0.0977,432441.0,11958.39
Company 844,0.0,4063.09,0.3517,5935.0,0.0
Company 845,0.0,5303.0,0.26,77627.0,6.95
Company 846,3562.0,873326.0,0.002,2254686.0,357524.0
Company 847,2603.14,51502.21,0.3521,3490118.0,132.12
Company 848,79.36,1601.98,0.1662,4330.02,29.19
Company 849,14680.88,20734.64,0.3931,16498.0,403.82
Company 850,1519.74,2292.75,0.3437,210.46,36.78
Company 851,16171.0,114544.0,0.1657,358737.0,1966.68
Company 852,4546.9,40671.65,0.2511,78077.35,527.75
Company 853,0.0,4573.57,0.206,581.8,7.58
Company 854,83116.0,470124.0,0.0108,36830.0,6599.0
Company 855,0.0,73.38,0.443,266015.0,
Company 856,55197.0,400267.0,0.0568,565692.0,12425.0
Company 857,8895034.84,186223286.43,0.0666,587009.01,6736.67
Company 858,184.29,7240.0,0.2105,12721.19,171.96
Company 859,357919.2,10220570.16,0.0776,8367.58,124.0
Company 860,6136.17,224325.6,0.0589,94203.0,107.39
Company 861,59.9,5212.3,0.1993,0.0,0.0
Company 862,89476.78,626070.97,0.1857,1782471.5,6400.85
Company 863,10808.4,274128.5,0.0542,249452.67,11297.61
Company 864,30.49,34998.88,0.3689,12714.88,175.88
Company 865,338760000.0,133141967060.0,0.0374,13906.0,0.0
Company 866,0.0,55938.0,0.4284,178676.0,
Company 867,1994673.6,184169561.86,0.1101,122447.29,18433.29
Company 868,179095.0,845800.0,0.1327,784577.0,19938.0
Company 869,12832.0,74426.07,0.0663,205714.99,619.0
Company 870,92704.88,177861.24,0.1311,110498.0,4841.99
Company 871,79.8,3981.5,0.1606,4185.0,8.5
Company 872,2528.06,39567.76,0.0194,5725636.88,3588001.36
Company 873,12301.2,22927.54,0.2343,22534.27,312.04
Company 874,863183.0,10399952.0,0.0334,4812903.0,709492.0
Company 875,1274.0,265277.0,0.2955,288530.0,831.58
Company 876,3141852.0,788405430.0,0.0182,878.0,
Company 877,0.0,10949119.43,0.3171,3568.99,101.08
Company 878,16181.45,44157.08,0.3279,677104.0,39.6
Company 879,0.54,38056349.56,0.0201,8344302.0,0.0
Company 880,378.0,14464.0,0.3214,8346.0,22.0
Company 881,1045253.0,8081715.0,0.0238,221815.0,796561.0
Company 882,271760.0,645197.0,0.2361,170947.0,3258.0
Company 883,25707.6,29457.96,0.2326,41433.0,1936.0
Company 884,45255600.0,1216515600.0,0.1105,363693.0,39329.0
Company 885,0.0,4057559.0,0.0667,26180.0,0.0
Company 886,0.0,16697.0,0.0455,1887.0,
Company 887,0.0,18753674.0,0.0786,184.5,15.09
Company 888,282075.23,739948.33,0.28,2269612.91,20301.4
Company 889,0.0,24697.63,0.2143,0.0,1874.58
Company 890,0.0,25497.0,0.209,780572.0,108.32
Company 891,0.0,63439389.0,0.0628,12717.0,5574359.0
Company 892,6692.32,155957.11,0.0851,187615.78,78684.37
Company 893,320.47,747202.42,0.122,50446.0,283681.0
Company 894,0.0,489228.0,0.063,0.0,28696.93
Company 895,109036.96,941349.35,0.0215,316031.0,39458.28
Company 896,61075.25,253484.21,0.0869,158873.41,7518.81
Company 897,0.0,4174.26,0.1992,0.0,0.0
Company 898,4688.83,232531.81,0.0576,155092.0,11420.2
Company 899,529.96,4430.83,0.2103,452.53,28.99
Company 900,3130.0,69448.0,0.0327,48830.21,610.0
Company 901,25846.88,133349.69,0.0801,80069.0,800.95
Company 902,142592.0,2610098.0,0.0175,399833.0,116453.08
Company 903,0.0,584855.18,0.3308,750444.2,12175.51
Company 904,91.0,728.27,0.3226,1812.0,0.0
Company 905,5887.75,2241064.52,0.0352,89613.2,14657.67
Company 906,310163.07,628382.44,0.0997,231818.0,17446.14
Company 907,122.0,12063.0,0.1126,8682076.0,2869213.0
Company 908,1361.0,358265.0,0.1361,0.0,9398.0
Company 909,9212.0,936852.0,0.2834,678414.0,2386.0
Company 910,90868.55,459265.92,0.4729,1223147.74,15192.03
Company 911,16954.0,71880.0,0.25,81961.0,1117.0
Company 912,1530.0,14623.0,0.025,9125.0,621.0
Company 913,0.0,3402.62,0.2721,57700.4,11.18
Company 914,0.0,26171.0,0.0162,64230.0,58.52
Company 915,0.0,1360.44,0.2116,3722.18,0.0
Company 916,42985.0,307537.0,0.6407,1235522.62,3058.0
Company 917,35781.29,446427.11,0.0595,277748.68,8150.35
Company 918,672.8,15126324.78,0.0447,10181411.2,468920.0
Company 919,84232.0,3462897.0,0.0766,1568994.0,315457.0
Company 920,0.0,26088245.0,0.0135,2086269.46,3492.0
Company 921,0.0,0.0,0.1911,0.0,
Company 922,46142560.1,100112282.7,0.0773,226906.0,2232.0
Company 923,0.0,63698459.11,0.1088,95681.0,1553.94
Company 924,0.0,433180.13,0.0615,1058710.09,422398.22
Company 925,1865923.0,80484084.0,0.0902,101099.0,4137.99
Company 926,57392.03,125450.84,0.1848,432771.96,3739.13
Company 927,15563024.77,12397506089363.0,0.032,52494854.0,0.56
Company 928,49447522.0,729480744.0,0.0535,983915.3,23385.0
Company 929,5742.0,116551.0,0.0395,131303.0,2370.0
Company 930,296.5,4753.88,0.3439,7053.0,184.04
Company 931,80748.0,1481975.13,0.0963,422006.54,126116.54
Company 932,662.74,111628.73,0.246,113943.0,5724.04
Company 933,70651833013.0,232982120770.0,0.2473,192374.26,5376.0
Company 934,348322.0,2100034.0,0.1672,1736490.0,626747.0
Company 935,10922.0,26193.0,0.1845,40445.0,38.83
Company 936,0.0,28845.98,0.0989,9592.15,
Company 937,1285.0,267941.0,0.0896,21391.0,402.11
Company 938,15147.68,380397.0,0.0145,93451.68,9102.56
Company 939,9498.65,509033.37,0.0521,178070.0,28050.26
Company 940,0.0,2136.45,0.1302,4445.0,48.03
Company 941,0.0,1595.04,0.0675,465618.0,88420.0
Company 942,2.02,2343.6,0.057,15881.0,1204147.78
Company 943,326.99,12514.48,0.2673,26111.82,197.7
Company 944,0.0,1907.0,0.1479,347.0,32.0
Company 945,3846323.0,65706356.0,0.1193,102533.0,279.0
Company 946,23616.05,41373.84,0.0821,336198.0,
Company 947,23267.0,4962127.0,0.1509,2795303.0,339941.0
Company 948,1537495415.0,1940926732.0,0.3521,3488269.0,20494.8
Company 949,0.0,6672.39,0.198,17020.56,768.05
Company 950,0.0,43509.0,0.2845,57909.0,263.0
Company 951,67399610.0,348309241.7,0.0639,177172.75,2510.0
Company 952,0.0,5892.67,0.2225,30772.28,2.78
Company 953,2189.48,61883.48,0.0715,43516.0,2893.0
Company 954,0.0,6.06,0.1115,65195.0,0.47
Company 955,15393.0,127722.0,0.0365,126676.0,2021.0
Company 956,0.0,582.89,0.0778,85253.0,87666.92
Company 957,0.0,174328.97,0.1997,194734.8,2335.89
Company 958,11.0,791.0,0.3042,204591.0,3024.0
Company 959,1928561.0,480961057.0,0.0627,345627.0,357.13
Company 960,52.25,389.67,0.0484,182148.0,26046.0
Company 961,15064097.4,24872259.63,0.239,55632.5,501.95
Company 962,0.0,671410800.0,0.025,9962.0,0.0
Company 963,173.16,371761.58,0.0332,331248.7,11272.48
Company 964,0.0,57361979.55,0.0822,48000.0,3532.12
Company 965,0.0,25910.0,0.0795,33127.0,1788.0
Company 966,0.0,2160.89,0.225,62.63,0.1
Company 967,324.0,46292.19,0.3465,127247.21,46.81
Company 968,10430.61,44161.35,0.1557,104645.72,127.63
Company 969,0.0,59.86,0.0722,18238.0,440.77
Company 970,436.0,589035.0,0.2924,120171.0,17158.0
Company 971,1142.0,15334.0,0.1042,2579.0,345.0
Company 972,57006.08,910826.08,0.301,203267.17,11644.43
Company 973,69120.0,148066019.0,0.0169,114378.0,0.0
Company 974,0.0,20747.0,0.2467,92070.0,188.35
Company 975,0.0,72443225.0,0.1236,191000.0,
Company 976,36258.06,293765.2,0.1173,877849.0,9485.86
Company 977,0.0,3073.0,0.2775,4536.0,485.05
Company 978,18335.83,18352.39,0.0301,0.0,1.11
Company 979,0.0,0.0,0.4852,43580.0,
Company 980,0.0,969864.0,0.036,356137.0,13561.0
Company 981,0.0,11.15,0.1967,9378.0,932.87
Company 982,5471.77,20485.0,0.2788,4357526.3,2160.29
Company 983,338680.0,670661866.0,0.019,74005015.0,32965431.0
Company 984,99498.17,107972.03,0.1218,164840.4,2079.52
Company 985,90027.29,286593.35,0.0,74587.0,12646.0
Company 986,1471.0,235052.0,0.2321,157686.0,25988.0
Company 987,263103120.0,1082464136.4,0.0504,644992.0,0.0
Company 988,135466.0,709277.73,0.0204,179945.0,74800.3
Company 989,20559.0,68174.0,0.0171,171042.52,540.08
Company 990,36672.91,792079.39,0.074,334031.84,7232.78
Company 991,1689134.0,10596443.0,0.32,11335.62,57.4
Company 992,476709840.0,9697315453.61,0.219,4894.0,524.29
Company 993,136285.2,347525.8,0.0,75603.83,3306.49
Company 994,5023.0,11856.0,0.0865,0.0,477.0
Company 995,166208.0,1420663.0,0.2053,925264.0,47796.0
Company 996,0.0,24139.0,0.2086,0.0,160.0
Company 997,3450244572.0,3455847218.23,0.1917,0.0,
Company 998,6079450.0,31184111.6,0.1154,40126.0,1483.45
Company 999,162.06,428274.49,0.0493,155750.0,
Company 1000,0.0,42337629.0,0.0784,63681745.0,2912642.0
Company 1001,6202.31,601305.57,0.1077,302726.42,6871.17
Company 1002,1487.25,288014.29,0.0252,158025.0,9577.83
Company 1003,0.0,30353566.0,0.0145,1435377.0,2796666.0
Company 1004,11943467.28,1234140449.51,0.1,377302.16,91630.3
Company 1005,33543.0,314680.0,0.1109,901669.0,7422.0
Company 1006,0.0,13848056.46,0.0819,190382.5,1079307.0
Company 1007,0.0,15742.2,0.0658,0.0,374.82
Company 1008,1298957.32,9307250.4,0.0456,2226176.0,1879071.0
Company 1009,473.29,17738.71,0.038,158780.8,0.0
Company 1010,40110.97,4895195.21,0.0591,431675.0,73461.1
Company 1011,204.49,881.08,0.094,359149.0,57414.0
Company 1012,0.0,2711.14,0.3685,7319.16,14.83
Company 1013,14.0,90722.0,0.0202,28218.0,3722.0
Company 1014,0.0,192081.6,0.1855,0.0,0.0
Company 1015,1250.0,13540.0,0.1031,5537045.0,994348.0
Company 1016,723.55,111930.16,0.0955,599280.0,486.42
Company 1017,352937.0,10223973.0,0.0958,17461322.0,617113.0
Company 1018,,,0.1579,0.0,
Company 1019,112125855343.0,2347905675023.0,0.1063,2186250.0,171832.14
Company 1020,0.0,587736.7,0.0225,155075.0,44795.0
Company 1021,139908.0,2231032.0,0.0612,1014539.0,54378.0
Company 1022,20272.07,50540.17,0.2762,186139.17,246.58
Company 1023,0.0,3689272.8,0.316,96.55,1.33
Company 1024,0.0,36691.69,0.0826,488359.0,342.21
Company 1025,34579.4,4762892.63,0.1247,8445168.0,234928.79
Company 1026,0.0,307109.13,0.1014,153147.0,22137.59
Company 1027,7494.4,78790.91,0.0467,121722.23,1670.16
Company 1028,2486.0,50082.0,0.1781,144374.0,597.0
Company 1029,7400.39,2400518.87,0.0247,606466.34,23654.88
Company 1030,170.0,40238.0,0.1429,161634.0,357.0
Company 1031,5506.29,100261.57,0.0524,46090.1,2614.1
Company 1032,0.0,4896.36,0.2882,430.0,79.2
Company 1033,0.0,453.83,0.268,6998.4,0.0
Company 1034,0.0,5191350.0,0.0228,16065129.0,482348.0
Company 1035,809671.0,10050930.0,0.0976,9598083.0,422295.0
Company 1036,0.0,35985182.0,0.1625,334772.0,691756.0
Company 1037,0.0,525.39,0.3462,285.15,21.09
Company 1038,4964.0,17402.0,0.1449,27565.48,306.46
Company 1039,2807.52,4937.05,0.1906,9641.51,107.28
Company 1040,23092.0,80760.0,0.0761,47822.0,1455.71
Company 1041,3219.3,531587.2,0.2991,615180.6,9211.21
Company 1042,12000.0,79829.0,0.2224,136426.0,875.0
Company 1043,203345471.0,8208997959.0,0.0736,2314777.0,0.0
Company 1044,0.0,132148.75,0.1637,807.0,16.07
Company 1045,7364844.0,7364844.0,0.3334,0.0,
Company 1046,0.0,4609327.32,0.0099,932785.36,269597.02
Company 1047,13237.82,82024.75,0.0598,145868.31,1137.65
Company 1048,10798.15,1413838.67,0.0403,1706929.68,82256.49
Company 1049,0.0,100902.0,0.0,0.0,
Company 1050,3237178.0,36267857.0,0.08,9712.0,1764.0
Company 1051,3960.0,17221.0,0.024,43493.0,
Company 1052,4347.77,112289.73,0.0591,8339.87,4578.75
Company 1053,0.0,15277.19,0.0906,2664.0,0.0
Company 1054,3999.88,1096245.52,0.1121,1134998.46,17925.07
Company 1055,202.01,32626.58,0.117,123632.92,478.48
Company 1056,512172000.0,114569279403.0,0.0342,102130.0,0.0
Company 1057,545326.19,1660835.91,0.0201,24370499.5,72055.82
Company 1058,76487.74,320375.48,0.0632,81988.42,4705.42
Company 1059,397338.0,1568624.0,0.087,941500.0,6816.0
Company 1060,0.0,46632.14,0.0485,60290.0,1062.6
Company 1061,2003.94,160489.98,0.4231,197198.64,2111.39
Company 1062,0.0,890286.72,0.062,2944236.0,940056.0
Company 1063,16812.0,116862.0,0.0277,130242.0,2578.0
Company 1064,29174738.4,1818863222.0,0.0467,6409526.0,123499.0
Company 1065,1635.67,6715.14,0.4604,13578.59,289.01
Company 1066,77379.36,277381.53,0.0359,49026.61,5160.0
Company 1067,3316.15,1995558.94,0.0175,1374482.96,127395.46
Company 1068,31487.0,166921.0,0.1561,179931.0,2215.0
Company 1069,0.0,65073.0,0.0715,49261.65,1879.89
Company 1070,0.01,239.51,0.0471,22.0,21.49
Company 1071,810.0,32570.0,0.0925,76531.0,1610.0
Company 1072,17369.0,350491.8,0.0707,341269.0,6926.0
Company 1073,0.0,922232566.0,0.0063,490143.46,51927.91
Company 1074,0.0,34098.0,0.1546,524.0,0.0
Company 1075,57301.0,264418.0,0.0544,229857.0,14134.78
Company 1076,,,0.2566,0.0,
Company 1077,41175.0,68490.0,0.042,21830.0,2391.0
Company 1078,5916.0,1704588.0,0.051,9245028.0,103482.0
Company 1079,0.0,136.94,0.1819,362.51,0.0
Company 1080,9.47,406.41,0.0685,527798.42,11965.74
Company 1081,1742.48,15784849.07,0.0312,3149152.32,1393180.23
Company 1082,6029.0,325254.0,0.0814,45893.0,21995.0
Company 1083,518794137.0,2251388502.0,0.0398,220471.0,93195.0
Company 1084,,,0.3334,0.0,
Company 1085,112661.0,2542942.0,0.1292,1065418.0,105325.0
Company 1086,396.01,2807.4,0.0469,1883332.0,
Company 1087,17.05,173.38,0.0521,71750.39,2170.4
Company 1088,979407.6,6093848.19,0.0856,1897098.0,249437.1
Company 1089,111587.27,181983.92,0.1596,3.08,
Company 1090,0.0,28512.67,0.3302,78869.64,386.01
Company 1091,0.0,117730.0,0.3105,0.0,2669.0
Company 1092,37471826.0,127993304.0,0.0592,42645.0,2969.0
Company 1093,1.5,83.6,0.0121,26289.81,4317.36
Company 1094,188455.1,1347981.3,0.0678,897997.0,12664.34
Company 1095,38884.0,938158.0,0.2413,113254.74,33065.26
Company 1096,118751.68,272160.34,0.2162,652047.37,5051.56
Company 1097,38321.0,91205.0,0.1242,56503.0,1194.0
Company 1098,31874664.0,328737239.0,0.0453,146194.4,905.0
Company 1099,51846.53,88990.97,0.348,99873.0,96.98
Company 1100,0.0,26134.19,0.0702,25833.6,88.42
Company 1101,18445.31,2448908.15,0.0176,377346.4,200909.01
Company 1102,455659.2,94378859.76,0.183,74263.95,1050.68
Company 1103,1957.37,350214.71,0.371,261765.0,2860.94
Company 1104,879691.0,879691.0,0.1719,0.0,
Company 1105,4492.4,230732.58,0.018,156936.0,2439.09
Company 1106,0.0,405700.0,0.1364,290.0,
Company 1107,0.0,29511.6,0.1572,77509.0,226.4
Company 1108,1892220000.0,125480763880.0,0.0273,1010267.0,7037.4
Company 1109,0.0,1475.92,0.3131,3656.84,3.88
Company 1110,50118.57,1482906.85,0.0684,1249695.0,123179.23
Company 1111,0.0,122885.7,0.2344,274687.64,498.42
Company 1112,32994.0,670973.0,0.0818,11420715.0,9186.43
Company 1113,28850.0,400571.0,0.0353,239607.3,10703.92
Company 1114,1496.2,10318.38,0.2242,7519.86,125.14
Company 1115,28302.54,37813.63,0.0746,513644.55,63.78
Company 1116,0.0,70325.38,0.0765,161113.77,3309.34
Company 1117,406565.89,884307.57,0.0341,364830.29,39563.44
Company 1118,0.0,256918.93,0.0282,366802.68,14092.72
Company 1119,1364.04,3822.15,0.3402,6500.0,0.02
Company 1120,12040.0,112441.0,0.07,148915.0,1947.0
Company 1121,7373.89,124365.55,0.0157,52497.0,53.66
Company 1122,27244.81,3973646.81,0.0426,2547849.0,951269.8
Company 1123,1.0,577.48,0.0076,43375.0,36595.0
Company 1124,122691.0,966544.0,0.0365,630821.0,
Company 1125,6598095.59,602564791.69,0.0803,109183898.8,60258642.49
Company 1126,19111.0,518445.0,0.0358,98520.0,
Company 1127,0.0,838.05,0.2262,26885.0,3.62
Company 1128,19449.0,587209.0,0.1597,271934.0,17537.81
Company 1129,139546417.0,949156399.0,0.0869,317477.0,12118.0
Company 1130,0.0,10502.25,0.0708,37318.31,182.08
Company 1131,142139.08,2619528.39,0.0582,9252632.0,135975.14
Company 1132,0.0,15248831.0,0.0041,1143927.0,34890.0
Company 1133,2252.06,849687.85,0.0596,71197.11,31613.36
Company 1134,4911.0,132325.9,0.0264,36765.81,4495.0
Company 1135,11091.04,219486.19,0.0318,306975.79,9797.17
Company 1136,340729.2,2296936.8,0.0403,5247.0,72.76
Company 1137,0.0,21440.67,0.3999,47001.78,77.37
Company 1138,718187.0,8442413.0,0.0622,9687380.0,394392.21
Company 1139,1352.71,108718.13,0.1418,175627.81,993.0
Company 1140,7946.59,9833.61,0.3033,14350.0,0.21
Company 1141,108554.92,508867.53,0.0668,86853.6,3883.65
Company 1142,510.42,3799.51,0.1646,6594.96,39.39
Company 1143,5766.0,34844.0,0.0279,24370.0,1009.0
Company 1144,72210.72,618258.05,0.0964,328629.0,28494.95
Company 1145,323444.62,940692.97,0.2881,849928.34,12900.5
Company 1146,140.0,16398.94,0.102,22527.0,230.26
Company 1147,0.0,4223897.0,0.0222,1299698.39,90357.0
Company 1148,100319.0,1316083.0,0.0527,517048.0,84581.0
Company 1149,2784.96,84178.02,0.2199,35723.01,4108.54
Company 1150,0.0,1032012.0,0.051,232799.0,45401.0
Company 1151,2521.4,118485.36,0.112,111210.52,2474.21
Company 1152,68124.0,1750981.0,0.039,3206613.0,115805.0
Company 1153,29506.0,1440177.0,0.1996,137266.0,48316.0
Company 1154,0.0,1757.06,0.3218,12732.84,0.94
Company 1155,93238984.0,186477968.0,0.017,1465592.0,
Company 1156,2049.96,2734200.25,0.0186,1106339.0,137340.32
Company 1157,2001.0,433699.0,0.0727,246655.0,35515.0
Company 1158,2720.0,386847.0,0.2789,174723.0,6038.8
Company 1159,851.2,92095.53,0.4619,113833.35,262.06
Company 1160,334.28,1793.52,0.2768,42502.0,0.0
Company 1161,0.0,7260.9,0.2835,90006.43,195.19
Company 1162,1974.3,9409.23,0.0205,0.0,
Company 1163,,,0.1354,0.0,
Company 1164,6696.0,68519835.0,0.0932,15387629.0,4.86
Company 1165,15785.87,192316.49,0.0266,118446.0,11166.55
Company 1166,9581966.0,390511132.0,0.0362,607435.0,1214.0
Company 1167,0.0,468.8,0.2932,5048.0,13.6
Company 1168,272744.0,561617.71,0.0608,216599.0,7632.71
Company 1169,0.0,848.0,0.2127,20396.25,228.8
Company 1170,16018574.0,18406277.0,0.1679,24961.0,269.0
Company 1171,7224753600000.0,7574918400000.0,0.1262,432510.0,
Company 1172,4861.0,123410.0,0.0939,192057.0,1794.0
Company 1173,4572.0,118083.51,0.0998,148500.0,1644.04
Company 1174,0.0,2929.24,0.0583,19111.0,109.0
Company 1175,615650.36,2625230.34,0.0203,12657101.0,901757.28
Company 1176,0.0,162218167.56,0.1135,190809.8,19912.0
Company 1177,218.97,5916.91,0.0548,32449.1,12.25
Company 1178,132.93,473.67,0.0112,270050.0,10399.9
Company 1179,40.68,3672239.39,0.0203,585898.52,306470.07
Company 1180,636639.0,887193.0,0.3945,2125432.0,11483.0
Company 1181,556.0,320346.0,0.107,117305900.0,21240000.0
Company 1182,0.0,118340041604.92,0.287,48865.0,13.32
Company 1183,0.0,23137.8,0.1764,27464.22,6.97
Company 1184,0.0,54137138.98,0.1429,447314.0,1471.75
Company 1185,0.0,66487943.66,0.197,865.3,227.93
Company 1186,0.0,2548026.0,0.0053,30091.0,532215.0
Company 1187,3713.0,87277.58,0.0956,43815.8,1814.0
Company 1188,72807.16,5576456.78,0.0144,3683124.0,1553940.0
Company 1189,13196.34,135940.18,0.1045,203967.4,2720.37
